dataset,fold,scenario,time_step,previous_state,pattern,mapped_to,status,levenshtein_distance,transition,transition_probability,path_probability,probability_threshold,anomaly_score,y_true,y_pred,decision,confidence_score
SKAB,1,normal,1,cccc,cccc,cccc,seen,0,cccc->cccc,0.9196261682242991,0.9196261682242991,0.14814814814814814,0.0803738317757009,0,0,normal,0.9196261682242991
SKAB,1,normal,2,cccc,cccc,cccc,seen,0,cccc->cccc,0.9196261682242991,0.9196261682242991,0.14814814814814814,0.0803738317757009,0,0,normal,0.9196261682242991
SKAB,1,normal,3,cccc,cccc,cccc,seen,0,cccc->cccc,0.9196261682242991,0.9196261682242991,0.14814814814814814,0.0803738317757009,0,0,normal,0.9196261682242991
SKAB,1,normal,4,cccc,cccc,cccc,seen,0,cccc->cccc,0.9196261682242991,0.9196261682242991,0.14814814814814814,0.0803738317757009,0,0,normal,0.9196261682242991
SKAB,1,normal,5,cccc,cccc,cccc,seen,0,cccc->cccc,0.9196261682242991,0.9196261682242991,0.14814814814814814,0.0803738317757009,0,0,normal,0.9196261682242991
SKAB,1,normal,6,cccc,cccc,cccc,seen,0,cccc->cccc,0.9196261682242991,0.9196261682242991,0.14814814814814814,0.0803738317757009,0,0,normal,0.9196261682242991
SKAB,1,normal,7,cccc,cccc,cccc,seen,0,cccc->cccc,0.9196261682242991,0.9196261682242991,0.14814814814814814,0.0803738317757009,0,0,normal,0.9196261682242991
SKAB,1,normal,8,cccc,cccc,cccc,seen,0,cccc->cccc,0.9196261682242991,0.9196261682242991,0.14814814814814814,0.0803738317757009,0,0,normal,0.9196261682242991
SKAB,1,normal,9,cccc,cccc,cccc,seen,0,cccc->cccc,0.9196261682242991,0.9196261682242991,0.14814814814814814,0.0803738317757009,0,0,normal,0.9196261682242991
SKAB,1,normal,10,cccc,cccc,cccc,seen,0,cccc->cccc,0.9196261682242991,0.9196261682242991,0.14814814814814814,0.0803738317757009,0,0,normal,0.9196261682242991
SKAB,1,normal,11,cccc,cccc,cccc,seen,0,cccc->cccc,0.9196261682242991,0.9196261682242991,0.14814814814814814,0.0803738317757009,0,0,normal,0.9196261682242991
SKAB,1,normal,12,cccc,cccc,cccc,seen,0,cccc->cccc,0.9196261682242991,0.9196261682242991,0.14814814814814814,0.0803738317757009,0,0,normal,0.9196261682242991
SKAB,1,normal,13,cccc,cccc,cccc,seen,0,cccc->cccc,0.9196261682242991,0.9196261682242991,0.14814814814814814,0.0803738317757009,0,0,normal,0.9196261682242991
SKAB,1,normal,14,cccc,cccc,cccc,seen,0,cccc->cccc,0.9196261682242991,0.9196261682242991,0.14814814814814814,0.0803738317757009,0,0,normal,0.9196261682242991
SKAB,1,normal,15,cccc,cccc,cccc,seen,0,cccc->cccc,0.9196261682242991,0.9196261682242991,0.14814814814814814,0.0803738317757009,0,0,normal,0.9196261682242991
SKAB,1,normal,16,cccc,cccc,cccc,seen,0,cccc->cccc,0.9196261682242991,0.9196261682242991,0.14814814814814814,0.0803738317757009,0,0,normal,0.9196261682242991
SKAB,1,normal,17,cccc,cccc,cccc,seen,0,cccc->cccc,0.9196261682242991,0.9196261682242991,0.14814814814814814,0.0803738317757009,0,0,normal,0.9196261682242991
SKAB,1,normal,18,cccc,cccc,cccc,seen,0,cccc->cccc,0.9196261682242991,0.9196261682242991,0.14814814814814814,0.0803738317757009,0,0,normal,0.9196261682242991
SKAB,1,normal,19,cccc,cccc,cccc,seen,0,cccc->cccc,0.9196261682242991,0.9196261682242991,0.14814814814814814,0.0803738317757009,0,0,normal,0.9196261682242991
SKAB,1,normal,20,cccc,cccc,cccc,seen,0,cccc->cccc,0.9196261682242991,0.9196261682242991,0.14814814814814814,0.0803738317757009,0,0,normal,0.9196261682242991
SKAB,1,normal,21,cccc,cccc,cccc,seen,0,cccc->cccc,0.9196261682242991,0.9196261682242991,0.14814814814814814,0.0803738317757009,0,0,normal,0.9196261682242991
SKAB,1,normal,22,cccc,cccc,cccc,seen,0,cccc->cccc,0.9196261682242991,0.9196261682242991,0.14814814814814814,0.0803738317757009,0,0,normal,0.9196261682242991
SKAB,1,normal,23,cccc,cccc,cccc,seen,0,cccc->cccc,0.9196261682242991,0.9196261682242991,0.14814814814814814,0.0803738317757009,0,0,normal,0.9196261682242991
SKAB,1,normal,24,cccc,cccc,cccc,seen,0,cccc->cccc,0.9196261682242991,0.9196261682242991,0.14814814814814814,0.0803738317757009,0,0,normal,0.9196261682242991
SKAB,1,normal,25,cccc,cccc,cccc,seen,0,cccc->cccc,0.9196261682242991,0.9196261682242991,0.14814814814814814,0.0803738317757009,0,0,normal,0.9196261682242991
SKAB,1,normal,26,cccc,cccc,cccc,seen,0,cccc->cccc,0.9196261682242991,0.9196261682242991,0.14814814814814814,0.0803738317757009,0,0,normal,0.9196261682242991
SKAB,1,normal,27,cccc,cccc,cccc,seen,0,cccc->cccc,0.9196261682242991,0.9196261682242991,0.14814814814814814,0.0803738317757009,0,0,normal,0.9196261682242991
SKAB,1,normal,28,cccc,cccc,cccc,seen,0,cccc->cccc,0.9196261682242991,0.9196261682242991,0.14814814814814814,0.0803738317757009,0,0,normal,0.9196261682242991
SKAB,1,normal,29,cccc,cccc,cccc,seen,0,cccc->cccc,0.9196261682242991,0.9196261682242991,0.14814814814814814,0.0803738317757009,0,0,normal,0.9196261682242991
SKAB,1,normal,30,cccc,cccc,cccc,seen,0,cccc->cccc,0.9196261682242991,0.9196261682242991,0.14814814814814814,0.0803738317757009,0,0,normal,0.9196261682242991
SKAB,1,normal,31,cccc,cccc,cccc,seen,0,cccc->cccc,0.9196261682242991,0.9196261682242991,0.14814814814814814,0.0803738317757009,0,0,normal,0.9196261682242991
SKAB,1,normal,32,cccc,cccc,cccc,seen,0,cccc->cccc,0.9196261682242991,0.9196261682242991,0.14814814814814814,0.0803738317757009,0,0,normal,0.9196261682242991
SKAB,1,normal,33,cccc,cccc,cccc,seen,0,cccc->cccc,0.9196261682242991,0.9196261682242991,0.14814814814814814,0.0803738317757009,0,0,normal,0.9196261682242991
SKAB,1,normal,34,cccc,cccc,cccc,seen,0,cccc->cccc,0.9196261682242991,0.9196261682242991,0.14814814814814814,0.0803738317757009,0,0,normal,0.9196261682242991
SKAB,1,normal,35,cccc,cccc,cccc,seen,0,cccc->cccc,0.9196261682242991,0.9196261682242991,0.14814814814814814,0.0803738317757009,0,0,normal,0.9196261682242991
SKAB,1,normal,36,cccc,cccc,cccc,seen,0,cccc->cccc,0.9196261682242991,0.9196261682242991,0.14814814814814814,0.0803738317757009,0,0,normal,0.9196261682242991
SKAB,1,normal,37,cccc,cccc,cccc,seen,0,cccc->cccc,0.9196261682242991,0.9196261682242991,0.14814814814814814,0.0803738317757009,0,0,normal,0.9196261682242991
SKAB,1,normal,38,cccc,cccc,cccc,seen,0,cccc->cccc,0.9196261682242991,0.9196261682242991,0.14814814814814814,0.0803738317757009,0,0,normal,0.9196261682242991
SKAB,1,normal,39,cccc,cccc,cccc,seen,0,cccc->cccc,0.9196261682242991,0.9196261682242991,0.14814814814814814,0.0803738317757009,0,0,normal,0.9196261682242991
SKAB,1,normal,40,cccc,cccc,cccc,seen,0,cccc->cccc,0.9196261682242991,0.9196261682242991,0.14814814814814814,0.0803738317757009,0,0,normal,0.9196261682242991
SKAB,1,normal,41,cccc,cccc,cccc,seen,0,cccc->cccc,0.9196261682242991,0.9196261682242991,0.14814814814814814,0.0803738317757009,0,0,normal,0.9196261682242991
SKAB,1,normal,42,cccc,cccc,cccc,seen,0,cccc->cccc,0.9196261682242991,0.9196261682242991,0.14814814814814814,0.0803738317757009,0,0,normal,0.9196261682242991
SKAB,1,normal,43,cccc,cccc,cccc,seen,0,cccc->cccc,0.9196261682242991,0.9196261682242991,0.14814814814814814,0.0803738317757009,0,0,normal,0.9196261682242991
SKAB,1,normal,44,cccc,cccc,cccc,seen,0,cccc->cccc,0.9196261682242991,0.9196261682242991,0.14814814814814814,0.0803738317757009,0,0,normal,0.9196261682242991
SKAB,1,normal,45,cccc,cccc,cccc,seen,0,cccc->cccc,0.9196261682242991,0.9196261682242991,0.14814814814814814,0.0803738317757009,0,0,normal,0.9196261682242991
SKAB,1,normal,46,cccc,cccc,cccc,seen,0,cccc->cccc,0.9196261682242991,0.9196261682242991,0.14814814814814814,0.0803738317757009,0,0,normal,0.9196261682242991
SKAB,1,normal,47,cccc,cccc,cccc,seen,0,cccc->cccc,0.9196261682242991,0.9196261682242991,0.14814814814814814,0.0803738317757009,0,0,normal,0.9196261682242991
SKAB,1,normal,48,cccc,cccc,cccc,seen,0,cccc->cccc,0.9196261682242991,0.9196261682242991,0.14814814814814814,0.0803738317757009,0,0,normal,0.9196261682242991
SKAB,1,normal,49,cccc,cccc,cccc,seen,0,cccc->cccc,0.9196261682242991,0.9196261682242991,0.14814814814814814,0.0803738317757009,0,0,normal,0.9196261682242991
SKAB,1,normal,50,cccc,cccc,cccc,seen,0,cccc->cccc,0.9196261682242991,0.9196261682242991,0.14814814814814814,0.0803738317757009,0,0,normal,0.9196261682242991
SKAB,1,normal,51,cccc,cccc,cccc,seen,0,cccc->cccc,0.9196261682242991,0.9196261682242991,0.14814814814814814,0.0803738317757009,0,0,normal,0.9196261682242991
SKAB,1,normal,52,cccc,cccc,cccc,seen,0,cccc->cccc,0.9196261682242991,0.9196261682242991,0.14814814814814814,0.0803738317757009,0,0,normal,0.9196261682242991
SKAB,1,normal,53,cccc,cccc,cccc,seen,0,cccc->cccc,0.9196261682242991,0.9196261682242991,0.14814814814814814,0.0803738317757009,0,0,normal,0.9196261682242991
SKAB,1,normal,54,cccc,cccc,cccc,seen,0,cccc->cccc,0.9196261682242991,0.9196261682242991,0.14814814814814814,0.0803738317757009,1,0,normal,0.9196261682242991
SKAB,1,normal,55,cccc,cccc,cccc,seen,0,cccc->cccc,0.9196261682242991,0.9196261682242991,0.14814814814814814,0.0803738317757009,1,0,normal,0.9196261682242991
SKAB,1,normal,56,cccc,cccc,cccc,seen,0,cccc->cccc,0.9196261682242991,0.9196261682242991,0.14814814814814814,0.0803738317757009,1,0,normal,0.9196261682242991
SKAB,1,normal,57,cccc,cccc,cccc,seen,0,cccc->cccc,0.9196261682242991,0.9196261682242991,0.14814814814814814,0.0803738317757009,1,0,normal,0.9196261682242991
SKAB,1,normal,58,cccc,cccc,cccc,seen,0,cccc->cccc,0.9196261682242991,0.9196261682242991,0.14814814814814814,0.0803738317757009,1,0,normal,0.9196261682242991
SKAB,1,normal,59,cccc,cccc,cccc,seen,0,cccc->cccc,0.9196261682242991,0.9196261682242991,0.14814814814814814,0.0803738317757009,1,0,normal,0.9196261682242991
SKAB,1,normal,60,cccc,cccc,cccc,seen,0,cccc->cccc,0.9196261682242991,0.9196261682242991,0.14814814814814814,0.0803738317757009,1,0,normal,0.9196261682242991
SKAB,1,normal,61,cccc,cccc,cccc,seen,0,cccc->cccc,0.9196261682242991,0.9196261682242991,0.14814814814814814,0.0803738317757009,1,0,normal,0.9196261682242991
SKAB,1,normal,62,cccc,cccc,cccc,seen,0,cccc->cccc,0.9196261682242991,0.9196261682242991,0.14814814814814814,0.0803738317757009,1,0,normal,0.9196261682242991
SKAB,1,normal,63,cccc,cccc,cccc,seen,0,cccc->cccc,0.9196261682242991,0.9196261682242991,0.14814814814814814,0.0803738317757009,1,0,normal,0.9196261682242991
SKAB,1,normal,64,cccc,cccc,cccc,seen,0,cccc->cccc,0.9196261682242991,0.9196261682242991,0.14814814814814814,0.0803738317757009,1,0,normal,0.9196261682242991
SKAB,1,normal,65,cccc,cccc,cccc,seen,0,cccc->cccc,0.9196261682242991,0.9196261682242991,0.14814814814814814,0.0803738317757009,1,0,normal,0.9196261682242991
SKAB,1,normal,66,cccc,cccc,cccc,seen,0,cccc->cccc,0.9196261682242991,0.9196261682242991,0.14814814814814814,0.0803738317757009,1,0,normal,0.9196261682242991
SKAB,1,normal,67,cccc,cccc,cccc,seen,0,cccc->cccc,0.9196261682242991,0.9196261682242991,0.14814814814814814,0.0803738317757009,1,0,normal,0.9196261682242991
SKAB,1,normal,68,cccc,cccc,cccc,seen,0,cccc->cccc,0.9196261682242991,0.9196261682242991,0.14814814814814814,0.0803738317757009,1,0,normal,0.9196261682242991
SKAB,1,normal,69,cccc,cccc,cccc,seen,0,cccc->cccc,0.9196261682242991,0.9196261682242991,0.14814814814814814,0.0803738317757009,1,0,normal,0.9196261682242991
SKAB,1,normal,70,cccc,cccc,cccc,seen,0,cccc->cccc,0.9196261682242991,0.9196261682242991,0.14814814814814814,0.0803738317757009,1,0,normal,0.9196261682242991
SKAB,1,normal,71,cccc,cccc,cccc,seen,0,cccc->cccc,0.9196261682242991,0.9196261682242991,0.14814814814814814,0.0803738317757009,1,0,normal,0.9196261682242991
SKAB,1,normal,72,cccc,cccc,cccc,seen,0,cccc->cccc,0.9196261682242991,0.9196261682242991,0.14814814814814814,0.0803738317757009,1,0,normal,0.9196261682242991
SKAB,1,normal,73,cccc,cccc,cccc,seen,0,cccc->cccc,0.9196261682242991,0.9196261682242991,0.14814814814814814,0.0803738317757009,1,0,normal,0.9196261682242991
SKAB,1,normal,74,cccc,cccc,cccc,seen,0,cccc->cccc,0.9196261682242991,0.9196261682242991,0.14814814814814814,0.0803738317757009,1,0,normal,0.9196261682242991
SKAB,1,normal,75,cccc,cccc,cccc,seen,0,cccc->cccc,0.9196261682242991,0.9196261682242991,0.14814814814814814,0.0803738317757009,1,0,normal,0.9196261682242991
SKAB,1,normal,76,cccc,cccc,cccc,seen,0,cccc->cccc,0.9196261682242991,0.9196261682242991,0.14814814814814814,0.0803738317757009,1,0,normal,0.9196261682242991
SKAB,1,normal,77,cccc,cccc,cccc,seen,0,cccc->cccc,0.9196261682242991,0.9196261682242991,0.14814814814814814,0.0803738317757009,1,0,normal,0.9196261682242991
SKAB,1,normal,78,cccc,cccc,cccc,seen,0,cccc->cccc,0.9196261682242991,0.9196261682242991,0.14814814814814814,0.0803738317757009,1,0,normal,0.9196261682242991
SKAB,1,normal,79,cccc,cccc,cccc,seen,0,cccc->cccc,0.9196261682242991,0.9196261682242991,0.14814814814814814,0.0803738317757009,1,0,normal,0.9196261682242991
SKAB,1,normal,80,cccc,cccc,cccc,seen,0,cccc->cccc,0.9196261682242991,0.9196261682242991,0.14814814814814814,0.0803738317757009,1,0,normal,0.9196261682242991
SKAB,1,normal,81,cccc,cccc,cccc,seen,0,cccc->cccc,0.9196261682242991,0.9196261682242991,0.14814814814814814,0.0803738317757009,1,0,normal,0.9196261682242991
SKAB,1,normal,82,cccc,cccc,cccc,seen,0,cccc->cccc,0.9196261682242991,0.9196261682242991,0.14814814814814814,0.0803738317757009,1,0,normal,0.9196261682242991
SKAB,1,normal,83,cccc,cccc,cccc,seen,0,cccc->cccc,0.9196261682242991,0.9196261682242991,0.14814814814814814,0.0803738317757009,1,0,normal,0.9196261682242991
SKAB,1,normal,84,cccc,cccc,cccc,seen,0,cccc->cccc,0.9196261682242991,0.9196261682242991,0.14814814814814814,0.0803738317757009,1,0,normal,0.9196261682242991
SKAB,1,normal,85,cccc,cccc,cccc,seen,0,cccc->cccc,0.9196261682242991,0.9196261682242991,0.14814814814814814,0.0803738317757009,1,0,normal,0.9196261682242991
SKAB,1,normal,86,cccc,cccc,cccc,seen,0,cccc->cccc,0.9196261682242991,0.9196261682242991,0.14814814814814814,0.0803738317757009,1,0,normal,0.9196261682242991
SKAB,1,normal,87,cccc,cccc,cccc,seen,0,cccc->cccc,0.9196261682242991,0.9196261682242991,0.14814814814814814,0.0803738317757009,1,0,normal,0.9196261682242991
SKAB,1,normal,88,cccc,cccc,cccc,seen,0,cccc->cccc,0.9196261682242991,0.9196261682242991,0.14814814814814814,0.0803738317757009,1,0,normal,0.9196261682242991
SKAB,1,normal,89,cccc,cccc,cccc,seen,0,cccc->cccc,0.9196261682242991,0.9196261682242991,0.14814814814814814,0.0803738317757009,1,0,normal,0.9196261682242991
SKAB,1,normal,90,cccc,cccc,cccc,seen,0,cccc->cccc,0.9196261682242991,0.9196261682242991,0.14814814814814814,0.0803738317757009,1,0,normal,0.9196261682242991
SKAB,1,normal,91,cccc,cccc,cccc,seen,0,cccc->cccc,0.9196261682242991,0.9196261682242991,0.14814814814814814,0.0803738317757009,1,0,normal,0.9196261682242991
SKAB,1,normal,92,cccc,cccc,cccc,seen,0,cccc->cccc,0.9196261682242991,0.9196261682242991,0.14814814814814814,0.0803738317757009,1,0,normal,0.9196261682242991
SKAB,1,normal,93,cccc,cccc,cccc,seen,0,cccc->cccc,0.9196261682242991,0.9196261682242991,0.14814814814814814,0.0803738317757009,0,0,normal,0.9196261682242991
SKAB,1,normal,94,cccc,cccc,cccc,seen,0,cccc->cccc,0.9196261682242991,0.9196261682242991,0.14814814814814814,0.0803738317757009,0,0,normal,0.9196261682242991
SKAB,1,normal,95,cccc,cccc,cccc,seen,0,cccc->cccc,0.9196261682242991,0.9196261682242991,0.14814814814814814,0.0803738317757009,0,0,normal,0.9196261682242991
SKAB,1,normal,96,cccc,cccc,cccc,seen,0,cccc->cccc,0.9196261682242991,0.9196261682242991,0.14814814814814814,0.0803738317757009,0,0,normal,0.9196261682242991
SKAB,1,normal,97,cccc,cccc,cccc,seen,0,cccc->cccc,0.9196261682242991,0.9196261682242991,0.14814814814814814,0.0803738317757009,0,0,normal,0.9196261682242991
SKAB,1,normal,98,cccc,cccc,cccc,seen,0,cccc->cccc,0.9196261682242991,0.9196261682242991,0.14814814814814814,0.0803738317757009,0,0,normal,0.9196261682242991
SKAB,1,normal,99,cccc,cccc,cccc,seen,0,cccc->cccc,0.9196261682242991,0.9196261682242991,0.14814814814814814,0.0803738317757009,0,0,normal,0.9196261682242991
SKAB,1,normal,100,cccc,cccc,cccc,seen,0,cccc->cccc,0.9196261682242991,0.9196261682242991,0.14814814814814814,0.0803738317757009,0,0,normal,0.9196261682242991
SKAB,1,normal,101,cccc,cccc,cccc,seen,0,cccc->cccc,0.9196261682242991,0.9196261682242991,0.14814814814814814,0.0803738317757009,0,0,normal,0.9196261682242991
SKAB,1,normal,102,cccc,cccc,cccc,seen,0,cccc->cccc,0.9196261682242991,0.9196261682242991,0.14814814814814814,0.0803738317757009,0,0,normal,0.9196261682242991
SKAB,1,normal,103,cccc,cccc,cccc,seen,0,cccc->cccc,0.9196261682242991,0.9196261682242991,0.14814814814814814,0.0803738317757009,0,0,normal,0.9196261682242991
SKAB,1,normal,104,cccc,cccc,cccc,seen,0,cccc->cccc,0.9196261682242991,0.9196261682242991,0.14814814814814814,0.0803738317757009,0,0,normal,0.9196261682242991
SKAB,1,normal,105,cccc,cccc,cccc,seen,0,cccc->cccc,0.9196261682242991,0.9196261682242991,0.14814814814814814,0.0803738317757009,0,0,normal,0.9196261682242991
SKAB,1,normal,106,cccc,cccc,cccc,seen,0,cccc->cccc,0.9196261682242991,0.9196261682242991,0.14814814814814814,0.0803738317757009,0,0,normal,0.9196261682242991
SKAB,1,normal,107,cccc,cccc,cccc,seen,0,cccc->cccc,0.9196261682242991,0.9196261682242991,0.14814814814814814,0.0803738317757009,0,0,normal,0.9196261682242991
SKAB,1,normal,108,cccc,cccc,cccc,seen,0,cccc->cccc,0.9196261682242991,0.9196261682242991,0.14814814814814814,0.0803738317757009,0,0,normal,0.9196261682242991
SKAB,1,normal,109,cccc,cccc,cccc,seen,0,cccc->cccc,0.9196261682242991,0.9196261682242991,0.14814814814814814,0.0803738317757009,0,0,normal,0.9196261682242991
SKAB,1,normal,110,cccc,cccc,cccc,seen,0,cccc->cccc,0.9196261682242991,0.9196261682242991,0.14814814814814814,0.0803738317757009,0,0,normal,0.9196261682242991
SKAB,1,normal,111,cccc,cccc,cccc,seen,0,cccc->cccc,0.9196261682242991,0.9196261682242991,0.14814814814814814,0.0803738317757009,0,0,normal,0.9196261682242991
SKAB,1,normal,112,cccc,cccc,cccc,seen,0,cccc->cccc,0.9196261682242991,0.9196261682242991,0.14814814814814814,0.0803738317757009,0,0,normal,0.9196261682242991
SKAB,1,normal,113,cccc,cccc,cccc,seen,0,cccc->cccc,0.9196261682242991,0.9196261682242991,0.14814814814814814,0.0803738317757009,0,0,normal,0.9196261682242991
SKAB,1,normal,114,cccc,cccc,cccc,seen,0,cccc->cccc,0.9196261682242991,0.9196261682242991,0.14814814814814814,0.0803738317757009,0,0,normal,0.9196261682242991
SKAB,1,normal,115,cccc,cccc,cccc,seen,0,cccc->cccc,0.9196261682242991,0.9196261682242991,0.14814814814814814,0.0803738317757009,0,0,normal,0.9196261682242991
SKAB,1,normal,116,cccc,cccc,cccc,seen,0,cccc->cccc,0.9196261682242991,0.9196261682242991,0.14814814814814814,0.0803738317757009,0,0,normal,0.9196261682242991
SKAB,1,normal,117,cccc,cccc,cccc,seen,0,cccc->cccc,0.9196261682242991,0.9196261682242991,0.14814814814814814,0.0803738317757009,0,0,normal,0.9196261682242991
SKAB,1,normal,118,cccc,cccc,cccc,seen,0,cccc->cccc,0.9196261682242991,0.9196261682242991,0.14814814814814814,0.0803738317757009,0,0,normal,0.9196261682242991
SKAB,1,normal,119,cccc,cccc,cccc,seen,0,cccc->cccc,0.9196261682242991,0.9196261682242991,0.14814814814814814,0.0803738317757009,0,0,normal,0.9196261682242991
SKAB,1,normal,120,cccc,cccc,cccc,seen,0,cccc->cccc,0.9196261682242991,0.9196261682242991,0.14814814814814814,0.0803738317757009,0,0,normal,0.9196261682242991
SKAB,1,normal,121,cccc,cccc,cccc,seen,0,cccc->cccc,0.9196261682242991,0.9196261682242991,0.14814814814814814,0.0803738317757009,0,0,normal,0.9196261682242991
SKAB,1,normal,122,cccc,cccc,cccc,seen,0,cccc->cccc,0.9196261682242991,0.9196261682242991,0.14814814814814814,0.0803738317757009,0,0,normal,0.9196261682242991
SKAB,1,normal,123,cccc,cccc,cccc,seen,0,cccc->cccc,0.9196261682242991,0.9196261682242991,0.14814814814814814,0.0803738317757009,0,0,normal,0.9196261682242991
SKAB,1,normal,124,cccc,cccc,cccc,seen,0,cccc->cccc,0.9196261682242991,0.9196261682242991,0.14814814814814814,0.0803738317757009,0,0,normal,0.9196261682242991
SKAB,1,normal,125,cccc,cccc,cccc,seen,0,cccc->cccc,0.9196261682242991,0.9196261682242991,0.14814814814814814,0.0803738317757009,0,0,normal,0.9196261682242991
SKAB,1,normal,126,cccc,cccc,cccc,seen,0,cccc->cccc,0.9196261682242991,0.9196261682242991,0.14814814814814814,0.0803738317757009,0,0,normal,0.9196261682242991
SKAB,1,normal,127,cccc,cccc,cccc,seen,0,cccc->cccc,0.9196261682242991,0.9196261682242991,0.14814814814814814,0.0803738317757009,0,0,normal,0.9196261682242991
SKAB,1,normal,128,cccc,cccc,cccc,seen,0,cccc->cccc,0.9196261682242991,0.9196261682242991,0.14814814814814814,0.0803738317757009,0,0,normal,0.9196261682242991
SKAB,1,normal,129,cccc,cccc,cccc,seen,0,cccc->cccc,0.9196261682242991,0.9196261682242991,0.14814814814814814,0.0803738317757009,0,0,normal,0.9196261682242991
SKAB,1,normal,130,cccc,cccc,cccc,seen,0,cccc->cccc,0.9196261682242991,0.9196261682242991,0.14814814814814814,0.0803738317757009,0,0,normal,0.9196261682242991
SKAB,1,normal,131,cccc,cccc,cccc,seen,0,cccc->cccc,0.9196261682242991,0.9196261682242991,0.14814814814814814,0.0803738317757009,0,0,normal,0.9196261682242991
SKAB,1,normal,132,cccc,cccc,cccc,seen,0,cccc->cccc,0.9196261682242991,0.9196261682242991,0.14814814814814814,0.0803738317757009,0,0,normal,0.9196261682242991
SKAB,1,normal,133,cccc,cccc,cccc,seen,0,cccc->cccc,0.9196261682242991,0.9196261682242991,0.14814814814814814,0.0803738317757009,0,0,normal,0.9196261682242991
SKAB,1,normal,134,cccc,cccc,cccc,seen,0,cccc->cccc,0.9196261682242991,0.9196261682242991,0.14814814814814814,0.0803738317757009,0,0,normal,0.9196261682242991
SKAB,1,normal,135,cccc,cccc,cccc,seen,0,cccc->cccc,0.9196261682242991,0.9196261682242991,0.14814814814814814,0.0803738317757009,0,0,normal,0.9196261682242991
SKAB,1,normal,136,cccc,cccc,cccc,seen,0,cccc->cccc,0.9196261682242991,0.9196261682242991,0.14814814814814814,0.0803738317757009,0,0,normal,0.9196261682242991
SKAB,1,normal,137,cccc,cccc,cccc,seen,0,cccc->cccc,0.9196261682242991,0.9196261682242991,0.14814814814814814,0.0803738317757009,0,0,normal,0.9196261682242991
SKAB,1,normal,138,cccc,cccc,cccc,seen,0,cccc->cccc,0.9196261682242991,0.9196261682242991,0.14814814814814814,0.0803738317757009,0,0,normal,0.9196261682242991
SKAB,1,normal,139,cccc,cccc,cccc,seen,0,cccc->cccc,0.9196261682242991,0.9196261682242991,0.14814814814814814,0.0803738317757009,0,0,normal,0.9196261682242991
SKAB,1,normal,140,cccc,cccc,cccc,seen,0,cccc->cccc,0.9196261682242991,0.9196261682242991,0.14814814814814814,0.0803738317757009,0,0,normal,0.9196261682242991
SKAB,1,normal,141,cccc,cccc,cccc,seen,0,cccc->cccc,0.9196261682242991,0.9196261682242991,0.14814814814814814,0.0803738317757009,0,0,normal,0.9196261682242991
SKAB,1,normal,142,cccc,cccc,cccc,seen,0,cccc->cccc,0.9196261682242991,0.9196261682242991,0.14814814814814814,0.0803738317757009,0,0,normal,0.9196261682242991
SKAB,1,normal,143,cccc,cccc,cccc,seen,0,cccc->cccc,0.9196261682242991,0.9196261682242991,0.14814814814814814,0.0803738317757009,0,0,normal,0.9196261682242991
SKAB,1,normal,144,cccc,cccc,cccc,seen,0,cccc->cccc,0.9196261682242991,0.9196261682242991,0.14814814814814814,0.0803738317757009,0,0,normal,0.9196261682242991
SKAB,1,normal,145,cccc,cccc,cccc,seen,0,cccc->cccc,0.9196261682242991,0.9196261682242991,0.14814814814814814,0.0803738317757009,0,0,normal,0.9196261682242991
SKAB,1,normal,146,cccc,cccc,cccc,seen,0,cccc->cccc,0.9196261682242991,0.9196261682242991,0.14814814814814814,0.0803738317757009,0,0,normal,0.9196261682242991
SKAB,1,normal,147,cccc,cccc,cccc,seen,0,cccc->cccc,0.9196261682242991,0.9196261682242991,0.14814814814814814,0.0803738317757009,0,0,normal,0.9196261682242991
SKAB,1,normal,148,cccc,cccc,cccc,seen,0,cccc->cccc,0.9196261682242991,0.9196261682242991,0.14814814814814814,0.0803738317757009,0,0,normal,0.9196261682242991
SKAB,1,normal,149,cccc,cccc,cccc,seen,0,cccc->cccc,0.9196261682242991,0.9196261682242991,0.14814814814814814,0.0803738317757009,0,0,normal,0.9196261682242991
SKAB,1,normal,150,cccc,cccc,cccc,seen,0,cccc->cccc,0.9196261682242991,0.9196261682242991,0.14814814814814814,0.0803738317757009,0,0,normal,0.9196261682242991
SKAB,1,normal,151,cccc,cccc,cccc,seen,0,cccc->cccc,0.9196261682242991,0.9196261682242991,0.14814814814814814,0.0803738317757009,0,0,normal,0.9196261682242991
SKAB,1,normal,152,cccc,cccc,cccc,seen,0,cccc->cccc,0.9196261682242991,0.9196261682242991,0.14814814814814814,0.0803738317757009,0,0,normal,0.9196261682242991
SKAB,1,normal,153,cccc,cccc,cccc,seen,0,cccc->cccc,0.9196261682242991,0.9196261682242991,0.14814814814814814,0.0803738317757009,0,0,normal,0.9196261682242991
SKAB,1,normal,154,cccc,cccc,cccc,seen,0,cccc->cccc,0.9196261682242991,0.9196261682242991,0.14814814814814814,0.0803738317757009,0,0,normal,0.9196261682242991
SKAB,1,normal,155,cccc,cccc,cccc,seen,0,cccc->cccc,0.9196261682242991,0.9196261682242991,0.14814814814814814,0.0803738317757009,0,0,normal,0.9196261682242991
SKAB,1,normal,156,cccc,cccc,cccc,seen,0,cccc->cccc,0.9196261682242991,0.9196261682242991,0.14814814814814814,0.0803738317757009,0,0,normal,0.9196261682242991
SKAB,1,normal,157,cccc,cccc,cccc,seen,0,cccc->cccc,0.9196261682242991,0.9196261682242991,0.14814814814814814,0.0803738317757009,0,0,normal,0.9196261682242991
SKAB,1,normal,158,cccc,cccc,cccc,seen,0,cccc->cccc,0.9196261682242991,0.9196261682242991,0.14814814814814814,0.0803738317757009,0,0,normal,0.9196261682242991
SKAB,1,normal,159,cccc,cccc,cccc,seen,0,cccc->cccc,0.9196261682242991,0.9196261682242991,0.14814814814814814,0.0803738317757009,0,0,normal,0.9196261682242991
SKAB,1,normal,160,cccc,cccc,cccc,seen,0,cccc->cccc,0.9196261682242991,0.9196261682242991,0.14814814814814814,0.0803738317757009,0,0,normal,0.9196261682242991
SKAB,1,normal,161,cccc,cccc,cccc,seen,0,cccc->cccc,0.9196261682242991,0.9196261682242991,0.14814814814814814,0.0803738317757009,0,0,normal,0.9196261682242991
SKAB,1,normal,162,cccc,cccc,cccc,seen,0,cccc->cccc,0.9196261682242991,0.9196261682242991,0.14814814814814814,0.0803738317757009,0,0,normal,0.9196261682242991
SKAB,1,normal,163,cccc,cccc,cccc,seen,0,cccc->cccc,0.9196261682242991,0.9196261682242991,0.14814814814814814,0.0803738317757009,1,0,normal,0.9196261682242991
SKAB,1,normal,164,cccc,cccc,cccc,seen,0,cccc->cccc,0.9196261682242991,0.9196261682242991,0.14814814814814814,0.0803738317757009,1,0,normal,0.9196261682242991
SKAB,1,normal,165,cccc,cccc,cccc,seen,0,cccc->cccc,0.9196261682242991,0.9196261682242991,0.14814814814814814,0.0803738317757009,1,0,normal,0.9196261682242991
SKAB,1,normal,166,cccc,cccc,cccc,seen,0,cccc->cccc,0.9196261682242991,0.9196261682242991,0.14814814814814814,0.0803738317757009,1,0,normal,0.9196261682242991
SKAB,1,normal,167,cccc,cccc,cccc,seen,0,cccc->cccc,0.9196261682242991,0.9196261682242991,0.14814814814814814,0.0803738317757009,1,0,normal,0.9196261682242991
SKAB,1,normal,168,cccc,cccc,cccc,seen,0,cccc->cccc,0.9196261682242991,0.9196261682242991,0.14814814814814814,0.0803738317757009,1,0,normal,0.9196261682242991
SKAB,1,normal,169,cccc,cccc,cccc,seen,0,cccc->cccc,0.9196261682242991,0.9196261682242991,0.14814814814814814,0.0803738317757009,1,0,normal,0.9196261682242991
SKAB,1,normal,170,cccc,cccc,cccc,seen,0,cccc->cccc,0.9196261682242991,0.9196261682242991,0.14814814814814814,0.0803738317757009,1,0,normal,0.9196261682242991
SKAB,1,normal,171,cccc,cccc,cccc,seen,0,cccc->cccc,0.9196261682242991,0.9196261682242991,0.14814814814814814,0.0803738317757009,1,0,normal,0.9196261682242991
SKAB,1,normal,172,cccc,cccc,cccc,seen,0,cccc->cccc,0.9196261682242991,0.9196261682242991,0.14814814814814814,0.0803738317757009,1,0,normal,0.9196261682242991
SKAB,1,normal,173,cccc,cccc,cccc,seen,0,cccc->cccc,0.9196261682242991,0.9196261682242991,0.14814814814814814,0.0803738317757009,1,0,normal,0.9196261682242991
SKAB,1,normal,174,cccc,cccc,cccc,seen,0,cccc->cccc,0.9196261682242991,0.9196261682242991,0.14814814814814814,0.0803738317757009,1,0,normal,0.9196261682242991
SKAB,1,normal,175,cccc,cccc,cccc,seen,0,cccc->cccc,0.9196261682242991,0.9196261682242991,0.14814814814814814,0.0803738317757009,1,0,normal,0.9196261682242991
SKAB,1,normal,176,cccc,cccc,cccc,seen,0,cccc->cccc,0.9196261682242991,0.9196261682242991,0.14814814814814814,0.0803738317757009,1,0,normal,0.9196261682242991
SKAB,1,normal,177,cccc,cccc,cccc,seen,0,cccc->cccc,0.9196261682242991,0.9196261682242991,0.14814814814814814,0.0803738317757009,1,0,normal,0.9196261682242991
SKAB,1,normal,178,cccc,cccc,cccc,seen,0,cccc->cccc,0.9196261682242991,0.9196261682242991,0.14814814814814814,0.0803738317757009,1,0,normal,0.9196261682242991
SKAB,1,normal,179,cccc,cccc,cccc,seen,0,cccc->cccc,0.9196261682242991,0.9196261682242991,0.14814814814814814,0.0803738317757009,1,0,normal,0.9196261682242991
SKAB,1,normal,180,cccc,cccc,cccc,seen,0,cccc->cccc,0.9196261682242991,0.9196261682242991,0.14814814814814814,0.0803738317757009,1,0,normal,0.9196261682242991
SKAB,1,normal,181,cccc,cccc,cccc,seen,0,cccc->cccc,0.9196261682242991,0.9196261682242991,0.14814814814814814,0.0803738317757009,1,0,normal,0.9196261682242991
SKAB,1,normal,182,cccc,cccc,cccc,seen,0,cccc->cccc,0.9196261682242991,0.9196261682242991,0.14814814814814814,0.0803738317757009,1,0,normal,0.9196261682242991
SKAB,1,normal,183,cccc,cccc,cccc,seen,0,cccc->cccc,0.9196261682242991,0.9196261682242991,0.14814814814814814,0.0803738317757009,1,0,normal,0.9196261682242991
SKAB,1,normal,184,cccc,cccc,cccc,seen,0,cccc->cccc,0.9196261682242991,0.9196261682242991,0.14814814814814814,0.0803738317757009,1,0,normal,0.9196261682242991
SKAB,1,normal,185,cccc,cccc,cccc,seen,0,cccc->cccc,0.9196261682242991,0.9196261682242991,0.14814814814814814,0.0803738317757009,1,0,normal,0.9196261682242991
SKAB,1,normal,186,cccc,cccc,cccc,seen,0,cccc->cccc,0.9196261682242991,0.9196261682242991,0.14814814814814814,0.0803738317757009,1,0,normal,0.9196261682242991
SKAB,1,normal,187,cccc,cccc,cccc,seen,0,cccc->cccc,0.9196261682242991,0.9196261682242991,0.14814814814814814,0.0803738317757009,1,0,normal,0.9196261682242991
SKAB,1,normal,188,cccc,cccc,cccc,seen,0,cccc->cccc,0.9196261682242991,0.9196261682242991,0.14814814814814814,0.0803738317757009,1,0,normal,0.9196261682242991
SKAB,1,normal,189,cccc,cccc,cccc,seen,0,cccc->cccc,0.9196261682242991,0.9196261682242991,0.14814814814814814,0.0803738317757009,1,0,normal,0.9196261682242991
SKAB,1,normal,190,cccc,cccc,cccc,seen,0,cccc->cccc,0.9196261682242991,0.9196261682242991,0.14814814814814814,0.0803738317757009,1,0,normal,0.9196261682242991
SKAB,1,normal,191,cccc,cccc,cccc,seen,0,cccc->cccc,0.9196261682242991,0.9196261682242991,0.14814814814814814,0.0803738317757009,1,0,normal,0.9196261682242991
SKAB,1,normal,192,cccc,cccc,cccc,seen,0,cccc->cccc,0.9196261682242991,0.9196261682242991,0.14814814814814814,0.0803738317757009,1,0,normal,0.9196261682242991
SKAB,1,normal,193,cccc,cccc,cccc,seen,0,cccc->cccc,0.9196261682242991,0.9196261682242991,0.14814814814814814,0.0803738317757009,1,0,normal,0.9196261682242991
SKAB,1,normal,194,cccc,cccc,cccc,seen,0,cccc->cccc,0.9196261682242991,0.9196261682242991,0.14814814814814814,0.0803738317757009,1,0,normal,0.9196261682242991
SKAB,1,normal,195,cccc,cccc,cccc,seen,0,cccc->cccc,0.9196261682242991,0.9196261682242991,0.14814814814814814,0.0803738317757009,1,0,normal,0.9196261682242991
SKAB,1,normal,196,cccc,cccc,cccc,seen,0,cccc->cccc,0.9196261682242991,0.9196261682242991,0.14814814814814814,0.0803738317757009,1,0,normal,0.9196261682242991
SKAB,1,normal,197,cccc,cccc,cccc,seen,0,cccc->cccc,0.9196261682242991,0.9196261682242991,0.14814814814814814,0.0803738317757009,1,0,normal,0.9196261682242991
SKAB,1,normal,198,cccc,cccc,cccc,seen,0,cccc->cccc,0.9196261682242991,0.9196261682242991,0.14814814814814814,0.0803738317757009,1,0,normal,0.9196261682242991
SKAB,1,normal,199,cccc,cccc,cccc,seen,0,cccc->cccc,0.9196261682242991,0.9196261682242991,0.14814814814814814,0.0803738317757009,1,0,normal,0.9196261682242991
SKAB,1,normal,200,cccc,cccc,cccc,seen,0,cccc->cccc,0.9196261682242991,0.9196261682242991,0.14814814814814814,0.0803738317757009,1,0,normal,0.9196261682242991
SKAB,1,normal,201,cccc,cccc,cccc,seen,0,cccc->cccc,0.9196261682242991,0.9196261682242991,0.14814814814814814,0.0803738317757009,1,0,normal,0.9196261682242991
SKAB,1,normal,202,cccc,cccc,cccc,seen,0,cccc->cccc,0.9196261682242991,0.9196261682242991,0.14814814814814814,0.0803738317757009,1,0,normal,0.9196261682242991
SKAB,1,normal,203,cccc,cccc,cccc,seen,0,cccc->cccc,0.9196261682242991,0.9196261682242991,0.14814814814814814,0.0803738317757009,1,0,normal,0.9196261682242991
SKAB,1,normal,204,cccc,cccc,cccc,seen,0,cccc->cccc,0.9196261682242991,0.9196261682242991,0.14814814814814814,0.0803738317757009,1,0,normal,0.9196261682242991
SKAB,1,normal,205,cccc,cccc,cccc,seen,0,cccc->cccc,0.9196261682242991,0.9196261682242991,0.14814814814814814,0.0803738317757009,1,0,normal,0.9196261682242991
SKAB,1,normal,206,cccc,cccc,cccc,seen,0,cccc->cccc,0.9196261682242991,0.9196261682242991,0.14814814814814814,0.0803738317757009,1,0,normal,0.9196261682242991
SKAB,1,normal,207,cccc,cccc,cccc,seen,0,cccc->cccc,0.9196261682242991,0.9196261682242991,0.14814814814814814,0.0803738317757009,0,0,normal,0.9196261682242991
SKAB,1,normal,208,cccc,cccc,cccc,seen,0,cccc->cccc,0.9196261682242991,0.9196261682242991,0.14814814814814814,0.0803738317757009,0,0,normal,0.9196261682242991
SKAB,1,normal,209,cccc,cccc,cccc,seen,0,cccc->cccc,0.9196261682242991,0.9196261682242991,0.14814814814814814,0.0803738317757009,0,0,normal,0.9196261682242991
SKAB,1,normal,210,cccc,cccc,cccc,seen,0,cccc->cccc,0.9196261682242991,0.9196261682242991,0.14814814814814814,0.0803738317757009,0,0,normal,0.9196261682242991
SKAB,1,normal,211,cccc,cccc,cccc,seen,0,cccc->cccc,0.9196261682242991,0.9196261682242991,0.14814814814814814,0.0803738317757009,0,0,normal,0.9196261682242991
SKAB,1,normal,212,cccc,cccc,cccc,seen,0,cccc->cccc,0.9196261682242991,0.9196261682242991,0.14814814814814814,0.0803738317757009,0,0,normal,0.9196261682242991
SKAB,1,normal,213,cccc,cccc,cccc,seen,0,cccc->cccc,0.9196261682242991,0.9196261682242991,0.14814814814814814,0.0803738317757009,0,0,normal,0.9196261682242991
SKAB,1,normal,214,cccc,cccc,cccc,seen,0,cccc->cccc,0.9196261682242991,0.9196261682242991,0.14814814814814814,0.0803738317757009,0,0,normal,0.9196261682242991
SKAB,1,normal,215,cccc,cccc,cccc,seen,0,cccc->cccc,0.9196261682242991,0.9196261682242991,0.14814814814814814,0.0803738317757009,0,0,normal,0.9196261682242991
SKAB,1,normal,216,cccc,cccc,cccc,seen,0,cccc->cccc,0.9196261682242991,0.9196261682242991,0.14814814814814814,0.0803738317757009,0,0,normal,0.9196261682242991
SKAB,1,normal,217,cccc,cccc,cccc,seen,0,cccc->cccc,0.9196261682242991,0.9196261682242991,0.14814814814814814,0.0803738317757009,0,0,normal,0.9196261682242991
SKAB,1,normal,218,cccc,cccc,cccc,seen,0,cccc->cccc,0.9196261682242991,0.9196261682242991,0.14814814814814814,0.0803738317757009,0,0,normal,0.9196261682242991
SKAB,1,normal,219,cccc,cccc,cccc,seen,0,cccc->cccc,0.9196261682242991,0.9196261682242991,0.14814814814814814,0.0803738317757009,0,0,normal,0.9196261682242991
SKAB,1,normal,220,cccc,cccc,cccc,seen,0,cccc->cccc,0.9196261682242991,0.9196261682242991,0.14814814814814814,0.0803738317757009,0,0,normal,0.9196261682242991
SKAB,1,normal,221,cccc,cccc,cccc,seen,0,cccc->cccc,0.9196261682242991,0.9196261682242991,0.14814814814814814,0.0803738317757009,0,0,normal,0.9196261682242991
SKAB,1,normal,222,cccc,cccb,cccb,seen,0,cccc->cccb,0.020560747663551402,0.020560747663551402,0.14814814814814814,0.9794392523364486,0,1,anomaly,0.020560747663551402
SKAB,1,normal,223,cccb,ccbc,ccbc,seen,0,cccb->ccbc,0.23404255319148937,0.23404255319148937,0.14814814814814814,0.7659574468085106,0,0,normal,0.23404255319148937
SKAB,1,normal,224,ccbc,cbcb,cbcb,seen,0,ccbc->cbcb,0.16666666666666666,0.16666666666666666,0.14814814814814814,0.8333333333333334,0,0,normal,0.16666666666666666
SKAB,1,normal,225,cbcb,bcbc,bcbc,seen,0,cbcb->bcbc,0.16666666666666666,0.16666666666666666,0.14814814814814814,0.8333333333333334,0,0,normal,0.16666666666666666
SKAB,1,normal,226,bcbc,cbcc,cbcc,seen,0,bcbc->cbcc,0.13043478260869565,0.13043478260869565,0.14814814814814814,0.8695652173913043,0,1,anomaly,0.13043478260869565
SKAB,1,normal,227,cbcc,bccb,bccb,seen,0,cbcc->bccb,0.17391304347826086,0.17391304347826086,0.14814814814814814,0.8260869565217391,0,0,normal,0.17391304347826086
SKAB,1,normal,228,bccb,ccbb,ccbb,seen,0,bccb->ccbb,0.1956521739130435,0.1956521739130435,0.14814814814814814,0.8043478260869565,0,0,normal,0.1956521739130435
SKAB,1,normal,229,ccbb,cbbc,cbbc,seen,0,ccbb->cbbc,0.17777777777777778,0.17777777777777778,0.14814814814814814,0.8222222222222222,0,0,normal,0.17777777777777778
SKAB,1,normal,230,cbbc,bbcb,bbcb,seen,0,cbbc->bbcb,0.23529411764705882,0.23529411764705882,0.14814814814814814,0.7647058823529411,0,0,normal,0.23529411764705882
SKAB,1,normal,231,bbcb,bcbc,bcbc,seen,0,bbcb->bcbc,0.1111111111111111,0.1111111111111111,0.14814814814814814,0.8888888888888888,0,1,anomaly,0.1111111111111111
SKAB,1,normal,232,bcbc,cbcc,cbcc,seen,0,bcbc->cbcc,0.13043478260869565,0.13043478260869565,0.14814814814814814,0.8695652173913043,0,1,anomaly,0.13043478260869565
SKAB,1,normal,233,cbcc,bccb,bccb,seen,0,cbcc->bccb,0.17391304347826086,0.17391304347826086,0.14814814814814814,0.8260869565217391,0,0,normal,0.17391304347826086
SKAB,1,normal,234,bccb,ccbb,ccbb,seen,0,bccb->ccbb,0.1956521739130435,0.1956521739130435,0.14814814814814814,0.8043478260869565,0,0,normal,0.1956521739130435
SKAB,1,normal,235,ccbb,cbbb,cbbb,seen,0,ccbb->cbbb,0.1111111111111111,0.1111111111111111,0.14814814814814814,0.8888888888888888,0,1,anomaly,0.1111111111111111
SKAB,1,normal,236,cbbb,bbbb,bbbb,seen,0,cbbb->bbbb,0.3,0.3,0.14814814814814814,0.7,0,0,normal,0.3
SKAB,1,normal,237,bbbb,bbbb,bbbb,seen,0,bbbb->bbbb,0.7869318181818182,0.7869318181818182,0.14814814814814814,0.21306818181818177,0,0,normal,0.7869318181818182
SKAB,1,normal,238,bbbb,bbbb,bbbb,seen,0,bbbb->bbbb,0.7869318181818182,0.7869318181818182,0.14814814814814814,0.21306818181818177,0,0,normal,0.7869318181818182
SKAB,1,normal,239,bbbb,bbbb,bbbb,seen,0,bbbb->bbbb,0.7869318181818182,0.7869318181818182,0.14814814814814814,0.21306818181818177,0,0,normal,0.7869318181818182
SKAB,1,normal,240,bbbb,bbbb,bbbb,seen,0,bbbb->bbbb,0.7869318181818182,0.7869318181818182,0.14814814814814814,0.21306818181818177,0,0,normal,0.7869318181818182
SKAB,1,normal,241,bbbb,bbbb,bbbb,seen,0,bbbb->bbbb,0.7869318181818182,0.7869318181818182,0.14814814814814814,0.21306818181818177,0,0,normal,0.7869318181818182
SKAB,1,normal,242,bbbb,bbbb,bbbb,seen,0,bbbb->bbbb,0.7869318181818182,0.7869318181818182,0.14814814814814814,0.21306818181818177,0,0,normal,0.7869318181818182
SKAB,1,normal,243,bbbb,bbbc,bbbc,seen,0,bbbb->bbbc,0.04261363636363636,0.04261363636363636,0.14814814814814814,0.9573863636363636,0,1,anomaly,0.04261363636363636
SKAB,1,normal,244,bbbc,bbcc,bbcc,seen,0,bbbc->bbcc,0.14,0.14,0.14814814814814814,0.86,0,1,anomaly,0.14
SKAB,1,normal,245,bbcc,bccc,bccc,seen,0,bbcc->bccc,0.17391304347826086,0.17391304347826086,0.14814814814814814,0.8260869565217391,0,0,normal,0.17391304347826086
SKAB,1,normal,246,bccc,cccb,cccb,seen,0,bccc->cccb,0.08695652173913043,0.08695652173913043,0.14814814814814814,0.9130434782608696,0,1,anomaly,0.08695652173913043
SKAB,1,normal,247,cccb,ccbb,ccbb,seen,0,cccb->ccbb,0.0851063829787234,0.0851063829787234,0.14814814814814814,0.9148936170212766,0,1,anomaly,0.0851063829787234
SKAB,1,normal,248,ccbb,cbbc,cbbc,seen,0,ccbb->cbbc,0.17777777777777778,0.17777777777777778,0.14814814814814814,0.8222222222222222,0,0,normal,0.17777777777777778
SKAB,1,normal,249,cbbc,bbcb,bbcb,seen,0,cbbc->bbcb,0.23529411764705882,0.23529411764705882,0.14814814814814814,0.7647058823529411,0,0,normal,0.23529411764705882
SKAB,1,normal,250,bbcb,bcbb,bcbb,seen,0,bbcb->bcbb,0.2962962962962963,0.2962962962962963,0.14814814814814814,0.7037037037037037,0,0,normal,0.2962962962962963
SKAB,1,normal,251,bcbb,cbbc,cbbc,seen,0,bcbb->cbbc,0.19642857142857142,0.19642857142857142,0.14814814814814814,0.8035714285714286,0,0,normal,0.19642857142857142
SKAB,1,normal,252,cbbc,bbcc,bbcc,seen,0,cbbc->bbcc,0.13725490196078433,0.13725490196078433,0.14814814814814814,0.8627450980392157,0,1,anomaly,0.13725490196078433
SKAB,1,normal,253,bbcc,bccb,bccb,seen,0,bbcc->bccb,0.13043478260869565,0.13043478260869565,0.14814814814814814,0.8695652173913043,0,1,anomaly,0.13043478260869565
SKAB,1,normal,254,bccb,ccbc,ccbc,seen,0,bccb->ccbc,0.10869565217391304,0.10869565217391304,0.14814814814814814,0.8913043478260869,0,1,anomaly,0.10869565217391304
SKAB,1,normal,255,ccbc,cbcc,cbcc,seen,0,ccbc->cbcc,0.16666666666666666,0.16666666666666666,0.14814814814814814,0.8333333333333334,0,0,normal,0.16666666666666666
SKAB,1,normal,256,cbcc,bccc,bccc,seen,0,cbcc->bccc,0.13043478260869565,0.13043478260869565,0.14814814814814814,0.8695652173913043,0,1,anomaly,0.13043478260869565
SKAB,1,normal,257,bccc,cccc,cccc,seen,0,bccc->cccc,0.21739130434782608,0.21739130434782608,0.14814814814814814,0.782608695652174,0,0,normal,0.21739130434782608
SKAB,1,normal,258,cccc,cccc,cccc,seen,0,cccc->cccc,0.9196261682242991,0.9196261682242991,0.14814814814814814,0.0803738317757009,0,0,normal,0.9196261682242991
SKAB,1,normal,259,cccc,cccc,cccc,seen,0,cccc->cccc,0.9196261682242991,0.9196261682242991,0.14814814814814814,0.0803738317757009,0,0,normal,0.9196261682242991
SKAB,1,normal,260,cccc,cccc,cccc,seen,0,cccc->cccc,0.9196261682242991,0.9196261682242991,0.14814814814814814,0.0803738317757009,0,0,normal,0.9196261682242991
SKAB,1,normal,261,cccc,cccb,cccb,seen,0,cccc->cccb,0.020560747663551402,0.020560747663551402,0.14814814814814814,0.9794392523364486,0,1,anomaly,0.020560747663551402
SKAB,1,normal,262,cccb,ccbb,ccbb,seen,0,cccb->ccbb,0.0851063829787234,0.0851063829787234,0.14814814814814814,0.9148936170212766,0,1,anomaly,0.0851063829787234
SKAB,1,normal,263,ccbb,cbbb,cbbb,seen,0,ccbb->cbbb,0.1111111111111111,0.1111111111111111,0.14814814814814814,0.8888888888888888,0,1,anomaly,0.1111111111111111
SKAB,1,normal,264,cbbb,bbbb,bbbb,seen,0,cbbb->bbbb,0.3,0.3,0.14814814814814814,0.7,0,0,normal,0.3
SKAB,1,normal,265,bbbb,bbbb,bbbb,seen,0,bbbb->bbbb,0.7869318181818182,0.7869318181818182,0.14814814814814814,0.21306818181818177,0,0,normal,0.7869318181818182
SKAB,1,normal,266,bbbb,bbbb,bbbb,seen,0,bbbb->bbbb,0.7869318181818182,0.7869318181818182,0.14814814814814814,0.21306818181818177,0,0,normal,0.7869318181818182
SKAB,1,normal,267,bbbb,bbbb,bbbb,seen,0,bbbb->bbbb,0.7869318181818182,0.7869318181818182,0.14814814814814814,0.21306818181818177,0,0,normal,0.7869318181818182
SKAB,1,normal,268,bbbb,bbbb,bbbb,seen,0,bbbb->bbbb,0.7869318181818182,0.7869318181818182,0.14814814814814814,0.21306818181818177,0,0,normal,0.7869318181818182
SKAB,1,normal,269,bbbb,bbbb,bbbb,seen,0,bbbb->bbbb,0.7869318181818182,0.7869318181818182,0.14814814814814814,0.21306818181818177,0,0,normal,0.7869318181818182
SKAB,1,normal,270,bbbb,bbbc,bbbc,seen,0,bbbb->bbbc,0.04261363636363636,0.04261363636363636,0.14814814814814814,0.9573863636363636,0,1,anomaly,0.04261363636363636
SKAB,1,normal,271,bbbc,bbcb,bbcb,seen,0,bbbc->bbcb,0.2,0.2,0.14814814814814814,0.8,0,0,normal,0.2
SKAB,1,normal,272,bbcb,bcbb,bcbb,seen,0,bbcb->bcbb,0.2962962962962963,0.2962962962962963,0.14814814814814814,0.7037037037037037,0,0,normal,0.2962962962962963
SKAB,1,normal,273,bcbb,cbbb,cbbb,seen,0,bcbb->cbbb,0.23214285714285715,0.23214285714285715,0.14814814814814814,0.7678571428571428,0,0,normal,0.23214285714285715
SKAB,1,normal,274,cbbb,bbbb,bbbb,seen,0,cbbb->bbbb,0.3,0.3,0.14814814814814814,0.7,0,0,normal,0.3
SKAB,1,normal,275,bbbb,bbbb,bbbb,seen,0,bbbb->bbbb,0.7869318181818182,0.7869318181818182,0.14814814814814814,0.21306818181818177,0,0,normal,0.7869318181818182
SKAB,1,normal,276,bbbb,bbbb,bbbb,seen,0,bbbb->bbbb,0.7869318181818182,0.7869318181818182,0.14814814814814814,0.21306818181818177,0,0,normal,0.7869318181818182
SKAB,1,normal,277,bbbb,bbbb,bbbb,seen,0,bbbb->bbbb,0.7869318181818182,0.7869318181818182,0.14814814814814814,0.21306818181818177,0,0,normal,0.7869318181818182
SKAB,1,normal,278,bbbb,bbbb,bbbb,seen,0,bbbb->bbbb,0.7869318181818182,0.7869318181818182,0.14814814814814814,0.21306818181818177,1,0,normal,0.7869318181818182
SKAB,1,normal,279,bbbb,bbbb,bbbb,seen,0,bbbb->bbbb,0.7869318181818182,0.7869318181818182,0.14814814814814814,0.21306818181818177,1,0,normal,0.7869318181818182
SKAB,1,normal,280,bbbb,bbbb,bbbb,seen,0,bbbb->bbbb,0.7869318181818182,0.7869318181818182,0.14814814814814814,0.21306818181818177,1,0,normal,0.7869318181818182
SKAB,1,normal,281,bbbb,bbbb,bbbb,seen,0,bbbb->bbbb,0.7869318181818182,0.7869318181818182,0.14814814814814814,0.21306818181818177,1,0,normal,0.7869318181818182
SKAB,1,normal,282,bbbb,bbbb,bbbb,seen,0,bbbb->bbbb,0.7869318181818182,0.7869318181818182,0.14814814814814814,0.21306818181818177,1,0,normal,0.7869318181818182
SKAB,1,normal,283,bbbb,bbbb,bbbb,seen,0,bbbb->bbbb,0.7869318181818182,0.7869318181818182,0.14814814814814814,0.21306818181818177,1,0,normal,0.7869318181818182
SKAB,1,normal,284,bbbb,bbbb,bbbb,seen,0,bbbb->bbbb,0.7869318181818182,0.7869318181818182,0.14814814814814814,0.21306818181818177,1,0,normal,0.7869318181818182
SKAB,1,normal,285,bbbb,bbbb,bbbb,seen,0,bbbb->bbbb,0.7869318181818182,0.7869318181818182,0.14814814814814814,0.21306818181818177,1,0,normal,0.7869318181818182
SKAB,1,normal,286,bbbb,bbbb,bbbb,seen,0,bbbb->bbbb,0.7869318181818182,0.7869318181818182,0.14814814814814814,0.21306818181818177,1,0,normal,0.7869318181818182
SKAB,1,normal,287,bbbb,bbbb,bbbb,seen,0,bbbb->bbbb,0.7869318181818182,0.7869318181818182,0.14814814814814814,0.21306818181818177,1,0,normal,0.7869318181818182
SKAB,1,normal,288,bbbb,bbbb,bbbb,seen,0,bbbb->bbbb,0.7869318181818182,0.7869318181818182,0.14814814814814814,0.21306818181818177,1,0,normal,0.7869318181818182
SKAB,1,normal,289,bbbb,bbbb,bbbb,seen,0,bbbb->bbbb,0.7869318181818182,0.7869318181818182,0.14814814814814814,0.21306818181818177,1,0,normal,0.7869318181818182
SKAB,1,normal,290,bbbb,bbbb,bbbb,seen,0,bbbb->bbbb,0.7869318181818182,0.7869318181818182,0.14814814814814814,0.21306818181818177,1,0,normal,0.7869318181818182
SKAB,1,normal,291,bbbb,bbbb,bbbb,seen,0,bbbb->bbbb,0.7869318181818182,0.7869318181818182,0.14814814814814814,0.21306818181818177,1,0,normal,0.7869318181818182
SKAB,1,normal,292,bbbb,bbbb,bbbb,seen,0,bbbb->bbbb,0.7869318181818182,0.7869318181818182,0.14814814814814814,0.21306818181818177,1,0,normal,0.7869318181818182
SKAB,1,normal,293,bbbb,bbbb,bbbb,seen,0,bbbb->bbbb,0.7869318181818182,0.7869318181818182,0.14814814814814814,0.21306818181818177,1,0,normal,0.7869318181818182
SKAB,1,normal,294,bbbb,bbbb,bbbb,seen,0,bbbb->bbbb,0.7869318181818182,0.7869318181818182,0.14814814814814814,0.21306818181818177,1,0,normal,0.7869318181818182
SKAB,1,normal,295,bbbb,bbbb,bbbb,seen,0,bbbb->bbbb,0.7869318181818182,0.7869318181818182,0.14814814814814814,0.21306818181818177,1,0,normal,0.7869318181818182
SKAB,1,normal,296,bbbb,bbbb,bbbb,seen,0,bbbb->bbbb,0.7869318181818182,0.7869318181818182,0.14814814814814814,0.21306818181818177,1,0,normal,0.7869318181818182
SKAB,1,normal,297,bbbb,bbbb,bbbb,seen,0,bbbb->bbbb,0.7869318181818182,0.7869318181818182,0.14814814814814814,0.21306818181818177,1,0,normal,0.7869318181818182
SKAB,1,normal,298,bbbb,bbbb,bbbb,seen,0,bbbb->bbbb,0.7869318181818182,0.7869318181818182,0.14814814814814814,0.21306818181818177,1,0,normal,0.7869318181818182
SKAB,1,normal,299,bbbb,bbbb,bbbb,seen,0,bbbb->bbbb,0.7869318181818182,0.7869318181818182,0.14814814814814814,0.21306818181818177,1,0,normal,0.7869318181818182
SKAB,1,normal,300,bbbb,bbbb,bbbb,seen,0,bbbb->bbbb,0.7869318181818182,0.7869318181818182,0.14814814814814814,0.21306818181818177,1,0,normal,0.7869318181818182
SKAB,1,normal,301,bbbb,bbbb,bbbb,seen,0,bbbb->bbbb,0.7869318181818182,0.7869318181818182,0.14814814814814814,0.21306818181818177,1,0,normal,0.7869318181818182
SKAB,1,normal,302,bbbb,bbbb,bbbb,seen,0,bbbb->bbbb,0.7869318181818182,0.7869318181818182,0.14814814814814814,0.21306818181818177,1,0,normal,0.7869318181818182
SKAB,1,normal,303,bbbb,bbba,bbba,seen,0,bbbb->bbba,0.08238636363636363,0.08238636363636363,0.14814814814814814,0.9176136363636364,1,1,anomaly,0.08238636363636363
SKAB,1,normal,304,bbba,bbab,bbab,seen,0,bbba->bbab,0.2318840579710145,0.2318840579710145,0.14814814814814814,0.7681159420289855,1,0,normal,0.2318840579710145
SKAB,1,normal,305,bbab,babb,babb,seen,0,bbab->babb,0.32075471698113206,0.32075471698113206,0.14814814814814814,0.679245283018868,1,0,normal,0.32075471698113206
SKAB,1,normal,306,babb,abba,abba,seen,0,babb->abba,0.14814814814814814,0.14814814814814814,0.14814814814814814,0.8518518518518519,1,0,normal,0.14814814814814814
SKAB,1,normal,307,abba,bbab,bbab,seen,0,abba->bbab,0.11538461538461539,0.11538461538461539,0.14814814814814814,0.8846153846153846,1,1,anomaly,0.11538461538461539
SKAB,1,normal,308,bbab,babb,babb,seen,0,bbab->babb,0.32075471698113206,0.32075471698113206,0.14814814814814814,0.679245283018868,1,0,normal,0.32075471698113206
SKAB,1,normal,309,babb,abbb,abbb,seen,0,babb->abbb,0.25925925925925924,0.25925925925925924,0.14814814814814814,0.7407407407407407,1,0,normal,0.25925925925925924
SKAB,1,normal,310,abbb,bbbb,bbbb,seen,0,abbb->bbbb,0.42028985507246375,0.42028985507246375,0.14814814814814814,0.5797101449275363,1,0,normal,0.42028985507246375
SKAB,1,normal,311,bbbb,bbbb,bbbb,seen,0,bbbb->bbbb,0.7869318181818182,0.7869318181818182,0.14814814814814814,0.21306818181818177,1,0,normal,0.7869318181818182
SKAB,1,normal,312,bbbb,bbba,bbba,seen,0,bbbb->bbba,0.08238636363636363,0.08238636363636363,0.14814814814814814,0.9176136363636364,1,1,anomaly,0.08238636363636363
SKAB,1,normal,313,bbba,bbab,bbab,seen,0,bbba->bbab,0.2318840579710145,0.2318840579710145,0.14814814814814814,0.7681159420289855,1,0,normal,0.2318840579710145
SKAB,1,normal,314,bbab,babb,babb,seen,0,bbab->babb,0.32075471698113206,0.32075471698113206,0.14814814814814814,0.679245283018868,1,0,normal,0.32075471698113206
SKAB,1,normal,315,babb,abbb,abbb,seen,0,babb->abbb,0.25925925925925924,0.25925925925925924,0.14814814814814814,0.7407407407407407,1,0,normal,0.25925925925925924
SKAB,1,normal,316,abbb,bbbb,bbbb,seen,0,abbb->bbbb,0.42028985507246375,0.42028985507246375,0.14814814814814814,0.5797101449275363,1,0,normal,0.42028985507246375
SKAB,1,normal,317,bbbb,bbbb,bbbb,seen,0,bbbb->bbbb,0.7869318181818182,0.7869318181818182,0.14814814814814814,0.21306818181818177,1,0,normal,0.7869318181818182
SKAB,1,normal,318,bbbb,bbba,bbba,seen,0,bbbb->bbba,0.08238636363636363,0.08238636363636363,0.14814814814814814,0.9176136363636364,1,1,anomaly,0.08238636363636363
SKAB,1,normal,319,bbba,bbab,bbab,seen,0,bbba->bbab,0.2318840579710145,0.2318840579710145,0.14814814814814814,0.7681159420289855,1,0,normal,0.2318840579710145
SKAB,1,normal,320,bbab,babb,babb,seen,0,bbab->babb,0.32075471698113206,0.32075471698113206,0.14814814814814814,0.679245283018868,1,0,normal,0.32075471698113206
SKAB,1,normal,321,babb,abbb,abbb,seen,0,babb->abbb,0.25925925925925924,0.25925925925925924,0.14814814814814814,0.7407407407407407,1,0,normal,0.25925925925925924
SKAB,1,normal,322,abbb,bbbb,bbbb,seen,0,abbb->bbbb,0.42028985507246375,0.42028985507246375,0.14814814814814814,0.5797101449275363,0,0,normal,0.42028985507246375
SKAB,1,normal,323,bbbb,bbbb,bbbb,seen,0,bbbb->bbbb,0.7869318181818182,0.7869318181818182,0.14814814814814814,0.21306818181818177,0,0,normal,0.7869318181818182
SKAB,1,normal,324,bbbb,bbbb,bbbb,seen,0,bbbb->bbbb,0.7869318181818182,0.7869318181818182,0.14814814814814814,0.21306818181818177,0,0,normal,0.7869318181818182
SKAB,1,normal,325,bbbb,bbbb,bbbb,seen,0,bbbb->bbbb,0.7869318181818182,0.7869318181818182,0.14814814814814814,0.21306818181818177,0,0,normal,0.7869318181818182
SKAB,1,normal,326,bbbb,bbbb,bbbb,seen,0,bbbb->bbbb,0.7869318181818182,0.7869318181818182,0.14814814814814814,0.21306818181818177,0,0,normal,0.7869318181818182
SKAB,1,normal,327,bbbb,bbbb,bbbb,seen,0,bbbb->bbbb,0.7869318181818182,0.7869318181818182,0.14814814814814814,0.21306818181818177,0,0,normal,0.7869318181818182
SKAB,1,normal,328,bbbb,bbbb,bbbb,seen,0,bbbb->bbbb,0.7869318181818182,0.7869318181818182,0.14814814814814814,0.21306818181818177,0,0,normal,0.7869318181818182
SKAB,1,normal,329,bbbb,bbbb,bbbb,seen,0,bbbb->bbbb,0.7869318181818182,0.7869318181818182,0.14814814814814814,0.21306818181818177,0,0,normal,0.7869318181818182
SKAB,1,normal,330,bbbb,bbbb,bbbb,seen,0,bbbb->bbbb,0.7869318181818182,0.7869318181818182,0.14814814814814814,0.21306818181818177,0,0,normal,0.7869318181818182
SKAB,1,normal,331,bbbb,bbbb,bbbb,seen,0,bbbb->bbbb,0.7869318181818182,0.7869318181818182,0.14814814814814814,0.21306818181818177,0,0,normal,0.7869318181818182
SKAB,1,normal,332,bbbb,bbbb,bbbb,seen,0,bbbb->bbbb,0.7869318181818182,0.7869318181818182,0.14814814814814814,0.21306818181818177,0,0,normal,0.7869318181818182
SKAB,1,normal,333,bbbb,bbbb,bbbb,seen,0,bbbb->bbbb,0.7869318181818182,0.7869318181818182,0.14814814814814814,0.21306818181818177,0,0,normal,0.7869318181818182
SKAB,1,normal,334,bbbb,bbbb,bbbb,seen,0,bbbb->bbbb,0.7869318181818182,0.7869318181818182,0.14814814814814814,0.21306818181818177,0,0,normal,0.7869318181818182
SKAB,1,normal,335,bbbb,bbbb,bbbb,seen,0,bbbb->bbbb,0.7869318181818182,0.7869318181818182,0.14814814814814814,0.21306818181818177,0,0,normal,0.7869318181818182
SKAB,1,normal,336,bbbb,bbbb,bbbb,seen,0,bbbb->bbbb,0.7869318181818182,0.7869318181818182,0.14814814814814814,0.21306818181818177,0,0,normal,0.7869318181818182
SKAB,1,normal,337,bbbb,bbbb,bbbb,seen,0,bbbb->bbbb,0.7869318181818182,0.7869318181818182,0.14814814814814814,0.21306818181818177,0,0,normal,0.7869318181818182
SKAB,1,normal,338,bbbb,bbbb,bbbb,seen,0,bbbb->bbbb,0.7869318181818182,0.7869318181818182,0.14814814814814814,0.21306818181818177,0,0,normal,0.7869318181818182
SKAB,1,normal,339,bbbb,bbbb,bbbb,seen,0,bbbb->bbbb,0.7869318181818182,0.7869318181818182,0.14814814814814814,0.21306818181818177,0,0,normal,0.7869318181818182
SKAB,1,normal,340,bbbb,bbbb,bbbb,seen,0,bbbb->bbbb,0.7869318181818182,0.7869318181818182,0.14814814814814814,0.21306818181818177,0,0,normal,0.7869318181818182
SKAB,1,normal,341,bbbb,bbbb,bbbb,seen,0,bbbb->bbbb,0.7869318181818182,0.7869318181818182,0.14814814814814814,0.21306818181818177,0,0,normal,0.7869318181818182
SKAB,1,normal,342,bbbb,bbbb,bbbb,seen,0,bbbb->bbbb,0.7869318181818182,0.7869318181818182,0.14814814814814814,0.21306818181818177,0,0,normal,0.7869318181818182
SKAB,1,normal,343,bbbb,bbbb,bbbb,seen,0,bbbb->bbbb,0.7869318181818182,0.7869318181818182,0.14814814814814814,0.21306818181818177,0,0,normal,0.7869318181818182
SKAB,1,normal,344,bbbb,bbbb,bbbb,seen,0,bbbb->bbbb,0.7869318181818182,0.7869318181818182,0.14814814814814814,0.21306818181818177,0,0,normal,0.7869318181818182
SKAB,1,normal,345,bbbb,bbbb,bbbb,seen,0,bbbb->bbbb,0.7869318181818182,0.7869318181818182,0.14814814814814814,0.21306818181818177,0,0,normal,0.7869318181818182
SKAB,1,normal,346,bbbb,bbbb,bbbb,seen,0,bbbb->bbbb,0.7869318181818182,0.7869318181818182,0.14814814814814814,0.21306818181818177,0,0,normal,0.7869318181818182
SKAB,1,normal,347,bbbb,bbbb,bbbb,seen,0,bbbb->bbbb,0.7869318181818182,0.7869318181818182,0.14814814814814814,0.21306818181818177,0,0,normal,0.7869318181818182
SKAB,1,normal,348,bbbb,bbbb,bbbb,seen,0,bbbb->bbbb,0.7869318181818182,0.7869318181818182,0.14814814814814814,0.21306818181818177,0,0,normal,0.7869318181818182
SKAB,1,normal,349,bbbb,bbbb,bbbb,seen,0,bbbb->bbbb,0.7869318181818182,0.7869318181818182,0.14814814814814814,0.21306818181818177,0,0,normal,0.7869318181818182
SKAB,1,normal,350,bbbb,bbbb,bbbb,seen,0,bbbb->bbbb,0.7869318181818182,0.7869318181818182,0.14814814814814814,0.21306818181818177,0,0,normal,0.7869318181818182
SKAB,1,normal,351,bbbb,bbbb,bbbb,seen,0,bbbb->bbbb,0.7869318181818182,0.7869318181818182,0.14814814814814814,0.21306818181818177,0,0,normal,0.7869318181818182
SKAB,1,normal,352,bbbb,bbbb,bbbb,seen,0,bbbb->bbbb,0.7869318181818182,0.7869318181818182,0.14814814814814814,0.21306818181818177,0,0,normal,0.7869318181818182
SKAB,1,normal,353,bbbb,bbbb,bbbb,seen,0,bbbb->bbbb,0.7869318181818182,0.7869318181818182,0.14814814814814814,0.21306818181818177,0,0,normal,0.7869318181818182
SKAB,1,normal,354,bbbb,bbbb,bbbb,seen,0,bbbb->bbbb,0.7869318181818182,0.7869318181818182,0.14814814814814814,0.21306818181818177,0,0,normal,0.7869318181818182
SKAB,1,normal,355,bbbb,bbbb,bbbb,seen,0,bbbb->bbbb,0.7869318181818182,0.7869318181818182,0.14814814814814814,0.21306818181818177,0,0,normal,0.7869318181818182
SKAB,1,normal,356,bbbb,bbbb,bbbb,seen,0,bbbb->bbbb,0.7869318181818182,0.7869318181818182,0.14814814814814814,0.21306818181818177,0,0,normal,0.7869318181818182
SKAB,1,normal,357,bbbb,bbbb,bbbb,seen,0,bbbb->bbbb,0.7869318181818182,0.7869318181818182,0.14814814814814814,0.21306818181818177,0,0,normal,0.7869318181818182
SKAB,1,normal,358,bbbb,bbbb,bbbb,seen,0,bbbb->bbbb,0.7869318181818182,0.7869318181818182,0.14814814814814814,0.21306818181818177,0,0,normal,0.7869318181818182
SKAB,1,normal,359,bbbb,bbbb,bbbb,seen,0,bbbb->bbbb,0.7869318181818182,0.7869318181818182,0.14814814814814814,0.21306818181818177,0,0,normal,0.7869318181818182
SKAB,1,normal,360,bbbb,bbbb,bbbb,seen,0,bbbb->bbbb,0.7869318181818182,0.7869318181818182,0.14814814814814814,0.21306818181818177,0,0,normal,0.7869318181818182
SKAB,1,normal,361,bbbb,bbbb,bbbb,seen,0,bbbb->bbbb,0.7869318181818182,0.7869318181818182,0.14814814814814814,0.21306818181818177,0,0,normal,0.7869318181818182
SKAB,1,normal,362,bbbb,bbbb,bbbb,seen,0,bbbb->bbbb,0.7869318181818182,0.7869318181818182,0.14814814814814814,0.21306818181818177,0,0,normal,0.7869318181818182
SKAB,1,normal,363,bbbb,bbbb,bbbb,seen,0,bbbb->bbbb,0.7869318181818182,0.7869318181818182,0.14814814814814814,0.21306818181818177,0,0,normal,0.7869318181818182
SKAB,1,normal,364,bbbb,bbbb,bbbb,seen,0,bbbb->bbbb,0.7869318181818182,0.7869318181818182,0.14814814814814814,0.21306818181818177,0,0,normal,0.7869318181818182
SKAB,1,normal,365,bbbb,bbbb,bbbb,seen,0,bbbb->bbbb,0.7869318181818182,0.7869318181818182,0.14814814814814814,0.21306818181818177,0,0,normal,0.7869318181818182
SKAB,1,normal,366,bbbb,bbbb,bbbb,seen,0,bbbb->bbbb,0.7869318181818182,0.7869318181818182,0.14814814814814814,0.21306818181818177,0,0,normal,0.7869318181818182
SKAB,1,normal,367,bbbb,bbbb,bbbb,seen,0,bbbb->bbbb,0.7869318181818182,0.7869318181818182,0.14814814814814814,0.21306818181818177,0,0,normal,0.7869318181818182
SKAB,1,normal,368,bbbb,bbbb,bbbb,seen,0,bbbb->bbbb,0.7869318181818182,0.7869318181818182,0.14814814814814814,0.21306818181818177,0,0,normal,0.7869318181818182
SKAB,1,normal,369,bbbb,bbbb,bbbb,seen,0,bbbb->bbbb,0.7869318181818182,0.7869318181818182,0.14814814814814814,0.21306818181818177,0,0,normal,0.7869318181818182
SKAB,1,normal,370,bbbb,bbbb,bbbb,seen,0,bbbb->bbbb,0.7869318181818182,0.7869318181818182,0.14814814814814814,0.21306818181818177,0,0,normal,0.7869318181818182
SKAB,1,normal,371,bbbb,bbbb,bbbb,seen,0,bbbb->bbbb,0.7869318181818182,0.7869318181818182,0.14814814814814814,0.21306818181818177,0,0,normal,0.7869318181818182
SKAB,1,normal,372,bbbb,bbbb,bbbb,seen,0,bbbb->bbbb,0.7869318181818182,0.7869318181818182,0.14814814814814814,0.21306818181818177,0,0,normal,0.7869318181818182
SKAB,1,normal,373,bbbb,bbbb,bbbb,seen,0,bbbb->bbbb,0.7869318181818182,0.7869318181818182,0.14814814814814814,0.21306818181818177,0,0,normal,0.7869318181818182
SKAB,1,normal,374,bbbb,bbbb,bbbb,seen,0,bbbb->bbbb,0.7869318181818182,0.7869318181818182,0.14814814814814814,0.21306818181818177,0,0,normal,0.7869318181818182
SKAB,1,normal,375,bbbb,bbbb,bbbb,seen,0,bbbb->bbbb,0.7869318181818182,0.7869318181818182,0.14814814814814814,0.21306818181818177,0,0,normal,0.7869318181818182
SKAB,1,normal,376,bbbb,bbbb,bbbb,seen,0,bbbb->bbbb,0.7869318181818182,0.7869318181818182,0.14814814814814814,0.21306818181818177,0,0,normal,0.7869318181818182
SKAB,1,normal,377,bbbb,bbbb,bbbb,seen,0,bbbb->bbbb,0.7869318181818182,0.7869318181818182,0.14814814814814814,0.21306818181818177,0,0,normal,0.7869318181818182
SKAB,1,normal,378,bbbb,bbbb,bbbb,seen,0,bbbb->bbbb,0.7869318181818182,0.7869318181818182,0.14814814814814814,0.21306818181818177,0,0,normal,0.7869318181818182
SKAB,1,normal,379,bbbb,bbbb,bbbb,seen,0,bbbb->bbbb,0.7869318181818182,0.7869318181818182,0.14814814814814814,0.21306818181818177,0,0,normal,0.7869318181818182
SKAB,1,normal,380,bbbb,bbbb,bbbb,seen,0,bbbb->bbbb,0.7869318181818182,0.7869318181818182,0.14814814814814814,0.21306818181818177,0,0,normal,0.7869318181818182
SKAB,1,normal,381,bbbb,bbbb,bbbb,seen,0,bbbb->bbbb,0.7869318181818182,0.7869318181818182,0.14814814814814814,0.21306818181818177,0,0,normal,0.7869318181818182
SKAB,1,normal,382,bbbb,bbbb,bbbb,seen,0,bbbb->bbbb,0.7869318181818182,0.7869318181818182,0.14814814814814814,0.21306818181818177,0,0,normal,0.7869318181818182
SKAB,1,normal,383,bbbb,bbbb,bbbb,seen,0,bbbb->bbbb,0.7869318181818182,0.7869318181818182,0.14814814814814814,0.21306818181818177,0,0,normal,0.7869318181818182
SKAB,1,normal,384,bbbb,bbbb,bbbb,seen,0,bbbb->bbbb,0.7869318181818182,0.7869318181818182,0.14814814814814814,0.21306818181818177,0,0,normal,0.7869318181818182
SKAB,1,normal,385,bbbb,bbbb,bbbb,seen,0,bbbb->bbbb,0.7869318181818182,0.7869318181818182,0.14814814814814814,0.21306818181818177,0,0,normal,0.7869318181818182
SKAB,1,normal,386,bbbb,bbbb,bbbb,seen,0,bbbb->bbbb,0.7869318181818182,0.7869318181818182,0.14814814814814814,0.21306818181818177,0,0,normal,0.7869318181818182
SKAB,1,normal,387,bbbb,bbbb,bbbb,seen,0,bbbb->bbbb,0.7869318181818182,0.7869318181818182,0.14814814814814814,0.21306818181818177,0,0,normal,0.7869318181818182
SKAB,1,normal,388,bbbb,bbbb,bbbb,seen,0,bbbb->bbbb,0.7869318181818182,0.7869318181818182,0.14814814814814814,0.21306818181818177,0,0,normal,0.7869318181818182
SKAB,1,normal,389,bbbb,bbbb,bbbb,seen,0,bbbb->bbbb,0.7869318181818182,0.7869318181818182,0.14814814814814814,0.21306818181818177,0,0,normal,0.7869318181818182
SKAB,1,normal,390,bbbb,bbbb,bbbb,seen,0,bbbb->bbbb,0.7869318181818182,0.7869318181818182,0.14814814814814814,0.21306818181818177,0,0,normal,0.7869318181818182
SKAB,1,normal,391,bbbb,bbbb,bbbb,seen,0,bbbb->bbbb,0.7869318181818182,0.7869318181818182,0.14814814814814814,0.21306818181818177,1,0,normal,0.7869318181818182
SKAB,1,normal,392,bbbb,bbbb,bbbb,seen,0,bbbb->bbbb,0.7869318181818182,0.7869318181818182,0.14814814814814814,0.21306818181818177,1,0,normal,0.7869318181818182
SKAB,1,normal,393,bbbb,bbbb,bbbb,seen,0,bbbb->bbbb,0.7869318181818182,0.7869318181818182,0.14814814814814814,0.21306818181818177,1,0,normal,0.7869318181818182
SKAB,1,normal,394,bbbb,bbbb,bbbb,seen,0,bbbb->bbbb,0.7869318181818182,0.7869318181818182,0.14814814814814814,0.21306818181818177,1,0,normal,0.7869318181818182
SKAB,1,normal,395,bbbb,bbbb,bbbb,seen,0,bbbb->bbbb,0.7869318181818182,0.7869318181818182,0.14814814814814814,0.21306818181818177,1,0,normal,0.7869318181818182
SKAB,1,normal,396,bbbb,bbbb,bbbb,seen,0,bbbb->bbbb,0.7869318181818182,0.7869318181818182,0.14814814814814814,0.21306818181818177,1,0,normal,0.7869318181818182
SKAB,1,normal,397,bbbb,bbbb,bbbb,seen,0,bbbb->bbbb,0.7869318181818182,0.7869318181818182,0.14814814814814814,0.21306818181818177,1,0,normal,0.7869318181818182
SKAB,1,normal,398,bbbb,bbbb,bbbb,seen,0,bbbb->bbbb,0.7869318181818182,0.7869318181818182,0.14814814814814814,0.21306818181818177,1,0,normal,0.7869318181818182
SKAB,1,normal,399,bbbb,bbbb,bbbb,seen,0,bbbb->bbbb,0.7869318181818182,0.7869318181818182,0.14814814814814814,0.21306818181818177,1,0,normal,0.7869318181818182
SKAB,1,normal,400,bbbb,bbbb,bbbb,seen,0,bbbb->bbbb,0.7869318181818182,0.7869318181818182,0.14814814814814814,0.21306818181818177,1,0,normal,0.7869318181818182
SKAB,1,normal,401,bbbb,bbbb,bbbb,seen,0,bbbb->bbbb,0.7869318181818182,0.7869318181818182,0.14814814814814814,0.21306818181818177,1,0,normal,0.7869318181818182
SKAB,1,normal,402,bbbb,bbbb,bbbb,seen,0,bbbb->bbbb,0.7869318181818182,0.7869318181818182,0.14814814814814814,0.21306818181818177,1,0,normal,0.7869318181818182
SKAB,1,normal,403,bbbb,bbbb,bbbb,seen,0,bbbb->bbbb,0.7869318181818182,0.7869318181818182,0.14814814814814814,0.21306818181818177,1,0,normal,0.7869318181818182
SKAB,1,normal,404,bbbb,bbbb,bbbb,seen,0,bbbb->bbbb,0.7869318181818182,0.7869318181818182,0.14814814814814814,0.21306818181818177,1,0,normal,0.7869318181818182
SKAB,1,normal,405,bbbb,bbbb,bbbb,seen,0,bbbb->bbbb,0.7869318181818182,0.7869318181818182,0.14814814814814814,0.21306818181818177,1,0,normal,0.7869318181818182
SKAB,1,normal,406,bbbb,bbbb,bbbb,seen,0,bbbb->bbbb,0.7869318181818182,0.7869318181818182,0.14814814814814814,0.21306818181818177,1,0,normal,0.7869318181818182
SKAB,1,normal,407,bbbb,bbbb,bbbb,seen,0,bbbb->bbbb,0.7869318181818182,0.7869318181818182,0.14814814814814814,0.21306818181818177,1,0,normal,0.7869318181818182
SKAB,1,normal,408,bbbb,bbbb,bbbb,seen,0,bbbb->bbbb,0.7869318181818182,0.7869318181818182,0.14814814814814814,0.21306818181818177,1,0,normal,0.7869318181818182
SKAB,1,normal,409,bbbb,bbbb,bbbb,seen,0,bbbb->bbbb,0.7869318181818182,0.7869318181818182,0.14814814814814814,0.21306818181818177,1,0,normal,0.7869318181818182
SKAB,1,normal,410,bbbb,bbbb,bbbb,seen,0,bbbb->bbbb,0.7869318181818182,0.7869318181818182,0.14814814814814814,0.21306818181818177,1,0,normal,0.7869318181818182
SKAB,1,normal,411,bbbb,bbbb,bbbb,seen,0,bbbb->bbbb,0.7869318181818182,0.7869318181818182,0.14814814814814814,0.21306818181818177,1,0,normal,0.7869318181818182
SKAB,1,normal,412,bbbb,bbbb,bbbb,seen,0,bbbb->bbbb,0.7869318181818182,0.7869318181818182,0.14814814814814814,0.21306818181818177,1,0,normal,0.7869318181818182
SKAB,1,normal,413,bbbb,bbbb,bbbb,seen,0,bbbb->bbbb,0.7869318181818182,0.7869318181818182,0.14814814814814814,0.21306818181818177,1,0,normal,0.7869318181818182
SKAB,1,normal,414,bbbb,bbba,bbba,seen,0,bbbb->bbba,0.08238636363636363,0.08238636363636363,0.14814814814814814,0.9176136363636364,1,1,anomaly,0.08238636363636363
SKAB,1,normal,415,bbba,bbaa,bbaa,seen,0,bbba->bbaa,0.30434782608695654,0.30434782608695654,0.14814814814814814,0.6956521739130435,1,0,normal,0.30434782608695654
SKAB,1,normal,416,bbaa,baaa,baaa,seen,0,bbaa->baaa,0.31343283582089554,0.31343283582089554,0.14814814814814814,0.6865671641791045,1,0,normal,0.31343283582089554
SKAB,1,normal,417,baaa,aaaa,aaaa,seen,0,baaa->aaaa,0.42857142857142855,0.42857142857142855,0.14814814814814814,0.5714285714285714,1,0,normal,0.42857142857142855
SKAB,1,normal,418,aaaa,aaaa,aaaa,seen,0,aaaa->aaaa,0.862144420131291,0.862144420131291,0.14814814814814814,0.137855579868709,1,0,normal,0.862144420131291
SKAB,1,normal,419,aaaa,aaaa,aaaa,seen,0,aaaa->aaaa,0.862144420131291,0.862144420131291,0.14814814814814814,0.137855579868709,1,0,normal,0.862144420131291
SKAB,1,normal,420,aaaa,aaaa,aaaa,seen,0,aaaa->aaaa,0.862144420131291,0.862144420131291,0.14814814814814814,0.137855579868709,1,0,normal,0.862144420131291
SKAB,1,normal,421,aaaa,aaaa,aaaa,seen,0,aaaa->aaaa,0.862144420131291,0.862144420131291,0.14814814814814814,0.137855579868709,1,0,normal,0.862144420131291
SKAB,1,normal,422,aaaa,aaaa,aaaa,seen,0,aaaa->aaaa,0.862144420131291,0.862144420131291,0.14814814814814814,0.137855579868709,1,0,normal,0.862144420131291
SKAB,1,normal,423,aaaa,aaaa,aaaa,seen,0,aaaa->aaaa,0.862144420131291,0.862144420131291,0.14814814814814814,0.137855579868709,1,0,normal,0.862144420131291
SKAB,1,normal,424,aaaa,aaaa,aaaa,seen,0,aaaa->aaaa,0.862144420131291,0.862144420131291,0.14814814814814814,0.137855579868709,1,0,normal,0.862144420131291
SKAB,1,normal,425,aaaa,aaaa,aaaa,seen,0,aaaa->aaaa,0.862144420131291,0.862144420131291,0.14814814814814814,0.137855579868709,1,0,normal,0.862144420131291
SKAB,1,normal,426,aaaa,aaaa,aaaa,seen,0,aaaa->aaaa,0.862144420131291,0.862144420131291,0.14814814814814814,0.137855579868709,1,0,normal,0.862144420131291
SKAB,1,normal,427,aaaa,aaaa,aaaa,seen,0,aaaa->aaaa,0.862144420131291,0.862144420131291,0.14814814814814814,0.137855579868709,1,0,normal,0.862144420131291
SKAB,1,normal,428,aaaa,aaaa,aaaa,seen,0,aaaa->aaaa,0.862144420131291,0.862144420131291,0.14814814814814814,0.137855579868709,1,0,normal,0.862144420131291
SKAB,1,normal,429,aaaa,aaaa,aaaa,seen,0,aaaa->aaaa,0.862144420131291,0.862144420131291,0.14814814814814814,0.137855579868709,1,0,normal,0.862144420131291
SKAB,1,normal,430,aaaa,aaaa,aaaa,seen,0,aaaa->aaaa,0.862144420131291,0.862144420131291,0.14814814814814814,0.137855579868709,1,0,normal,0.862144420131291
SKAB,1,normal,431,aaaa,aaaa,aaaa,seen,0,aaaa->aaaa,0.862144420131291,0.862144420131291,0.14814814814814814,0.137855579868709,1,0,normal,0.862144420131291
SKAB,1,normal,432,aaaa,aaaa,aaaa,seen,0,aaaa->aaaa,0.862144420131291,0.862144420131291,0.14814814814814814,0.137855579868709,1,0,normal,0.862144420131291
SKAB,1,normal,433,aaaa,aaaa,aaaa,seen,0,aaaa->aaaa,0.862144420131291,0.862144420131291,0.14814814814814814,0.137855579868709,1,0,normal,0.862144420131291
SKAB,1,normal,434,aaaa,aaaa,aaaa,seen,0,aaaa->aaaa,0.862144420131291,0.862144420131291,0.14814814814814814,0.137855579868709,1,0,normal,0.862144420131291
SKAB,1,normal,435,aaaa,aaaa,aaaa,seen,0,aaaa->aaaa,0.862144420131291,0.862144420131291,0.14814814814814814,0.137855579868709,0,0,normal,0.862144420131291
SKAB,1,normal,436,aaaa,aaaa,aaaa,seen,0,aaaa->aaaa,0.862144420131291,0.862144420131291,0.14814814814814814,0.137855579868709,0,0,normal,0.862144420131291
SKAB,1,normal,437,aaaa,aaaa,aaaa,seen,0,aaaa->aaaa,0.862144420131291,0.862144420131291,0.14814814814814814,0.137855579868709,0,0,normal,0.862144420131291
SKAB,1,normal,438,aaaa,aaaa,aaaa,seen,0,aaaa->aaaa,0.862144420131291,0.862144420131291,0.14814814814814814,0.137855579868709,0,0,normal,0.862144420131291
SKAB,1,normal,439,aaaa,aaaa,aaaa,seen,0,aaaa->aaaa,0.862144420131291,0.862144420131291,0.14814814814814814,0.137855579868709,0,0,normal,0.862144420131291
SKAB,1,normal,440,aaaa,aaaa,aaaa,seen,0,aaaa->aaaa,0.862144420131291,0.862144420131291,0.14814814814814814,0.137855579868709,0,0,normal,0.862144420131291
SKAB,1,normal,441,aaaa,aaaa,aaaa,seen,0,aaaa->aaaa,0.862144420131291,0.862144420131291,0.14814814814814814,0.137855579868709,0,0,normal,0.862144420131291
SKAB,1,normal,442,aaaa,aaaa,aaaa,seen,0,aaaa->aaaa,0.862144420131291,0.862144420131291,0.14814814814814814,0.137855579868709,0,0,normal,0.862144420131291
SKAB,1,normal,443,aaaa,aaaa,aaaa,seen,0,aaaa->aaaa,0.862144420131291,0.862144420131291,0.14814814814814814,0.137855579868709,0,0,normal,0.862144420131291
SKAB,1,normal,444,aaaa,aaaa,aaaa,seen,0,aaaa->aaaa,0.862144420131291,0.862144420131291,0.14814814814814814,0.137855579868709,0,0,normal,0.862144420131291
SKAB,1,normal,445,aaaa,aaaa,aaaa,seen,0,aaaa->aaaa,0.862144420131291,0.862144420131291,0.14814814814814814,0.137855579868709,0,0,normal,0.862144420131291
SKAB,1,normal,446,aaaa,aaaa,aaaa,seen,0,aaaa->aaaa,0.862144420131291,0.862144420131291,0.14814814814814814,0.137855579868709,0,0,normal,0.862144420131291
SKAB,1,normal,447,aaaa,aaaa,aaaa,seen,0,aaaa->aaaa,0.862144420131291,0.862144420131291,0.14814814814814814,0.137855579868709,0,0,normal,0.862144420131291
SKAB,2,normal,1,cccc,cccc,cccc,seen,0,cccc->cccc,0.9318568994889267,0.9318568994889267,0.16129032258064516,0.0681431005110733,0,0,normal,0.9318568994889267
SKAB,2,normal,2,cccc,cccc,cccc,seen,0,cccc->cccc,0.9318568994889267,0.9318568994889267,0.16129032258064516,0.0681431005110733,0,0,normal,0.9318568994889267
SKAB,2,normal,3,cccc,cccc,cccc,seen,0,cccc->cccc,0.9318568994889267,0.9318568994889267,0.16129032258064516,0.0681431005110733,0,0,normal,0.9318568994889267
SKAB,2,normal,4,cccc,cccc,cccc,seen,0,cccc->cccc,0.9318568994889267,0.9318568994889267,0.16129032258064516,0.0681431005110733,0,0,normal,0.9318568994889267
SKAB,2,normal,5,cccc,cccc,cccc,seen,0,cccc->cccc,0.9318568994889267,0.9318568994889267,0.16129032258064516,0.0681431005110733,0,0,normal,0.9318568994889267
SKAB,2,normal,6,cccc,cccc,cccc,seen,0,cccc->cccc,0.9318568994889267,0.9318568994889267,0.16129032258064516,0.0681431005110733,0,0,normal,0.9318568994889267
SKAB,2,normal,7,cccc,cccc,cccc,seen,0,cccc->cccc,0.9318568994889267,0.9318568994889267,0.16129032258064516,0.0681431005110733,0,0,normal,0.9318568994889267
SKAB,2,normal,8,cccc,cccc,cccc,seen,0,cccc->cccc,0.9318568994889267,0.9318568994889267,0.16129032258064516,0.0681431005110733,0,0,normal,0.9318568994889267
SKAB,2,normal,9,cccc,cccc,cccc,seen,0,cccc->cccc,0.9318568994889267,0.9318568994889267,0.16129032258064516,0.0681431005110733,0,0,normal,0.9318568994889267
SKAB,2,normal,10,cccc,cccc,cccc,seen,0,cccc->cccc,0.9318568994889267,0.9318568994889267,0.16129032258064516,0.0681431005110733,0,0,normal,0.9318568994889267
SKAB,2,normal,11,cccc,cccc,cccc,seen,0,cccc->cccc,0.9318568994889267,0.9318568994889267,0.16129032258064516,0.0681431005110733,0,0,normal,0.9318568994889267
SKAB,2,normal,12,cccc,cccc,cccc,seen,0,cccc->cccc,0.9318568994889267,0.9318568994889267,0.16129032258064516,0.0681431005110733,0,0,normal,0.9318568994889267
SKAB,2,normal,13,cccc,cccc,cccc,seen,0,cccc->cccc,0.9318568994889267,0.9318568994889267,0.16129032258064516,0.0681431005110733,0,0,normal,0.9318568994889267
SKAB,2,normal,14,cccc,cccc,cccc,seen,0,cccc->cccc,0.9318568994889267,0.9318568994889267,0.16129032258064516,0.0681431005110733,0,0,normal,0.9318568994889267
SKAB,2,normal,15,cccc,cccc,cccc,seen,0,cccc->cccc,0.9318568994889267,0.9318568994889267,0.16129032258064516,0.0681431005110733,0,0,normal,0.9318568994889267
SKAB,2,normal,16,cccc,cccc,cccc,seen,0,cccc->cccc,0.9318568994889267,0.9318568994889267,0.16129032258064516,0.0681431005110733,0,0,normal,0.9318568994889267
SKAB,2,normal,17,cccc,cccc,cccc,seen,0,cccc->cccc,0.9318568994889267,0.9318568994889267,0.16129032258064516,0.0681431005110733,0,0,normal,0.9318568994889267
SKAB,2,normal,18,cccc,cccc,cccc,seen,0,cccc->cccc,0.9318568994889267,0.9318568994889267,0.16129032258064516,0.0681431005110733,0,0,normal,0.9318568994889267
SKAB,2,normal,19,cccc,cccc,cccc,seen,0,cccc->cccc,0.9318568994889267,0.9318568994889267,0.16129032258064516,0.0681431005110733,0,0,normal,0.9318568994889267
SKAB,2,normal,20,cccc,cccc,cccc,seen,0,cccc->cccc,0.9318568994889267,0.9318568994889267,0.16129032258064516,0.0681431005110733,0,0,normal,0.9318568994889267
SKAB,2,normal,21,cccc,cccc,cccc,seen,0,cccc->cccc,0.9318568994889267,0.9318568994889267,0.16129032258064516,0.0681431005110733,0,0,normal,0.9318568994889267
SKAB,2,normal,22,cccc,cccc,cccc,seen,0,cccc->cccc,0.9318568994889267,0.9318568994889267,0.16129032258064516,0.0681431005110733,0,0,normal,0.9318568994889267
SKAB,2,normal,23,cccc,cccc,cccc,seen,0,cccc->cccc,0.9318568994889267,0.9318568994889267,0.16129032258064516,0.0681431005110733,0,0,normal,0.9318568994889267
SKAB,2,normal,24,cccc,cccc,cccc,seen,0,cccc->cccc,0.9318568994889267,0.9318568994889267,0.16129032258064516,0.0681431005110733,0,0,normal,0.9318568994889267
SKAB,2,normal,25,cccc,cccc,cccc,seen,0,cccc->cccc,0.9318568994889267,0.9318568994889267,0.16129032258064516,0.0681431005110733,0,0,normal,0.9318568994889267
SKAB,2,normal,26,cccc,cccc,cccc,seen,0,cccc->cccc,0.9318568994889267,0.9318568994889267,0.16129032258064516,0.0681431005110733,0,0,normal,0.9318568994889267
SKAB,2,normal,27,cccc,cccc,cccc,seen,0,cccc->cccc,0.9318568994889267,0.9318568994889267,0.16129032258064516,0.0681431005110733,0,0,normal,0.9318568994889267
SKAB,2,normal,28,cccc,cccc,cccc,seen,0,cccc->cccc,0.9318568994889267,0.9318568994889267,0.16129032258064516,0.0681431005110733,0,0,normal,0.9318568994889267
SKAB,2,normal,29,cccc,cccc,cccc,seen,0,cccc->cccc,0.9318568994889267,0.9318568994889267,0.16129032258064516,0.0681431005110733,0,0,normal,0.9318568994889267
SKAB,2,normal,30,cccc,cccc,cccc,seen,0,cccc->cccc,0.9318568994889267,0.9318568994889267,0.16129032258064516,0.0681431005110733,0,0,normal,0.9318568994889267
SKAB,2,normal,31,cccc,cccc,cccc,seen,0,cccc->cccc,0.9318568994889267,0.9318568994889267,0.16129032258064516,0.0681431005110733,0,0,normal,0.9318568994889267
SKAB,2,normal,32,cccc,cccc,cccc,seen,0,cccc->cccc,0.9318568994889267,0.9318568994889267,0.16129032258064516,0.0681431005110733,0,0,normal,0.9318568994889267
SKAB,2,normal,33,cccc,cccc,cccc,seen,0,cccc->cccc,0.9318568994889267,0.9318568994889267,0.16129032258064516,0.0681431005110733,0,0,normal,0.9318568994889267
SKAB,2,normal,34,cccc,cccc,cccc,seen,0,cccc->cccc,0.9318568994889267,0.9318568994889267,0.16129032258064516,0.0681431005110733,0,0,normal,0.9318568994889267
SKAB,2,normal,35,cccc,cccc,cccc,seen,0,cccc->cccc,0.9318568994889267,0.9318568994889267,0.16129032258064516,0.0681431005110733,0,0,normal,0.9318568994889267
SKAB,2,normal,36,cccc,cccc,cccc,seen,0,cccc->cccc,0.9318568994889267,0.9318568994889267,0.16129032258064516,0.0681431005110733,0,0,normal,0.9318568994889267
SKAB,2,normal,37,cccc,cccc,cccc,seen,0,cccc->cccc,0.9318568994889267,0.9318568994889267,0.16129032258064516,0.0681431005110733,0,0,normal,0.9318568994889267
SKAB,2,normal,38,cccc,cccc,cccc,seen,0,cccc->cccc,0.9318568994889267,0.9318568994889267,0.16129032258064516,0.0681431005110733,0,0,normal,0.9318568994889267
SKAB,2,normal,39,cccc,cccc,cccc,seen,0,cccc->cccc,0.9318568994889267,0.9318568994889267,0.16129032258064516,0.0681431005110733,0,0,normal,0.9318568994889267
SKAB,2,normal,40,cccc,cccc,cccc,seen,0,cccc->cccc,0.9318568994889267,0.9318568994889267,0.16129032258064516,0.0681431005110733,0,0,normal,0.9318568994889267
SKAB,2,normal,41,cccc,cccc,cccc,seen,0,cccc->cccc,0.9318568994889267,0.9318568994889267,0.16129032258064516,0.0681431005110733,0,0,normal,0.9318568994889267
SKAB,2,normal,42,cccc,cccc,cccc,seen,0,cccc->cccc,0.9318568994889267,0.9318568994889267,0.16129032258064516,0.0681431005110733,0,0,normal,0.9318568994889267
SKAB,2,normal,43,cccc,cccc,cccc,seen,0,cccc->cccc,0.9318568994889267,0.9318568994889267,0.16129032258064516,0.0681431005110733,0,0,normal,0.9318568994889267
SKAB,2,normal,44,cccc,cccc,cccc,seen,0,cccc->cccc,0.9318568994889267,0.9318568994889267,0.16129032258064516,0.0681431005110733,0,0,normal,0.9318568994889267
SKAB,2,normal,45,cccc,cccc,cccc,seen,0,cccc->cccc,0.9318568994889267,0.9318568994889267,0.16129032258064516,0.0681431005110733,0,0,normal,0.9318568994889267
SKAB,2,normal,46,cccc,cccc,cccc,seen,0,cccc->cccc,0.9318568994889267,0.9318568994889267,0.16129032258064516,0.0681431005110733,0,0,normal,0.9318568994889267
SKAB,2,normal,47,cccc,cccc,cccc,seen,0,cccc->cccc,0.9318568994889267,0.9318568994889267,0.16129032258064516,0.0681431005110733,0,0,normal,0.9318568994889267
SKAB,2,normal,48,cccc,cccc,cccc,seen,0,cccc->cccc,0.9318568994889267,0.9318568994889267,0.16129032258064516,0.0681431005110733,0,0,normal,0.9318568994889267
SKAB,2,normal,49,cccc,cccc,cccc,seen,0,cccc->cccc,0.9318568994889267,0.9318568994889267,0.16129032258064516,0.0681431005110733,0,0,normal,0.9318568994889267
SKAB,2,normal,50,cccc,cccc,cccc,seen,0,cccc->cccc,0.9318568994889267,0.9318568994889267,0.16129032258064516,0.0681431005110733,0,0,normal,0.9318568994889267
SKAB,2,normal,51,cccc,cccc,cccc,seen,0,cccc->cccc,0.9318568994889267,0.9318568994889267,0.16129032258064516,0.0681431005110733,0,0,normal,0.9318568994889267
SKAB,2,normal,52,cccc,cccc,cccc,seen,0,cccc->cccc,0.9318568994889267,0.9318568994889267,0.16129032258064516,0.0681431005110733,0,0,normal,0.9318568994889267
SKAB,2,normal,53,cccc,cccc,cccc,seen,0,cccc->cccc,0.9318568994889267,0.9318568994889267,0.16129032258064516,0.0681431005110733,0,0,normal,0.9318568994889267
SKAB,2,normal,54,cccc,cccc,cccc,seen,0,cccc->cccc,0.9318568994889267,0.9318568994889267,0.16129032258064516,0.0681431005110733,1,0,normal,0.9318568994889267
SKAB,2,normal,55,cccc,cccc,cccc,seen,0,cccc->cccc,0.9318568994889267,0.9318568994889267,0.16129032258064516,0.0681431005110733,1,0,normal,0.9318568994889267
SKAB,2,normal,56,cccc,cccc,cccc,seen,0,cccc->cccc,0.9318568994889267,0.9318568994889267,0.16129032258064516,0.0681431005110733,1,0,normal,0.9318568994889267
SKAB,2,normal,57,cccc,cccc,cccc,seen,0,cccc->cccc,0.9318568994889267,0.9318568994889267,0.16129032258064516,0.0681431005110733,1,0,normal,0.9318568994889267
SKAB,2,normal,58,cccc,cccc,cccc,seen,0,cccc->cccc,0.9318568994889267,0.9318568994889267,0.16129032258064516,0.0681431005110733,1,0,normal,0.9318568994889267
SKAB,2,normal,59,cccc,cccc,cccc,seen,0,cccc->cccc,0.9318568994889267,0.9318568994889267,0.16129032258064516,0.0681431005110733,1,0,normal,0.9318568994889267
SKAB,2,normal,60,cccc,cccc,cccc,seen,0,cccc->cccc,0.9318568994889267,0.9318568994889267,0.16129032258064516,0.0681431005110733,1,0,normal,0.9318568994889267
SKAB,2,normal,61,cccc,cccc,cccc,seen,0,cccc->cccc,0.9318568994889267,0.9318568994889267,0.16129032258064516,0.0681431005110733,1,0,normal,0.9318568994889267
SKAB,2,normal,62,cccc,cccc,cccc,seen,0,cccc->cccc,0.9318568994889267,0.9318568994889267,0.16129032258064516,0.0681431005110733,1,0,normal,0.9318568994889267
SKAB,2,normal,63,cccc,cccc,cccc,seen,0,cccc->cccc,0.9318568994889267,0.9318568994889267,0.16129032258064516,0.0681431005110733,1,0,normal,0.9318568994889267
SKAB,2,normal,64,cccc,cccc,cccc,seen,0,cccc->cccc,0.9318568994889267,0.9318568994889267,0.16129032258064516,0.0681431005110733,1,0,normal,0.9318568994889267
SKAB,2,normal,65,cccc,cccc,cccc,seen,0,cccc->cccc,0.9318568994889267,0.9318568994889267,0.16129032258064516,0.0681431005110733,1,0,normal,0.9318568994889267
SKAB,2,normal,66,cccc,cccc,cccc,seen,0,cccc->cccc,0.9318568994889267,0.9318568994889267,0.16129032258064516,0.0681431005110733,1,0,normal,0.9318568994889267
SKAB,2,normal,67,cccc,cccc,cccc,seen,0,cccc->cccc,0.9318568994889267,0.9318568994889267,0.16129032258064516,0.0681431005110733,1,0,normal,0.9318568994889267
SKAB,2,normal,68,cccc,cccc,cccc,seen,0,cccc->cccc,0.9318568994889267,0.9318568994889267,0.16129032258064516,0.0681431005110733,1,0,normal,0.9318568994889267
SKAB,2,normal,69,cccc,cccc,cccc,seen,0,cccc->cccc,0.9318568994889267,0.9318568994889267,0.16129032258064516,0.0681431005110733,1,0,normal,0.9318568994889267
SKAB,2,normal,70,cccc,cccc,cccc,seen,0,cccc->cccc,0.9318568994889267,0.9318568994889267,0.16129032258064516,0.0681431005110733,1,0,normal,0.9318568994889267
SKAB,2,normal,71,cccc,cccc,cccc,seen,0,cccc->cccc,0.9318568994889267,0.9318568994889267,0.16129032258064516,0.0681431005110733,1,0,normal,0.9318568994889267
SKAB,2,normal,72,cccc,cccc,cccc,seen,0,cccc->cccc,0.9318568994889267,0.9318568994889267,0.16129032258064516,0.0681431005110733,1,0,normal,0.9318568994889267
SKAB,2,normal,73,cccc,cccc,cccc,seen,0,cccc->cccc,0.9318568994889267,0.9318568994889267,0.16129032258064516,0.0681431005110733,1,0,normal,0.9318568994889267
SKAB,2,normal,74,cccc,cccc,cccc,seen,0,cccc->cccc,0.9318568994889267,0.9318568994889267,0.16129032258064516,0.0681431005110733,1,0,normal,0.9318568994889267
SKAB,2,normal,75,cccc,cccc,cccc,seen,0,cccc->cccc,0.9318568994889267,0.9318568994889267,0.16129032258064516,0.0681431005110733,1,0,normal,0.9318568994889267
SKAB,2,normal,76,cccc,cccc,cccc,seen,0,cccc->cccc,0.9318568994889267,0.9318568994889267,0.16129032258064516,0.0681431005110733,1,0,normal,0.9318568994889267
SKAB,2,normal,77,cccc,cccc,cccc,seen,0,cccc->cccc,0.9318568994889267,0.9318568994889267,0.16129032258064516,0.0681431005110733,1,0,normal,0.9318568994889267
SKAB,2,normal,78,cccc,cccc,cccc,seen,0,cccc->cccc,0.9318568994889267,0.9318568994889267,0.16129032258064516,0.0681431005110733,1,0,normal,0.9318568994889267
SKAB,2,normal,79,cccc,cccc,cccc,seen,0,cccc->cccc,0.9318568994889267,0.9318568994889267,0.16129032258064516,0.0681431005110733,1,0,normal,0.9318568994889267
SKAB,2,normal,80,cccc,cccc,cccc,seen,0,cccc->cccc,0.9318568994889267,0.9318568994889267,0.16129032258064516,0.0681431005110733,1,0,normal,0.9318568994889267
SKAB,2,normal,81,cccc,cccc,cccc,seen,0,cccc->cccc,0.9318568994889267,0.9318568994889267,0.16129032258064516,0.0681431005110733,1,0,normal,0.9318568994889267
SKAB,2,normal,82,cccc,cccc,cccc,seen,0,cccc->cccc,0.9318568994889267,0.9318568994889267,0.16129032258064516,0.0681431005110733,1,0,normal,0.9318568994889267
SKAB,2,normal,83,cccc,cccc,cccc,seen,0,cccc->cccc,0.9318568994889267,0.9318568994889267,0.16129032258064516,0.0681431005110733,1,0,normal,0.9318568994889267
SKAB,2,normal,84,cccc,cccc,cccc,seen,0,cccc->cccc,0.9318568994889267,0.9318568994889267,0.16129032258064516,0.0681431005110733,1,0,normal,0.9318568994889267
SKAB,2,normal,85,cccc,cccc,cccc,seen,0,cccc->cccc,0.9318568994889267,0.9318568994889267,0.16129032258064516,0.0681431005110733,1,0,normal,0.9318568994889267
SKAB,2,normal,86,cccc,cccc,cccc,seen,0,cccc->cccc,0.9318568994889267,0.9318568994889267,0.16129032258064516,0.0681431005110733,1,0,normal,0.9318568994889267
SKAB,2,normal,87,cccc,cccc,cccc,seen,0,cccc->cccc,0.9318568994889267,0.9318568994889267,0.16129032258064516,0.0681431005110733,1,0,normal,0.9318568994889267
SKAB,2,normal,88,cccc,cccc,cccc,seen,0,cccc->cccc,0.9318568994889267,0.9318568994889267,0.16129032258064516,0.0681431005110733,1,0,normal,0.9318568994889267
SKAB,2,normal,89,cccc,cccc,cccc,seen,0,cccc->cccc,0.9318568994889267,0.9318568994889267,0.16129032258064516,0.0681431005110733,1,0,normal,0.9318568994889267
SKAB,2,normal,90,cccc,cccc,cccc,seen,0,cccc->cccc,0.9318568994889267,0.9318568994889267,0.16129032258064516,0.0681431005110733,1,0,normal,0.9318568994889267
SKAB,2,normal,91,cccc,cccc,cccc,seen,0,cccc->cccc,0.9318568994889267,0.9318568994889267,0.16129032258064516,0.0681431005110733,1,0,normal,0.9318568994889267
SKAB,2,normal,92,cccc,cccc,cccc,seen,0,cccc->cccc,0.9318568994889267,0.9318568994889267,0.16129032258064516,0.0681431005110733,1,0,normal,0.9318568994889267
SKAB,2,normal,93,cccc,cccc,cccc,seen,0,cccc->cccc,0.9318568994889267,0.9318568994889267,0.16129032258064516,0.0681431005110733,1,0,normal,0.9318568994889267
SKAB,2,normal,94,cccc,cccc,cccc,seen,0,cccc->cccc,0.9318568994889267,0.9318568994889267,0.16129032258064516,0.0681431005110733,1,0,normal,0.9318568994889267
SKAB,2,normal,95,cccc,cccc,cccc,seen,0,cccc->cccc,0.9318568994889267,0.9318568994889267,0.16129032258064516,0.0681431005110733,1,0,normal,0.9318568994889267
SKAB,2,normal,96,cccc,cccc,cccc,seen,0,cccc->cccc,0.9318568994889267,0.9318568994889267,0.16129032258064516,0.0681431005110733,1,0,normal,0.9318568994889267
SKAB,2,normal,97,cccc,cccc,cccc,seen,0,cccc->cccc,0.9318568994889267,0.9318568994889267,0.16129032258064516,0.0681431005110733,1,0,normal,0.9318568994889267
SKAB,2,normal,98,cccc,cccc,cccc,seen,0,cccc->cccc,0.9318568994889267,0.9318568994889267,0.16129032258064516,0.0681431005110733,0,0,normal,0.9318568994889267
SKAB,2,normal,99,cccc,cccc,cccc,seen,0,cccc->cccc,0.9318568994889267,0.9318568994889267,0.16129032258064516,0.0681431005110733,0,0,normal,0.9318568994889267
SKAB,2,normal,100,cccc,cccc,cccc,seen,0,cccc->cccc,0.9318568994889267,0.9318568994889267,0.16129032258064516,0.0681431005110733,0,0,normal,0.9318568994889267
SKAB,2,normal,101,cccc,cccc,cccc,seen,0,cccc->cccc,0.9318568994889267,0.9318568994889267,0.16129032258064516,0.0681431005110733,0,0,normal,0.9318568994889267
SKAB,2,normal,102,cccc,cccc,cccc,seen,0,cccc->cccc,0.9318568994889267,0.9318568994889267,0.16129032258064516,0.0681431005110733,0,0,normal,0.9318568994889267
SKAB,2,normal,103,cccc,cccc,cccc,seen,0,cccc->cccc,0.9318568994889267,0.9318568994889267,0.16129032258064516,0.0681431005110733,0,0,normal,0.9318568994889267
SKAB,2,normal,104,cccc,cccc,cccc,seen,0,cccc->cccc,0.9318568994889267,0.9318568994889267,0.16129032258064516,0.0681431005110733,0,0,normal,0.9318568994889267
SKAB,2,normal,105,cccc,cccc,cccc,seen,0,cccc->cccc,0.9318568994889267,0.9318568994889267,0.16129032258064516,0.0681431005110733,0,0,normal,0.9318568994889267
SKAB,2,normal,106,cccc,cccc,cccc,seen,0,cccc->cccc,0.9318568994889267,0.9318568994889267,0.16129032258064516,0.0681431005110733,0,0,normal,0.9318568994889267
SKAB,2,normal,107,cccc,cccc,cccc,seen,0,cccc->cccc,0.9318568994889267,0.9318568994889267,0.16129032258064516,0.0681431005110733,0,0,normal,0.9318568994889267
SKAB,2,normal,108,cccc,cccc,cccc,seen,0,cccc->cccc,0.9318568994889267,0.9318568994889267,0.16129032258064516,0.0681431005110733,0,0,normal,0.9318568994889267
SKAB,2,normal,109,cccc,cccc,cccc,seen,0,cccc->cccc,0.9318568994889267,0.9318568994889267,0.16129032258064516,0.0681431005110733,0,0,normal,0.9318568994889267
SKAB,2,normal,110,cccc,cccc,cccc,seen,0,cccc->cccc,0.9318568994889267,0.9318568994889267,0.16129032258064516,0.0681431005110733,0,0,normal,0.9318568994889267
SKAB,2,normal,111,cccc,cccc,cccc,seen,0,cccc->cccc,0.9318568994889267,0.9318568994889267,0.16129032258064516,0.0681431005110733,0,0,normal,0.9318568994889267
SKAB,2,normal,112,cccc,ccca,ccca,seen,0,cccc->ccca,0.0034071550255536627,0.0034071550255536627,0.16129032258064516,0.9965928449744463,0,1,anomaly,0.0034071550255536627
SKAB,2,normal,113,ccca,ccaa,ccaa,seen,0,ccca->ccaa,0.05714285714285714,0.05714285714285714,0.16129032258064516,0.9428571428571428,0,1,anomaly,0.05714285714285714
SKAB,2,normal,114,ccaa,caaa,aaaa,unseen,1,ccaa->aaaa,0.02857142857142857,0.02857142857142857,0.16129032258064516,0.9714285714285714,0,1,anomaly,0.02857142857142857
SKAB,2,normal,115,aaaa,aaab,aaab,unseen,1,aaaa->aaab,0.04811715481171548,0.04811715481171548,0.16129032258064516,0.9518828451882845,0,1,anomaly,0.04811715481171548
SKAB,2,normal,116,aaab,aaba,aaba,seen,0,aaab->aaba,0.203125,0.203125,0.16129032258064516,0.796875,0,0,normal,0.203125
SKAB,2,normal,117,aaba,abaa,abaa,seen,0,aaba->abaa,0.28846153846153844,0.28846153846153844,0.16129032258064516,0.7115384615384616,0,0,normal,0.28846153846153844
SKAB,2,normal,118,abaa,baaa,baaa,seen,0,abaa->baaa,0.3333333333333333,0.3333333333333333,0.16129032258064516,0.6666666666666667,0,0,normal,0.3333333333333333
SKAB,2,normal,119,baaa,aaaa,aaaa,seen,0,baaa->aaaa,0.359375,0.359375,0.16129032258064516,0.640625,0,0,normal,0.359375
SKAB,2,normal,120,aaaa,aaaa,aaaa,seen,0,aaaa->aaaa,0.8849372384937239,0.8849372384937239,0.16129032258064516,0.11506276150627615,0,0,normal,0.8849372384937239
SKAB,2,normal,121,aaaa,aaaa,aaaa,seen,0,aaaa->aaaa,0.8849372384937239,0.8849372384937239,0.16129032258064516,0.11506276150627615,0,0,normal,0.8849372384937239
SKAB,2,normal,122,aaaa,aaaa,aaaa,seen,0,aaaa->aaaa,0.8849372384937239,0.8849372384937239,0.16129032258064516,0.11506276150627615,0,0,normal,0.8849372384937239
SKAB,2,normal,123,aaaa,aaaa,aaaa,seen,0,aaaa->aaaa,0.8849372384937239,0.8849372384937239,0.16129032258064516,0.11506276150627615,0,0,normal,0.8849372384937239
SKAB,2,normal,124,aaaa,aaab,aaab,seen,0,aaaa->aaab,0.04811715481171548,0.04811715481171548,0.16129032258064516,0.9518828451882845,0,1,anomaly,0.04811715481171548
SKAB,2,normal,125,aaab,aaba,aaba,seen,0,aaab->aaba,0.203125,0.203125,0.16129032258064516,0.796875,0,0,normal,0.203125
SKAB,2,normal,126,aaba,abaa,abaa,seen,0,aaba->abaa,0.28846153846153844,0.28846153846153844,0.16129032258064516,0.7115384615384616,0,0,normal,0.28846153846153844
SKAB,2,normal,127,abaa,baab,baab,seen,0,abaa->baab,0.07407407407407407,0.07407407407407407,0.16129032258064516,0.9259259259259259,0,1,anomaly,0.07407407407407407
SKAB,2,normal,128,baab,aaba,aaba,seen,0,baab->aaba,0.15555555555555556,0.15555555555555556,0.16129032258064516,0.8444444444444444,0,1,anomaly,0.15555555555555556
SKAB,2,normal,129,aaba,abaa,abaa,seen,0,aaba->abaa,0.28846153846153844,0.28846153846153844,0.16129032258064516,0.7115384615384616,0,0,normal,0.28846153846153844
SKAB,2,normal,130,abaa,baaa,baaa,seen,0,abaa->baaa,0.3333333333333333,0.3333333333333333,0.16129032258064516,0.6666666666666667,0,0,normal,0.3333333333333333
SKAB,2,normal,131,baaa,aaaa,aaaa,seen,0,baaa->aaaa,0.359375,0.359375,0.16129032258064516,0.640625,0,0,normal,0.359375
SKAB,2,normal,132,aaaa,aaaa,aaaa,seen,0,aaaa->aaaa,0.8849372384937239,0.8849372384937239,0.16129032258064516,0.11506276150627615,0,0,normal,0.8849372384937239
SKAB,2,normal,133,aaaa,aaaa,aaaa,seen,0,aaaa->aaaa,0.8849372384937239,0.8849372384937239,0.16129032258064516,0.11506276150627615,0,0,normal,0.8849372384937239
SKAB,2,normal,134,aaaa,aaab,aaab,seen,0,aaaa->aaab,0.04811715481171548,0.04811715481171548,0.16129032258064516,0.9518828451882845,0,1,anomaly,0.04811715481171548
SKAB,2,normal,135,aaab,aaba,aaba,seen,0,aaab->aaba,0.203125,0.203125,0.16129032258064516,0.796875,0,0,normal,0.203125
SKAB,2,normal,136,aaba,abaa,abaa,seen,0,aaba->abaa,0.28846153846153844,0.28846153846153844,0.16129032258064516,0.7115384615384616,0,0,normal,0.28846153846153844
SKAB,2,normal,137,abaa,baaa,baaa,seen,0,abaa->baaa,0.3333333333333333,0.3333333333333333,0.16129032258064516,0.6666666666666667,0,0,normal,0.3333333333333333
SKAB,2,normal,138,baaa,aaab,aaab,seen,0,baaa->aaab,0.140625,0.140625,0.16129032258064516,0.859375,0,1,anomaly,0.140625
SKAB,2,normal,139,aaab,aaba,aaba,seen,0,aaab->aaba,0.203125,0.203125,0.16129032258064516,0.796875,0,0,normal,0.203125
SKAB,2,normal,140,aaba,abab,abab,seen,0,aaba->abab,0.09615384615384616,0.09615384615384616,0.16129032258064516,0.9038461538461539,0,1,anomaly,0.09615384615384616
SKAB,2,normal,141,abab,babb,babb,seen,0,abab->babb,0.17777777777777778,0.17777777777777778,0.16129032258064516,0.8222222222222222,0,0,normal,0.17777777777777778
SKAB,2,normal,142,babb,abba,abba,seen,0,babb->abba,0.1,0.1,0.16129032258064516,0.9,0,1,anomaly,0.1
SKAB,2,normal,143,abba,bbaa,bbaa,seen,0,abba->bbaa,0.19607843137254902,0.19607843137254902,0.16129032258064516,0.803921568627451,0,0,normal,0.19607843137254902
SKAB,2,normal,144,bbaa,baaa,baaa,seen,0,bbaa->baaa,0.2545454545454545,0.2545454545454545,0.16129032258064516,0.7454545454545455,0,0,normal,0.2545454545454545
SKAB,2,normal,145,baaa,aaab,aaab,seen,0,baaa->aaab,0.140625,0.140625,0.16129032258064516,0.859375,0,1,anomaly,0.140625
SKAB,2,normal,146,aaab,aaba,aaba,seen,0,aaab->aaba,0.203125,0.203125,0.16129032258064516,0.796875,0,0,normal,0.203125
SKAB,2,normal,147,aaba,abaa,abaa,seen,0,aaba->abaa,0.28846153846153844,0.28846153846153844,0.16129032258064516,0.7115384615384616,0,0,normal,0.28846153846153844
SKAB,2,normal,148,abaa,baaa,baaa,seen,0,abaa->baaa,0.3333333333333333,0.3333333333333333,0.16129032258064516,0.6666666666666667,0,0,normal,0.3333333333333333
SKAB,2,normal,149,baaa,aaaa,aaaa,seen,0,baaa->aaaa,0.359375,0.359375,0.16129032258064516,0.640625,0,0,normal,0.359375
SKAB,2,normal,150,aaaa,aaab,aaab,seen,0,aaaa->aaab,0.04811715481171548,0.04811715481171548,0.16129032258064516,0.9518828451882845,0,1,anomaly,0.04811715481171548
SKAB,2,normal,151,aaab,aabb,aabb,seen,0,aaab->aabb,0.296875,0.296875,0.16129032258064516,0.703125,0,0,normal,0.296875
SKAB,2,normal,152,aabb,abbb,abbb,seen,0,aabb->abbb,0.22413793103448276,0.22413793103448276,0.16129032258064516,0.7758620689655172,0,0,normal,0.22413793103448276
SKAB,2,normal,153,abbb,bbba,bbba,seen,0,abbb->bbba,0.05970149253731343,0.05970149253731343,0.16129032258064516,0.9402985074626866,0,1,anomaly,0.05970149253731343
SKAB,2,normal,154,bbba,bbab,bbab,seen,0,bbba->bbab,0.31343283582089554,0.31343283582089554,0.16129032258064516,0.6865671641791045,0,0,normal,0.31343283582089554
SKAB,2,normal,155,bbab,babb,babb,seen,0,bbab->babb,0.3225806451612903,0.3225806451612903,0.16129032258064516,0.6774193548387097,0,0,normal,0.3225806451612903
SKAB,2,normal,156,babb,abbb,abbb,seen,0,babb->abbb,0.36666666666666664,0.36666666666666664,0.16129032258064516,0.6333333333333333,0,0,normal,0.36666666666666664
SKAB,2,normal,157,abbb,bbbb,bbbb,seen,0,abbb->bbbb,0.4626865671641791,0.4626865671641791,0.16129032258064516,0.5373134328358209,0,0,normal,0.4626865671641791
SKAB,2,normal,158,bbbb,bbba,bbba,seen,0,bbbb->bbba,0.0748792270531401,0.0748792270531401,0.16129032258064516,0.9251207729468599,0,1,anomaly,0.0748792270531401
SKAB,2,normal,159,bbba,bbaa,bbaa,seen,0,bbba->bbaa,0.208955223880597,0.208955223880597,0.16129032258064516,0.791044776119403,0,0,normal,0.208955223880597
SKAB,2,normal,160,bbaa,baaa,baaa,seen,0,bbaa->baaa,0.2545454545454545,0.2545454545454545,0.16129032258064516,0.7454545454545455,0,0,normal,0.2545454545454545
SKAB,2,normal,161,baaa,aaab,aaab,seen,0,baaa->aaab,0.140625,0.140625,0.16129032258064516,0.859375,0,1,anomaly,0.140625
SKAB,2,normal,162,aaab,aaba,aaba,seen,0,aaab->aaba,0.203125,0.203125,0.16129032258064516,0.796875,0,0,normal,0.203125
SKAB,2,normal,163,aaba,abab,abab,seen,0,aaba->abab,0.09615384615384616,0.09615384615384616,0.16129032258064516,0.9038461538461539,0,1,anomaly,0.09615384615384616
SKAB,2,normal,164,abab,baba,baba,seen,0,abab->baba,0.1111111111111111,0.1111111111111111,0.16129032258064516,0.8888888888888888,0,1,anomaly,0.1111111111111111
SKAB,2,normal,165,baba,abab,abab,seen,0,baba->abab,0.1702127659574468,0.1702127659574468,0.16129032258064516,0.8297872340425532,0,0,normal,0.1702127659574468
SKAB,2,normal,166,abab,babb,babb,seen,0,abab->babb,0.17777777777777778,0.17777777777777778,0.16129032258064516,0.8222222222222222,0,0,normal,0.17777777777777778
SKAB,2,normal,167,babb,abbb,abbb,seen,0,babb->abbb,0.36666666666666664,0.36666666666666664,0.16129032258064516,0.6333333333333333,0,0,normal,0.36666666666666664
SKAB,2,normal,168,abbb,bbba,bbba,seen,0,abbb->bbba,0.05970149253731343,0.05970149253731343,0.16129032258064516,0.9402985074626866,1,1,anomaly,0.05970149253731343
SKAB,2,normal,169,bbba,bbab,bbab,seen,0,bbba->bbab,0.31343283582089554,0.31343283582089554,0.16129032258064516,0.6865671641791045,1,0,normal,0.31343283582089554
SKAB,2,normal,170,bbab,baba,baba,seen,0,bbab->baba,0.16129032258064516,0.16129032258064516,0.16129032258064516,0.8387096774193549,1,0,normal,0.16129032258064516
SKAB,2,normal,171,baba,abaa,abaa,seen,0,baba->abaa,0.14893617021276595,0.14893617021276595,0.16129032258064516,0.851063829787234,1,1,anomaly,0.14893617021276595
SKAB,2,normal,172,abaa,baab,baab,seen,0,abaa->baab,0.07407407407407407,0.07407407407407407,0.16129032258064516,0.9259259259259259,1,1,anomaly,0.07407407407407407
SKAB,2,normal,173,baab,aaba,aaba,seen,0,baab->aaba,0.15555555555555556,0.15555555555555556,0.16129032258064516,0.8444444444444444,1,1,anomaly,0.15555555555555556
SKAB,2,normal,174,aaba,abab,abab,seen,0,aaba->abab,0.09615384615384616,0.09615384615384616,0.16129032258064516,0.9038461538461539,1,1,anomaly,0.09615384615384616
SKAB,2,normal,175,abab,baba,baba,seen,0,abab->baba,0.1111111111111111,0.1111111111111111,0.16129032258064516,0.8888888888888888,1,1,anomaly,0.1111111111111111
SKAB,2,normal,176,baba,abab,abab,seen,0,baba->abab,0.1702127659574468,0.1702127659574468,0.16129032258064516,0.8297872340425532,1,0,normal,0.1702127659574468
SKAB,2,normal,177,abab,baba,baba,seen,0,abab->baba,0.1111111111111111,0.1111111111111111,0.16129032258064516,0.8888888888888888,1,1,anomaly,0.1111111111111111
SKAB,2,normal,178,baba,abaa,abaa,seen,0,baba->abaa,0.14893617021276595,0.14893617021276595,0.16129032258064516,0.851063829787234,1,1,anomaly,0.14893617021276595
SKAB,2,normal,179,abaa,baaa,baaa,seen,0,abaa->baaa,0.3333333333333333,0.3333333333333333,0.16129032258064516,0.6666666666666667,1,0,normal,0.3333333333333333
SKAB,2,normal,180,baaa,aaaa,aaaa,seen,0,baaa->aaaa,0.359375,0.359375,0.16129032258064516,0.640625,1,0,normal,0.359375
SKAB,2,normal,181,aaaa,aaab,aaab,seen,0,aaaa->aaab,0.04811715481171548,0.04811715481171548,0.16129032258064516,0.9518828451882845,1,1,anomaly,0.04811715481171548
SKAB,2,normal,182,aaab,aaba,aaba,seen,0,aaab->aaba,0.203125,0.203125,0.16129032258064516,0.796875,1,0,normal,0.203125
SKAB,2,normal,183,aaba,abaa,abaa,seen,0,aaba->abaa,0.28846153846153844,0.28846153846153844,0.16129032258064516,0.7115384615384616,1,0,normal,0.28846153846153844
SKAB,2,normal,184,abaa,baab,baab,seen,0,abaa->baab,0.07407407407407407,0.07407407407407407,0.16129032258064516,0.9259259259259259,1,1,anomaly,0.07407407407407407
SKAB,2,normal,185,baab,aaba,aaba,seen,0,baab->aaba,0.15555555555555556,0.15555555555555556,0.16129032258064516,0.8444444444444444,1,1,anomaly,0.15555555555555556
SKAB,2,normal,186,aaba,abaa,abaa,seen,0,aaba->abaa,0.28846153846153844,0.28846153846153844,0.16129032258064516,0.7115384615384616,1,0,normal,0.28846153846153844
SKAB,2,normal,187,abaa,baab,baab,seen,0,abaa->baab,0.07407407407407407,0.07407407407407407,0.16129032258064516,0.9259259259259259,1,1,anomaly,0.07407407407407407
SKAB,2,normal,188,baab,aaba,aaba,seen,0,baab->aaba,0.15555555555555556,0.15555555555555556,0.16129032258064516,0.8444444444444444,1,1,anomaly,0.15555555555555556
SKAB,2,normal,189,aaba,abaa,abaa,seen,0,aaba->abaa,0.28846153846153844,0.28846153846153844,0.16129032258064516,0.7115384615384616,1,0,normal,0.28846153846153844
SKAB,2,normal,190,abaa,baaa,baaa,seen,0,abaa->baaa,0.3333333333333333,0.3333333333333333,0.16129032258064516,0.6666666666666667,1,0,normal,0.3333333333333333
SKAB,2,normal,191,baaa,aaaa,aaaa,seen,0,baaa->aaaa,0.359375,0.359375,0.16129032258064516,0.640625,1,0,normal,0.359375
SKAB,2,normal,192,aaaa,aaaa,aaaa,seen,0,aaaa->aaaa,0.8849372384937239,0.8849372384937239,0.16129032258064516,0.11506276150627615,1,0,normal,0.8849372384937239
SKAB,2,normal,193,aaaa,aaaa,aaaa,seen,0,aaaa->aaaa,0.8849372384937239,0.8849372384937239,0.16129032258064516,0.11506276150627615,1,0,normal,0.8849372384937239
SKAB,2,normal,194,aaaa,aaaa,aaaa,seen,0,aaaa->aaaa,0.8849372384937239,0.8849372384937239,0.16129032258064516,0.11506276150627615,1,0,normal,0.8849372384937239
SKAB,2,normal,195,aaaa,aaaa,aaaa,seen,0,aaaa->aaaa,0.8849372384937239,0.8849372384937239,0.16129032258064516,0.11506276150627615,1,0,normal,0.8849372384937239
SKAB,2,normal,196,aaaa,aaaa,aaaa,seen,0,aaaa->aaaa,0.8849372384937239,0.8849372384937239,0.16129032258064516,0.11506276150627615,1,0,normal,0.8849372384937239
SKAB,2,normal,197,aaaa,aaab,aaab,seen,0,aaaa->aaab,0.04811715481171548,0.04811715481171548,0.16129032258064516,0.9518828451882845,1,1,anomaly,0.04811715481171548
SKAB,2,normal,198,aaab,aaba,aaba,seen,0,aaab->aaba,0.203125,0.203125,0.16129032258064516,0.796875,1,0,normal,0.203125
SKAB,2,normal,199,aaba,abaa,abaa,seen,0,aaba->abaa,0.28846153846153844,0.28846153846153844,0.16129032258064516,0.7115384615384616,1,0,normal,0.28846153846153844
SKAB,2,normal,200,abaa,baaa,baaa,seen,0,abaa->baaa,0.3333333333333333,0.3333333333333333,0.16129032258064516,0.6666666666666667,1,0,normal,0.3333333333333333
SKAB,2,normal,201,baaa,aaaa,aaaa,seen,0,baaa->aaaa,0.359375,0.359375,0.16129032258064516,0.640625,1,0,normal,0.359375
SKAB,2,normal,202,aaaa,aaaa,aaaa,seen,0,aaaa->aaaa,0.8849372384937239,0.8849372384937239,0.16129032258064516,0.11506276150627615,1,0,normal,0.8849372384937239
SKAB,2,normal,203,aaaa,aaaa,aaaa,seen,0,aaaa->aaaa,0.8849372384937239,0.8849372384937239,0.16129032258064516,0.11506276150627615,1,0,normal,0.8849372384937239
SKAB,2,normal,204,aaaa,aaaa,aaaa,seen,0,aaaa->aaaa,0.8849372384937239,0.8849372384937239,0.16129032258064516,0.11506276150627615,1,0,normal,0.8849372384937239
SKAB,2,normal,205,aaaa,aaaa,aaaa,seen,0,aaaa->aaaa,0.8849372384937239,0.8849372384937239,0.16129032258064516,0.11506276150627615,1,0,normal,0.8849372384937239
SKAB,2,normal,206,aaaa,aaaa,aaaa,seen,0,aaaa->aaaa,0.8849372384937239,0.8849372384937239,0.16129032258064516,0.11506276150627615,1,0,normal,0.8849372384937239
SKAB,2,normal,207,aaaa,aaaa,aaaa,seen,0,aaaa->aaaa,0.8849372384937239,0.8849372384937239,0.16129032258064516,0.11506276150627615,1,0,normal,0.8849372384937239
SKAB,2,normal,208,aaaa,aaaa,aaaa,seen,0,aaaa->aaaa,0.8849372384937239,0.8849372384937239,0.16129032258064516,0.11506276150627615,1,0,normal,0.8849372384937239
SKAB,2,normal,209,aaaa,aaaa,aaaa,seen,0,aaaa->aaaa,0.8849372384937239,0.8849372384937239,0.16129032258064516,0.11506276150627615,1,0,normal,0.8849372384937239
SKAB,2,normal,210,aaaa,aaaa,aaaa,seen,0,aaaa->aaaa,0.8849372384937239,0.8849372384937239,0.16129032258064516,0.11506276150627615,1,0,normal,0.8849372384937239
SKAB,2,normal,211,aaaa,aaaa,aaaa,seen,0,aaaa->aaaa,0.8849372384937239,0.8849372384937239,0.16129032258064516,0.11506276150627615,1,0,normal,0.8849372384937239
SKAB,2,normal,212,aaaa,aaab,aaab,seen,0,aaaa->aaab,0.04811715481171548,0.04811715481171548,0.16129032258064516,0.9518828451882845,0,1,anomaly,0.04811715481171548
SKAB,2,normal,213,aaab,aaba,aaba,seen,0,aaab->aaba,0.203125,0.203125,0.16129032258064516,0.796875,0,0,normal,0.203125
SKAB,2,normal,214,aaba,abaa,abaa,seen,0,aaba->abaa,0.28846153846153844,0.28846153846153844,0.16129032258064516,0.7115384615384616,0,0,normal,0.28846153846153844
SKAB,2,normal,215,abaa,baaa,baaa,seen,0,abaa->baaa,0.3333333333333333,0.3333333333333333,0.16129032258064516,0.6666666666666667,0,0,normal,0.3333333333333333
SKAB,2,normal,216,baaa,aaab,aaab,seen,0,baaa->aaab,0.140625,0.140625,0.16129032258064516,0.859375,0,1,anomaly,0.140625
SKAB,2,normal,217,aaab,aaba,aaba,seen,0,aaab->aaba,0.203125,0.203125,0.16129032258064516,0.796875,0,0,normal,0.203125
SKAB,2,normal,218,aaba,abaa,abaa,seen,0,aaba->abaa,0.28846153846153844,0.28846153846153844,0.16129032258064516,0.7115384615384616,0,0,normal,0.28846153846153844
SKAB,2,normal,219,abaa,baaa,baaa,seen,0,abaa->baaa,0.3333333333333333,0.3333333333333333,0.16129032258064516,0.6666666666666667,0,0,normal,0.3333333333333333
SKAB,2,normal,220,baaa,aaab,aaab,seen,0,baaa->aaab,0.140625,0.140625,0.16129032258064516,0.859375,0,1,anomaly,0.140625
SKAB,2,normal,221,aaab,aabb,aabb,seen,0,aaab->aabb,0.296875,0.296875,0.16129032258064516,0.703125,0,0,normal,0.296875
SKAB,2,normal,222,aabb,abbb,abbb,seen,0,aabb->abbb,0.22413793103448276,0.22413793103448276,0.16129032258064516,0.7758620689655172,0,0,normal,0.22413793103448276
SKAB,2,normal,223,abbb,bbba,bbba,seen,0,abbb->bbba,0.05970149253731343,0.05970149253731343,0.16129032258064516,0.9402985074626866,0,1,anomaly,0.05970149253731343
SKAB,2,normal,224,bbba,bbaa,bbaa,seen,0,bbba->bbaa,0.208955223880597,0.208955223880597,0.16129032258064516,0.791044776119403,0,0,normal,0.208955223880597
SKAB,2,normal,225,bbaa,baaa,baaa,seen,0,bbaa->baaa,0.2545454545454545,0.2545454545454545,0.16129032258064516,0.7454545454545455,0,0,normal,0.2545454545454545
SKAB,2,normal,226,baaa,aaaa,aaaa,seen,0,baaa->aaaa,0.359375,0.359375,0.16129032258064516,0.640625,0,0,normal,0.359375
SKAB,2,normal,227,aaaa,aaaa,aaaa,seen,0,aaaa->aaaa,0.8849372384937239,0.8849372384937239,0.16129032258064516,0.11506276150627615,0,0,normal,0.8849372384937239
SKAB,2,normal,228,aaaa,aaab,aaab,seen,0,aaaa->aaab,0.04811715481171548,0.04811715481171548,0.16129032258064516,0.9518828451882845,0,1,anomaly,0.04811715481171548
SKAB,2,normal,229,aaab,aabb,aabb,seen,0,aaab->aabb,0.296875,0.296875,0.16129032258064516,0.703125,0,0,normal,0.296875
SKAB,2,normal,230,aabb,abbb,abbb,seen,0,aabb->abbb,0.22413793103448276,0.22413793103448276,0.16129032258064516,0.7758620689655172,0,0,normal,0.22413793103448276
SKAB,2,normal,231,abbb,bbbb,bbbb,seen,0,abbb->bbbb,0.4626865671641791,0.4626865671641791,0.16129032258064516,0.5373134328358209,0,0,normal,0.4626865671641791
SKAB,2,normal,232,bbbb,bbbb,bbbb,seen,0,bbbb->bbbb,0.821256038647343,0.821256038647343,0.16129032258064516,0.17874396135265702,0,0,normal,0.821256038647343
SKAB,2,normal,233,bbbb,bbbb,bbbb,seen,0,bbbb->bbbb,0.821256038647343,0.821256038647343,0.16129032258064516,0.17874396135265702,0,0,normal,0.821256038647343
SKAB,2,normal,234,bbbb,bbbb,bbbb,seen,0,bbbb->bbbb,0.821256038647343,0.821256038647343,0.16129032258064516,0.17874396135265702,0,0,normal,0.821256038647343
SKAB,2,normal,235,bbbb,bbba,bbba,seen,0,bbbb->bbba,0.0748792270531401,0.0748792270531401,0.16129032258064516,0.9251207729468599,0,1,anomaly,0.0748792270531401
SKAB,2,normal,236,bbba,bbaa,bbaa,seen,0,bbba->bbaa,0.208955223880597,0.208955223880597,0.16129032258064516,0.791044776119403,0,0,normal,0.208955223880597
SKAB,2,normal,237,bbaa,baab,baab,seen,0,bbaa->baab,0.16363636363636364,0.16363636363636364,0.16129032258064516,0.8363636363636364,0,0,normal,0.16363636363636364
SKAB,2,normal,238,baab,aabb,aabb,seen,0,baab->aabb,0.13333333333333333,0.13333333333333333,0.16129032258064516,0.8666666666666667,0,1,anomaly,0.13333333333333333
SKAB,2,normal,239,aabb,abbb,abbb,seen,0,aabb->abbb,0.22413793103448276,0.22413793103448276,0.16129032258064516,0.7758620689655172,0,0,normal,0.22413793103448276
SKAB,2,normal,240,abbb,bbbb,bbbb,seen,0,abbb->bbbb,0.4626865671641791,0.4626865671641791,0.16129032258064516,0.5373134328358209,0,0,normal,0.4626865671641791
SKAB,2,normal,241,bbbb,bbbb,bbbb,seen,0,bbbb->bbbb,0.821256038647343,0.821256038647343,0.16129032258064516,0.17874396135265702,0,0,normal,0.821256038647343
SKAB,2,normal,242,bbbb,bbba,bbba,seen,0,bbbb->bbba,0.0748792270531401,0.0748792270531401,0.16129032258064516,0.9251207729468599,0,1,anomaly,0.0748792270531401
SKAB,2,normal,243,bbba,bbab,bbab,seen,0,bbba->bbab,0.31343283582089554,0.31343283582089554,0.16129032258064516,0.6865671641791045,0,0,normal,0.31343283582089554
SKAB,2,normal,244,bbab,babb,babb,seen,0,bbab->babb,0.3225806451612903,0.3225806451612903,0.16129032258064516,0.6774193548387097,0,0,normal,0.3225806451612903
SKAB,2,normal,245,babb,abba,abba,seen,0,babb->abba,0.1,0.1,0.16129032258064516,0.9,0,1,anomaly,0.1
SKAB,2,normal,246,abba,bbaa,bbaa,seen,0,abba->bbaa,0.19607843137254902,0.19607843137254902,0.16129032258064516,0.803921568627451,0,0,normal,0.19607843137254902
SKAB,2,normal,247,bbaa,baab,baab,seen,0,bbaa->baab,0.16363636363636364,0.16363636363636364,0.16129032258064516,0.8363636363636364,0,0,normal,0.16363636363636364
SKAB,2,normal,248,baab,aaba,aaba,seen,0,baab->aaba,0.15555555555555556,0.15555555555555556,0.16129032258064516,0.8444444444444444,0,1,anomaly,0.15555555555555556
SKAB,2,normal,249,aaba,abab,abab,seen,0,aaba->abab,0.09615384615384616,0.09615384615384616,0.16129032258064516,0.9038461538461539,0,1,anomaly,0.09615384615384616
SKAB,2,normal,250,abab,babb,babb,seen,0,abab->babb,0.17777777777777778,0.17777777777777778,0.16129032258064516,0.8222222222222222,0,0,normal,0.17777777777777778
SKAB,2,normal,251,babb,abbb,abbb,seen,0,babb->abbb,0.36666666666666664,0.36666666666666664,0.16129032258064516,0.6333333333333333,0,0,normal,0.36666666666666664
SKAB,2,normal,252,abbb,bbba,bbba,seen,0,abbb->bbba,0.05970149253731343,0.05970149253731343,0.16129032258064516,0.9402985074626866,0,1,anomaly,0.05970149253731343
SKAB,2,normal,253,bbba,bbaa,bbaa,seen,0,bbba->bbaa,0.208955223880597,0.208955223880597,0.16129032258064516,0.791044776119403,0,0,normal,0.208955223880597
SKAB,2,normal,254,bbaa,baaa,baaa,seen,0,bbaa->baaa,0.2545454545454545,0.2545454545454545,0.16129032258064516,0.7454545454545455,0,0,normal,0.2545454545454545
SKAB,2,normal,255,baaa,aaab,aaab,seen,0,baaa->aaab,0.140625,0.140625,0.16129032258064516,0.859375,0,1,anomaly,0.140625
SKAB,2,normal,256,aaab,aabb,aabb,seen,0,aaab->aabb,0.296875,0.296875,0.16129032258064516,0.703125,0,0,normal,0.296875
SKAB,2,normal,257,aabb,abbb,abbb,seen,0,aabb->abbb,0.22413793103448276,0.22413793103448276,0.16129032258064516,0.7758620689655172,0,0,normal,0.22413793103448276
SKAB,2,normal,258,abbb,bbbb,bbbb,seen,0,abbb->bbbb,0.4626865671641791,0.4626865671641791,0.16129032258064516,0.5373134328358209,0,0,normal,0.4626865671641791
SKAB,2,normal,259,bbbb,bbbb,bbbb,seen,0,bbbb->bbbb,0.821256038647343,0.821256038647343,0.16129032258064516,0.17874396135265702,0,0,normal,0.821256038647343
SKAB,2,normal,260,bbbb,bbbb,bbbb,seen,0,bbbb->bbbb,0.821256038647343,0.821256038647343,0.16129032258064516,0.17874396135265702,0,0,normal,0.821256038647343
SKAB,2,normal,261,bbbb,bbbb,bbbb,seen,0,bbbb->bbbb,0.821256038647343,0.821256038647343,0.16129032258064516,0.17874396135265702,0,0,normal,0.821256038647343
SKAB,2,normal,262,bbbb,bbbb,bbbb,seen,0,bbbb->bbbb,0.821256038647343,0.821256038647343,0.16129032258064516,0.17874396135265702,0,0,normal,0.821256038647343
SKAB,2,normal,263,bbbb,bbbb,bbbb,seen,0,bbbb->bbbb,0.821256038647343,0.821256038647343,0.16129032258064516,0.17874396135265702,0,0,normal,0.821256038647343
SKAB,2,normal,264,bbbb,bbba,bbba,seen,0,bbbb->bbba,0.0748792270531401,0.0748792270531401,0.16129032258064516,0.9251207729468599,0,1,anomaly,0.0748792270531401
SKAB,2,normal,265,bbba,bbaa,bbaa,seen,0,bbba->bbaa,0.208955223880597,0.208955223880597,0.16129032258064516,0.791044776119403,0,0,normal,0.208955223880597
SKAB,2,normal,266,bbaa,baaa,baaa,seen,0,bbaa->baaa,0.2545454545454545,0.2545454545454545,0.16129032258064516,0.7454545454545455,0,0,normal,0.2545454545454545
SKAB,2,normal,267,baaa,aaab,aaab,seen,0,baaa->aaab,0.140625,0.140625,0.16129032258064516,0.859375,0,1,anomaly,0.140625
SKAB,2,normal,268,aaab,aabb,aabb,seen,0,aaab->aabb,0.296875,0.296875,0.16129032258064516,0.703125,0,0,normal,0.296875
SKAB,2,normal,269,aabb,abbb,abbb,seen,0,aabb->abbb,0.22413793103448276,0.22413793103448276,0.16129032258064516,0.7758620689655172,0,0,normal,0.22413793103448276
SKAB,2,normal,270,abbb,bbbb,bbbb,seen,0,abbb->bbbb,0.4626865671641791,0.4626865671641791,0.16129032258064516,0.5373134328358209,0,0,normal,0.4626865671641791
SKAB,2,normal,271,bbbb,bbba,bbba,seen,0,bbbb->bbba,0.0748792270531401,0.0748792270531401,0.16129032258064516,0.9251207729468599,0,1,anomaly,0.0748792270531401
SKAB,2,normal,272,bbba,bbaa,bbaa,seen,0,bbba->bbaa,0.208955223880597,0.208955223880597,0.16129032258064516,0.791044776119403,0,0,normal,0.208955223880597
SKAB,2,normal,273,bbaa,baab,baab,seen,0,bbaa->baab,0.16363636363636364,0.16363636363636364,0.16129032258064516,0.8363636363636364,0,0,normal,0.16363636363636364
SKAB,2,normal,274,baab,aabb,aabb,seen,0,baab->aabb,0.13333333333333333,0.13333333333333333,0.16129032258064516,0.8666666666666667,0,1,anomaly,0.13333333333333333
SKAB,2,normal,275,aabb,abbb,abbb,seen,0,aabb->abbb,0.22413793103448276,0.22413793103448276,0.16129032258064516,0.7758620689655172,0,0,normal,0.22413793103448276
SKAB,2,normal,276,abbb,bbbb,bbbb,seen,0,abbb->bbbb,0.4626865671641791,0.4626865671641791,0.16129032258064516,0.5373134328358209,0,0,normal,0.4626865671641791
SKAB,2,normal,277,bbbb,bbbb,bbbb,seen,0,bbbb->bbbb,0.821256038647343,0.821256038647343,0.16129032258064516,0.17874396135265702,0,0,normal,0.821256038647343
SKAB,2,normal,278,bbbb,bbbb,bbbb,seen,0,bbbb->bbbb,0.821256038647343,0.821256038647343,0.16129032258064516,0.17874396135265702,0,0,normal,0.821256038647343
SKAB,2,normal,279,bbbb,bbbb,bbbb,seen,0,bbbb->bbbb,0.821256038647343,0.821256038647343,0.16129032258064516,0.17874396135265702,0,0,normal,0.821256038647343
SKAB,2,normal,280,bbbb,bbbb,bbbb,seen,0,bbbb->bbbb,0.821256038647343,0.821256038647343,0.16129032258064516,0.17874396135265702,0,0,normal,0.821256038647343
SKAB,2,normal,281,bbbb,bbbb,bbbb,seen,0,bbbb->bbbb,0.821256038647343,0.821256038647343,0.16129032258064516,0.17874396135265702,0,0,normal,0.821256038647343
SKAB,2,normal,282,bbbb,bbba,bbba,seen,0,bbbb->bbba,0.0748792270531401,0.0748792270531401,0.16129032258064516,0.9251207729468599,1,1,anomaly,0.0748792270531401
SKAB,2,normal,283,bbba,bbaa,bbaa,seen,0,bbba->bbaa,0.208955223880597,0.208955223880597,0.16129032258064516,0.791044776119403,1,0,normal,0.208955223880597
SKAB,2,normal,284,bbaa,baab,baab,seen,0,bbaa->baab,0.16363636363636364,0.16363636363636364,0.16129032258064516,0.8363636363636364,1,0,normal,0.16363636363636364
SKAB,2,normal,285,baab,aaba,aaba,seen,0,baab->aaba,0.15555555555555556,0.15555555555555556,0.16129032258064516,0.8444444444444444,1,1,anomaly,0.15555555555555556
SKAB,2,normal,286,aaba,abaa,abaa,seen,0,aaba->abaa,0.28846153846153844,0.28846153846153844,0.16129032258064516,0.7115384615384616,1,0,normal,0.28846153846153844
SKAB,2,normal,287,abaa,baaa,baaa,seen,0,abaa->baaa,0.3333333333333333,0.3333333333333333,0.16129032258064516,0.6666666666666667,1,0,normal,0.3333333333333333
SKAB,2,normal,288,baaa,aaaa,aaaa,seen,0,baaa->aaaa,0.359375,0.359375,0.16129032258064516,0.640625,1,0,normal,0.359375
SKAB,2,normal,289,aaaa,aaaa,aaaa,seen,0,aaaa->aaaa,0.8849372384937239,0.8849372384937239,0.16129032258064516,0.11506276150627615,1,0,normal,0.8849372384937239
SKAB,2,normal,290,aaaa,aaaa,aaaa,seen,0,aaaa->aaaa,0.8849372384937239,0.8849372384937239,0.16129032258064516,0.11506276150627615,1,0,normal,0.8849372384937239
SKAB,2,normal,291,aaaa,aaaa,aaaa,seen,0,aaaa->aaaa,0.8849372384937239,0.8849372384937239,0.16129032258064516,0.11506276150627615,1,0,normal,0.8849372384937239
SKAB,2,normal,292,aaaa,aaaa,aaaa,seen,0,aaaa->aaaa,0.8849372384937239,0.8849372384937239,0.16129032258064516,0.11506276150627615,1,0,normal,0.8849372384937239
SKAB,2,normal,293,aaaa,aaaa,aaaa,seen,0,aaaa->aaaa,0.8849372384937239,0.8849372384937239,0.16129032258064516,0.11506276150627615,1,0,normal,0.8849372384937239
SKAB,2,normal,294,aaaa,aaaa,aaaa,seen,0,aaaa->aaaa,0.8849372384937239,0.8849372384937239,0.16129032258064516,0.11506276150627615,1,0,normal,0.8849372384937239
SKAB,2,normal,295,aaaa,aaaa,aaaa,seen,0,aaaa->aaaa,0.8849372384937239,0.8849372384937239,0.16129032258064516,0.11506276150627615,1,0,normal,0.8849372384937239
SKAB,2,normal,296,aaaa,aaaa,aaaa,seen,0,aaaa->aaaa,0.8849372384937239,0.8849372384937239,0.16129032258064516,0.11506276150627615,1,0,normal,0.8849372384937239
SKAB,2,normal,297,aaaa,aaaa,aaaa,seen,0,aaaa->aaaa,0.8849372384937239,0.8849372384937239,0.16129032258064516,0.11506276150627615,1,0,normal,0.8849372384937239
SKAB,2,normal,298,aaaa,aaaa,aaaa,seen,0,aaaa->aaaa,0.8849372384937239,0.8849372384937239,0.16129032258064516,0.11506276150627615,1,0,normal,0.8849372384937239
SKAB,2,normal,299,aaaa,aaaa,aaaa,seen,0,aaaa->aaaa,0.8849372384937239,0.8849372384937239,0.16129032258064516,0.11506276150627615,1,0,normal,0.8849372384937239
SKAB,2,normal,300,aaaa,aaaa,aaaa,seen,0,aaaa->aaaa,0.8849372384937239,0.8849372384937239,0.16129032258064516,0.11506276150627615,1,0,normal,0.8849372384937239
SKAB,2,normal,301,aaaa,aaaa,aaaa,seen,0,aaaa->aaaa,0.8849372384937239,0.8849372384937239,0.16129032258064516,0.11506276150627615,1,0,normal,0.8849372384937239
SKAB,2,normal,302,aaaa,aaaa,aaaa,seen,0,aaaa->aaaa,0.8849372384937239,0.8849372384937239,0.16129032258064516,0.11506276150627615,1,0,normal,0.8849372384937239
SKAB,2,normal,303,aaaa,aaaa,aaaa,seen,0,aaaa->aaaa,0.8849372384937239,0.8849372384937239,0.16129032258064516,0.11506276150627615,1,0,normal,0.8849372384937239
SKAB,2,normal,304,aaaa,aaaa,aaaa,seen,0,aaaa->aaaa,0.8849372384937239,0.8849372384937239,0.16129032258064516,0.11506276150627615,1,0,normal,0.8849372384937239
SKAB,2,normal,305,aaaa,aaaa,aaaa,seen,0,aaaa->aaaa,0.8849372384937239,0.8849372384937239,0.16129032258064516,0.11506276150627615,1,0,normal,0.8849372384937239
SKAB,2,normal,306,aaaa,aaaa,aaaa,seen,0,aaaa->aaaa,0.8849372384937239,0.8849372384937239,0.16129032258064516,0.11506276150627615,1,0,normal,0.8849372384937239
SKAB,2,normal,307,aaaa,aaaa,aaaa,seen,0,aaaa->aaaa,0.8849372384937239,0.8849372384937239,0.16129032258064516,0.11506276150627615,1,0,normal,0.8849372384937239
SKAB,2,normal,308,aaaa,aaaa,aaaa,seen,0,aaaa->aaaa,0.8849372384937239,0.8849372384937239,0.16129032258064516,0.11506276150627615,1,0,normal,0.8849372384937239
SKAB,2,normal,309,aaaa,aaaa,aaaa,seen,0,aaaa->aaaa,0.8849372384937239,0.8849372384937239,0.16129032258064516,0.11506276150627615,1,0,normal,0.8849372384937239
SKAB,2,normal,310,aaaa,aaaa,aaaa,seen,0,aaaa->aaaa,0.8849372384937239,0.8849372384937239,0.16129032258064516,0.11506276150627615,1,0,normal,0.8849372384937239
SKAB,2,normal,311,aaaa,aaaa,aaaa,seen,0,aaaa->aaaa,0.8849372384937239,0.8849372384937239,0.16129032258064516,0.11506276150627615,1,0,normal,0.8849372384937239
SKAB,2,normal,312,aaaa,aaaa,aaaa,seen,0,aaaa->aaaa,0.8849372384937239,0.8849372384937239,0.16129032258064516,0.11506276150627615,1,0,normal,0.8849372384937239
SKAB,2,normal,313,aaaa,aaaa,aaaa,seen,0,aaaa->aaaa,0.8849372384937239,0.8849372384937239,0.16129032258064516,0.11506276150627615,1,0,normal,0.8849372384937239
SKAB,2,normal,314,aaaa,aaaa,aaaa,seen,0,aaaa->aaaa,0.8849372384937239,0.8849372384937239,0.16129032258064516,0.11506276150627615,1,0,normal,0.8849372384937239
SKAB,2,normal,315,aaaa,aaaa,aaaa,seen,0,aaaa->aaaa,0.8849372384937239,0.8849372384937239,0.16129032258064516,0.11506276150627615,1,0,normal,0.8849372384937239
SKAB,2,normal,316,aaaa,aaaa,aaaa,seen,0,aaaa->aaaa,0.8849372384937239,0.8849372384937239,0.16129032258064516,0.11506276150627615,1,0,normal,0.8849372384937239
SKAB,2,normal,317,aaaa,aaaa,aaaa,seen,0,aaaa->aaaa,0.8849372384937239,0.8849372384937239,0.16129032258064516,0.11506276150627615,1,0,normal,0.8849372384937239
SKAB,2,normal,318,aaaa,aaaa,aaaa,seen,0,aaaa->aaaa,0.8849372384937239,0.8849372384937239,0.16129032258064516,0.11506276150627615,1,0,normal,0.8849372384937239
SKAB,2,normal,319,aaaa,aaaa,aaaa,seen,0,aaaa->aaaa,0.8849372384937239,0.8849372384937239,0.16129032258064516,0.11506276150627615,1,0,normal,0.8849372384937239
SKAB,2,normal,320,aaaa,aaaa,aaaa,seen,0,aaaa->aaaa,0.8849372384937239,0.8849372384937239,0.16129032258064516,0.11506276150627615,1,0,normal,0.8849372384937239
SKAB,2,normal,321,aaaa,aaab,aaab,seen,0,aaaa->aaab,0.04811715481171548,0.04811715481171548,0.16129032258064516,0.9518828451882845,1,1,anomaly,0.04811715481171548
SKAB,2,normal,322,aaab,aaba,aaba,seen,0,aaab->aaba,0.203125,0.203125,0.16129032258064516,0.796875,1,0,normal,0.203125
SKAB,2,normal,323,aaba,abaa,abaa,seen,0,aaba->abaa,0.28846153846153844,0.28846153846153844,0.16129032258064516,0.7115384615384616,1,0,normal,0.28846153846153844
SKAB,2,normal,324,abaa,baab,baab,seen,0,abaa->baab,0.07407407407407407,0.07407407407407407,0.16129032258064516,0.9259259259259259,1,1,anomaly,0.07407407407407407
SKAB,2,normal,325,baab,aaba,aaba,seen,0,baab->aaba,0.15555555555555556,0.15555555555555556,0.16129032258064516,0.8444444444444444,1,1,anomaly,0.15555555555555556
SKAB,2,normal,326,aaba,abaa,abaa,seen,0,aaba->abaa,0.28846153846153844,0.28846153846153844,0.16129032258064516,0.7115384615384616,0,0,normal,0.28846153846153844
SKAB,2,normal,327,abaa,baaa,baaa,seen,0,abaa->baaa,0.3333333333333333,0.3333333333333333,0.16129032258064516,0.6666666666666667,0,0,normal,0.3333333333333333
SKAB,2,normal,328,baaa,aaaa,aaaa,seen,0,baaa->aaaa,0.359375,0.359375,0.16129032258064516,0.640625,0,0,normal,0.359375
SKAB,2,normal,329,aaaa,aaaa,aaaa,seen,0,aaaa->aaaa,0.8849372384937239,0.8849372384937239,0.16129032258064516,0.11506276150627615,0,0,normal,0.8849372384937239
SKAB,2,normal,330,aaaa,aaaa,aaaa,seen,0,aaaa->aaaa,0.8849372384937239,0.8849372384937239,0.16129032258064516,0.11506276150627615,0,0,normal,0.8849372384937239
SKAB,2,normal,331,aaaa,aaaa,aaaa,seen,0,aaaa->aaaa,0.8849372384937239,0.8849372384937239,0.16129032258064516,0.11506276150627615,0,0,normal,0.8849372384937239
SKAB,2,normal,332,aaaa,aaaa,aaaa,seen,0,aaaa->aaaa,0.8849372384937239,0.8849372384937239,0.16129032258064516,0.11506276150627615,0,0,normal,0.8849372384937239
SKAB,2,normal,333,aaaa,aaaa,aaaa,seen,0,aaaa->aaaa,0.8849372384937239,0.8849372384937239,0.16129032258064516,0.11506276150627615,0,0,normal,0.8849372384937239
SKAB,2,normal,334,aaaa,aaaa,aaaa,seen,0,aaaa->aaaa,0.8849372384937239,0.8849372384937239,0.16129032258064516,0.11506276150627615,0,0,normal,0.8849372384937239
SKAB,2,normal,335,aaaa,aaaa,aaaa,seen,0,aaaa->aaaa,0.8849372384937239,0.8849372384937239,0.16129032258064516,0.11506276150627615,0,0,normal,0.8849372384937239
SKAB,2,normal,336,aaaa,aaaa,aaaa,seen,0,aaaa->aaaa,0.8849372384937239,0.8849372384937239,0.16129032258064516,0.11506276150627615,0,0,normal,0.8849372384937239
SKAB,2,normal,337,aaaa,aaaa,aaaa,seen,0,aaaa->aaaa,0.8849372384937239,0.8849372384937239,0.16129032258064516,0.11506276150627615,0,0,normal,0.8849372384937239
SKAB,2,normal,338,aaaa,aaaa,aaaa,seen,0,aaaa->aaaa,0.8849372384937239,0.8849372384937239,0.16129032258064516,0.11506276150627615,0,0,normal,0.8849372384937239
SKAB,2,normal,339,aaaa,aaab,aaab,seen,0,aaaa->aaab,0.04811715481171548,0.04811715481171548,0.16129032258064516,0.9518828451882845,0,1,anomaly,0.04811715481171548
SKAB,2,normal,340,aaab,aaba,aaba,seen,0,aaab->aaba,0.203125,0.203125,0.16129032258064516,0.796875,0,0,normal,0.203125
SKAB,2,normal,341,aaba,abaa,abaa,seen,0,aaba->abaa,0.28846153846153844,0.28846153846153844,0.16129032258064516,0.7115384615384616,0,0,normal,0.28846153846153844
SKAB,2,normal,342,abaa,baaa,baaa,seen,0,abaa->baaa,0.3333333333333333,0.3333333333333333,0.16129032258064516,0.6666666666666667,0,0,normal,0.3333333333333333
SKAB,2,normal,343,baaa,aaaa,aaaa,seen,0,baaa->aaaa,0.359375,0.359375,0.16129032258064516,0.640625,0,0,normal,0.359375
SKAB,2,normal,344,aaaa,aaaa,aaaa,seen,0,aaaa->aaaa,0.8849372384937239,0.8849372384937239,0.16129032258064516,0.11506276150627615,0,0,normal,0.8849372384937239
SKAB,2,normal,345,aaaa,aaaa,aaaa,seen,0,aaaa->aaaa,0.8849372384937239,0.8849372384937239,0.16129032258064516,0.11506276150627615,0,0,normal,0.8849372384937239
SKAB,2,normal,346,aaaa,aaaa,aaaa,seen,0,aaaa->aaaa,0.8849372384937239,0.8849372384937239,0.16129032258064516,0.11506276150627615,0,0,normal,0.8849372384937239
SKAB,2,normal,347,aaaa,aaaa,aaaa,seen,0,aaaa->aaaa,0.8849372384937239,0.8849372384937239,0.16129032258064516,0.11506276150627615,0,0,normal,0.8849372384937239
SKAB,2,normal,348,aaaa,aaaa,aaaa,seen,0,aaaa->aaaa,0.8849372384937239,0.8849372384937239,0.16129032258064516,0.11506276150627615,0,0,normal,0.8849372384937239
SKAB,2,normal,349,aaaa,aaaa,aaaa,seen,0,aaaa->aaaa,0.8849372384937239,0.8849372384937239,0.16129032258064516,0.11506276150627615,0,0,normal,0.8849372384937239
SKAB,2,normal,350,aaaa,aaaa,aaaa,seen,0,aaaa->aaaa,0.8849372384937239,0.8849372384937239,0.16129032258064516,0.11506276150627615,0,0,normal,0.8849372384937239
SKAB,2,normal,351,aaaa,aaaa,aaaa,seen,0,aaaa->aaaa,0.8849372384937239,0.8849372384937239,0.16129032258064516,0.11506276150627615,0,0,normal,0.8849372384937239
SKAB,2,normal,352,aaaa,aaaa,aaaa,seen,0,aaaa->aaaa,0.8849372384937239,0.8849372384937239,0.16129032258064516,0.11506276150627615,0,0,normal,0.8849372384937239
SKAB,2,normal,353,aaaa,aaaa,aaaa,seen,0,aaaa->aaaa,0.8849372384937239,0.8849372384937239,0.16129032258064516,0.11506276150627615,0,0,normal,0.8849372384937239
SKAB,2,normal,354,aaaa,aaaa,aaaa,seen,0,aaaa->aaaa,0.8849372384937239,0.8849372384937239,0.16129032258064516,0.11506276150627615,0,0,normal,0.8849372384937239
SKAB,2,normal,355,aaaa,aaaa,aaaa,seen,0,aaaa->aaaa,0.8849372384937239,0.8849372384937239,0.16129032258064516,0.11506276150627615,0,0,normal,0.8849372384937239
SKAB,2,normal,356,aaaa,aaaa,aaaa,seen,0,aaaa->aaaa,0.8849372384937239,0.8849372384937239,0.16129032258064516,0.11506276150627615,0,0,normal,0.8849372384937239
SKAB,2,normal,357,aaaa,aaaa,aaaa,seen,0,aaaa->aaaa,0.8849372384937239,0.8849372384937239,0.16129032258064516,0.11506276150627615,0,0,normal,0.8849372384937239
SKAB,2,normal,358,aaaa,aaaa,aaaa,seen,0,aaaa->aaaa,0.8849372384937239,0.8849372384937239,0.16129032258064516,0.11506276150627615,0,0,normal,0.8849372384937239
SKAB,2,normal,359,aaaa,aaaa,aaaa,seen,0,aaaa->aaaa,0.8849372384937239,0.8849372384937239,0.16129032258064516,0.11506276150627615,0,0,normal,0.8849372384937239
SKAB,2,normal,360,aaaa,aaaa,aaaa,seen,0,aaaa->aaaa,0.8849372384937239,0.8849372384937239,0.16129032258064516,0.11506276150627615,0,0,normal,0.8849372384937239
SKAB,2,normal,361,aaaa,aaaa,aaaa,seen,0,aaaa->aaaa,0.8849372384937239,0.8849372384937239,0.16129032258064516,0.11506276150627615,0,0,normal,0.8849372384937239
SKAB,2,normal,362,aaaa,aaaa,aaaa,seen,0,aaaa->aaaa,0.8849372384937239,0.8849372384937239,0.16129032258064516,0.11506276150627615,0,0,normal,0.8849372384937239
SKAB,2,normal,363,aaaa,aaaa,aaaa,seen,0,aaaa->aaaa,0.8849372384937239,0.8849372384937239,0.16129032258064516,0.11506276150627615,0,0,normal,0.8849372384937239
SKAB,2,normal,364,aaaa,aaaa,aaaa,seen,0,aaaa->aaaa,0.8849372384937239,0.8849372384937239,0.16129032258064516,0.11506276150627615,0,0,normal,0.8849372384937239
SKAB,2,normal,365,aaaa,aaaa,aaaa,seen,0,aaaa->aaaa,0.8849372384937239,0.8849372384937239,0.16129032258064516,0.11506276150627615,0,0,normal,0.8849372384937239
SKAB,2,normal,366,aaaa,aaab,aaab,seen,0,aaaa->aaab,0.04811715481171548,0.04811715481171548,0.16129032258064516,0.9518828451882845,0,1,anomaly,0.04811715481171548
SKAB,2,normal,367,aaab,aaba,aaba,seen,0,aaab->aaba,0.203125,0.203125,0.16129032258064516,0.796875,0,0,normal,0.203125
SKAB,2,normal,368,aaba,abaa,abaa,seen,0,aaba->abaa,0.28846153846153844,0.28846153846153844,0.16129032258064516,0.7115384615384616,0,0,normal,0.28846153846153844
SKAB,2,normal,369,abaa,baaa,baaa,seen,0,abaa->baaa,0.3333333333333333,0.3333333333333333,0.16129032258064516,0.6666666666666667,0,0,normal,0.3333333333333333
SKAB,2,normal,370,baaa,aaaa,aaaa,seen,0,baaa->aaaa,0.359375,0.359375,0.16129032258064516,0.640625,0,0,normal,0.359375
SKAB,2,normal,371,aaaa,aaaa,aaaa,seen,0,aaaa->aaaa,0.8849372384937239,0.8849372384937239,0.16129032258064516,0.11506276150627615,0,0,normal,0.8849372384937239
SKAB,2,normal,372,aaaa,aaaa,aaaa,seen,0,aaaa->aaaa,0.8849372384937239,0.8849372384937239,0.16129032258064516,0.11506276150627615,0,0,normal,0.8849372384937239
SKAB,2,normal,373,aaaa,aaaa,aaaa,seen,0,aaaa->aaaa,0.8849372384937239,0.8849372384937239,0.16129032258064516,0.11506276150627615,0,0,normal,0.8849372384937239
SKAB,2,normal,374,aaaa,aaaa,aaaa,seen,0,aaaa->aaaa,0.8849372384937239,0.8849372384937239,0.16129032258064516,0.11506276150627615,0,0,normal,0.8849372384937239
SKAB,2,normal,375,aaaa,aaaa,aaaa,seen,0,aaaa->aaaa,0.8849372384937239,0.8849372384937239,0.16129032258064516,0.11506276150627615,0,0,normal,0.8849372384937239
SKAB,2,normal,376,aaaa,aaaa,aaaa,seen,0,aaaa->aaaa,0.8849372384937239,0.8849372384937239,0.16129032258064516,0.11506276150627615,0,0,normal,0.8849372384937239
SKAB,2,normal,377,aaaa,aaaa,aaaa,seen,0,aaaa->aaaa,0.8849372384937239,0.8849372384937239,0.16129032258064516,0.11506276150627615,0,0,normal,0.8849372384937239
SKAB,2,normal,378,aaaa,aaaa,aaaa,seen,0,aaaa->aaaa,0.8849372384937239,0.8849372384937239,0.16129032258064516,0.11506276150627615,0,0,normal,0.8849372384937239
SKAB,2,normal,379,aaaa,aaaa,aaaa,seen,0,aaaa->aaaa,0.8849372384937239,0.8849372384937239,0.16129032258064516,0.11506276150627615,0,0,normal,0.8849372384937239
SKAB,2,normal,380,aaaa,aaaa,aaaa,seen,0,aaaa->aaaa,0.8849372384937239,0.8849372384937239,0.16129032258064516,0.11506276150627615,0,0,normal,0.8849372384937239
SKAB,2,normal,381,aaaa,aaaa,aaaa,seen,0,aaaa->aaaa,0.8849372384937239,0.8849372384937239,0.16129032258064516,0.11506276150627615,0,0,normal,0.8849372384937239
SKAB,2,normal,382,aaaa,aaaa,aaaa,seen,0,aaaa->aaaa,0.8849372384937239,0.8849372384937239,0.16129032258064516,0.11506276150627615,0,0,normal,0.8849372384937239
SKAB,2,normal,383,aaaa,aaaa,aaaa,seen,0,aaaa->aaaa,0.8849372384937239,0.8849372384937239,0.16129032258064516,0.11506276150627615,0,0,normal,0.8849372384937239
SKAB,2,normal,384,aaaa,aaaa,aaaa,seen,0,aaaa->aaaa,0.8849372384937239,0.8849372384937239,0.16129032258064516,0.11506276150627615,0,0,normal,0.8849372384937239
SKAB,2,normal,385,aaaa,aaaa,aaaa,seen,0,aaaa->aaaa,0.8849372384937239,0.8849372384937239,0.16129032258064516,0.11506276150627615,0,0,normal,0.8849372384937239
SKAB,2,normal,386,aaaa,aaaa,aaaa,seen,0,aaaa->aaaa,0.8849372384937239,0.8849372384937239,0.16129032258064516,0.11506276150627615,0,0,normal,0.8849372384937239
SKAB,2,normal,387,aaaa,aaaa,aaaa,seen,0,aaaa->aaaa,0.8849372384937239,0.8849372384937239,0.16129032258064516,0.11506276150627615,0,0,normal,0.8849372384937239
SKAB,2,normal,388,aaaa,aaaa,aaaa,seen,0,aaaa->aaaa,0.8849372384937239,0.8849372384937239,0.16129032258064516,0.11506276150627615,0,0,normal,0.8849372384937239
SKAB,2,normal,389,aaaa,aaaa,aaaa,seen,0,aaaa->aaaa,0.8849372384937239,0.8849372384937239,0.16129032258064516,0.11506276150627615,0,0,normal,0.8849372384937239
SKAB,2,normal,390,aaaa,aaaa,aaaa,seen,0,aaaa->aaaa,0.8849372384937239,0.8849372384937239,0.16129032258064516,0.11506276150627615,0,0,normal,0.8849372384937239
SKAB,2,normal,391,aaaa,aaaa,aaaa,seen,0,aaaa->aaaa,0.8849372384937239,0.8849372384937239,0.16129032258064516,0.11506276150627615,0,0,normal,0.8849372384937239
SKAB,2,normal,392,aaaa,aaaa,aaaa,seen,0,aaaa->aaaa,0.8849372384937239,0.8849372384937239,0.16129032258064516,0.11506276150627615,0,0,normal,0.8849372384937239
SKAB,2,normal,393,aaaa,aaaa,aaaa,seen,0,aaaa->aaaa,0.8849372384937239,0.8849372384937239,0.16129032258064516,0.11506276150627615,0,0,normal,0.8849372384937239
SKAB,2,normal,394,aaaa,aaaa,aaaa,seen,0,aaaa->aaaa,0.8849372384937239,0.8849372384937239,0.16129032258064516,0.11506276150627615,0,0,normal,0.8849372384937239
SKAB,2,normal,395,aaaa,aaaa,aaaa,seen,0,aaaa->aaaa,0.8849372384937239,0.8849372384937239,0.16129032258064516,0.11506276150627615,1,0,normal,0.8849372384937239
SKAB,2,normal,396,aaaa,aaaa,aaaa,seen,0,aaaa->aaaa,0.8849372384937239,0.8849372384937239,0.16129032258064516,0.11506276150627615,1,0,normal,0.8849372384937239
SKAB,2,normal,397,aaaa,aaaa,aaaa,seen,0,aaaa->aaaa,0.8849372384937239,0.8849372384937239,0.16129032258064516,0.11506276150627615,1,0,normal,0.8849372384937239
SKAB,2,normal,398,aaaa,aaaa,aaaa,seen,0,aaaa->aaaa,0.8849372384937239,0.8849372384937239,0.16129032258064516,0.11506276150627615,1,0,normal,0.8849372384937239
SKAB,2,normal,399,aaaa,aaaa,aaaa,seen,0,aaaa->aaaa,0.8849372384937239,0.8849372384937239,0.16129032258064516,0.11506276150627615,1,0,normal,0.8849372384937239
SKAB,2,normal,400,aaaa,aaaa,aaaa,seen,0,aaaa->aaaa,0.8849372384937239,0.8849372384937239,0.16129032258064516,0.11506276150627615,1,0,normal,0.8849372384937239
SKAB,2,normal,401,aaaa,aaaa,aaaa,seen,0,aaaa->aaaa,0.8849372384937239,0.8849372384937239,0.16129032258064516,0.11506276150627615,1,0,normal,0.8849372384937239
SKAB,2,normal,402,aaaa,aaaa,aaaa,seen,0,aaaa->aaaa,0.8849372384937239,0.8849372384937239,0.16129032258064516,0.11506276150627615,1,0,normal,0.8849372384937239
SKAB,2,normal,403,aaaa,aaaa,aaaa,seen,0,aaaa->aaaa,0.8849372384937239,0.8849372384937239,0.16129032258064516,0.11506276150627615,1,0,normal,0.8849372384937239
SKAB,2,normal,404,aaaa,aaaa,aaaa,seen,0,aaaa->aaaa,0.8849372384937239,0.8849372384937239,0.16129032258064516,0.11506276150627615,1,0,normal,0.8849372384937239
SKAB,2,normal,405,aaaa,aaaa,aaaa,seen,0,aaaa->aaaa,0.8849372384937239,0.8849372384937239,0.16129032258064516,0.11506276150627615,1,0,normal,0.8849372384937239
SKAB,2,normal,406,aaaa,aaaa,aaaa,seen,0,aaaa->aaaa,0.8849372384937239,0.8849372384937239,0.16129032258064516,0.11506276150627615,1,0,normal,0.8849372384937239
SKAB,2,normal,407,aaaa,aaaa,aaaa,seen,0,aaaa->aaaa,0.8849372384937239,0.8849372384937239,0.16129032258064516,0.11506276150627615,1,0,normal,0.8849372384937239
SKAB,2,normal,408,aaaa,aaaa,aaaa,seen,0,aaaa->aaaa,0.8849372384937239,0.8849372384937239,0.16129032258064516,0.11506276150627615,1,0,normal,0.8849372384937239
SKAB,2,normal,409,aaaa,aaaa,aaaa,seen,0,aaaa->aaaa,0.8849372384937239,0.8849372384937239,0.16129032258064516,0.11506276150627615,1,0,normal,0.8849372384937239
SKAB,2,normal,410,aaaa,aaaa,aaaa,seen,0,aaaa->aaaa,0.8849372384937239,0.8849372384937239,0.16129032258064516,0.11506276150627615,1,0,normal,0.8849372384937239
SKAB,2,normal,411,aaaa,aaaa,aaaa,seen,0,aaaa->aaaa,0.8849372384937239,0.8849372384937239,0.16129032258064516,0.11506276150627615,1,0,normal,0.8849372384937239
SKAB,2,normal,412,aaaa,aaaa,aaaa,seen,0,aaaa->aaaa,0.8849372384937239,0.8849372384937239,0.16129032258064516,0.11506276150627615,1,0,normal,0.8849372384937239
SKAB,2,normal,413,aaaa,aaaa,aaaa,seen,0,aaaa->aaaa,0.8849372384937239,0.8849372384937239,0.16129032258064516,0.11506276150627615,1,0,normal,0.8849372384937239
SKAB,2,normal,414,aaaa,aaaa,aaaa,seen,0,aaaa->aaaa,0.8849372384937239,0.8849372384937239,0.16129032258064516,0.11506276150627615,1,0,normal,0.8849372384937239
SKAB,2,normal,415,aaaa,aaaa,aaaa,seen,0,aaaa->aaaa,0.8849372384937239,0.8849372384937239,0.16129032258064516,0.11506276150627615,1,0,normal,0.8849372384937239
SKAB,2,normal,416,aaaa,aaaa,aaaa,seen,0,aaaa->aaaa,0.8849372384937239,0.8849372384937239,0.16129032258064516,0.11506276150627615,1,0,normal,0.8849372384937239
SKAB,2,normal,417,aaaa,aaaa,aaaa,seen,0,aaaa->aaaa,0.8849372384937239,0.8849372384937239,0.16129032258064516,0.11506276150627615,1,0,normal,0.8849372384937239
SKAB,2,normal,418,aaaa,aaaa,aaaa,seen,0,aaaa->aaaa,0.8849372384937239,0.8849372384937239,0.16129032258064516,0.11506276150627615,1,0,normal,0.8849372384937239
SKAB,2,normal,419,aaaa,aaaa,aaaa,seen,0,aaaa->aaaa,0.8849372384937239,0.8849372384937239,0.16129032258064516,0.11506276150627615,1,0,normal,0.8849372384937239
SKAB,2,normal,420,aaaa,aaaa,aaaa,seen,0,aaaa->aaaa,0.8849372384937239,0.8849372384937239,0.16129032258064516,0.11506276150627615,1,0,normal,0.8849372384937239
SKAB,2,normal,421,aaaa,aaaa,aaaa,seen,0,aaaa->aaaa,0.8849372384937239,0.8849372384937239,0.16129032258064516,0.11506276150627615,1,0,normal,0.8849372384937239
SKAB,2,normal,422,aaaa,aaaa,aaaa,seen,0,aaaa->aaaa,0.8849372384937239,0.8849372384937239,0.16129032258064516,0.11506276150627615,1,0,normal,0.8849372384937239
SKAB,2,normal,423,aaaa,aaaa,aaaa,seen,0,aaaa->aaaa,0.8849372384937239,0.8849372384937239,0.16129032258064516,0.11506276150627615,1,0,normal,0.8849372384937239
SKAB,2,normal,424,aaaa,aaaa,aaaa,seen,0,aaaa->aaaa,0.8849372384937239,0.8849372384937239,0.16129032258064516,0.11506276150627615,1,0,normal,0.8849372384937239
SKAB,2,normal,425,aaaa,aaaa,aaaa,seen,0,aaaa->aaaa,0.8849372384937239,0.8849372384937239,0.16129032258064516,0.11506276150627615,1,0,normal,0.8849372384937239
SKAB,2,normal,426,aaaa,aaaa,aaaa,seen,0,aaaa->aaaa,0.8849372384937239,0.8849372384937239,0.16129032258064516,0.11506276150627615,1,0,normal,0.8849372384937239
SKAB,2,normal,427,aaaa,aaaa,aaaa,seen,0,aaaa->aaaa,0.8849372384937239,0.8849372384937239,0.16129032258064516,0.11506276150627615,1,0,normal,0.8849372384937239
SKAB,2,normal,428,aaaa,aaaa,aaaa,seen,0,aaaa->aaaa,0.8849372384937239,0.8849372384937239,0.16129032258064516,0.11506276150627615,1,0,normal,0.8849372384937239
SKAB,2,normal,429,aaaa,aaaa,aaaa,seen,0,aaaa->aaaa,0.8849372384937239,0.8849372384937239,0.16129032258064516,0.11506276150627615,1,0,normal,0.8849372384937239
SKAB,2,normal,430,aaaa,aaaa,aaaa,seen,0,aaaa->aaaa,0.8849372384937239,0.8849372384937239,0.16129032258064516,0.11506276150627615,1,0,normal,0.8849372384937239
SKAB,2,normal,431,aaaa,aaaa,aaaa,seen,0,aaaa->aaaa,0.8849372384937239,0.8849372384937239,0.16129032258064516,0.11506276150627615,1,0,normal,0.8849372384937239
SKAB,2,normal,432,aaaa,aaaa,aaaa,seen,0,aaaa->aaaa,0.8849372384937239,0.8849372384937239,0.16129032258064516,0.11506276150627615,0,0,normal,0.8849372384937239
SKAB,2,normal,433,aaaa,aaaa,aaaa,seen,0,aaaa->aaaa,0.8849372384937239,0.8849372384937239,0.16129032258064516,0.11506276150627615,0,0,normal,0.8849372384937239
SKAB,2,normal,434,aaaa,aaaa,aaaa,seen,0,aaaa->aaaa,0.8849372384937239,0.8849372384937239,0.16129032258064516,0.11506276150627615,0,0,normal,0.8849372384937239
SKAB,2,normal,435,aaaa,aaaa,aaaa,seen,0,aaaa->aaaa,0.8849372384937239,0.8849372384937239,0.16129032258064516,0.11506276150627615,0,0,normal,0.8849372384937239
SKAB,2,normal,436,aaaa,aaaa,aaaa,seen,0,aaaa->aaaa,0.8849372384937239,0.8849372384937239,0.16129032258064516,0.11506276150627615,0,0,normal,0.8849372384937239
SKAB,2,normal,437,aaaa,aaaa,aaaa,seen,0,aaaa->aaaa,0.8849372384937239,0.8849372384937239,0.16129032258064516,0.11506276150627615,0,0,normal,0.8849372384937239
SKAB,2,normal,438,aaaa,aaaa,aaaa,seen,0,aaaa->aaaa,0.8849372384937239,0.8849372384937239,0.16129032258064516,0.11506276150627615,0,0,normal,0.8849372384937239
SKAB,2,normal,439,aaaa,aaaa,aaaa,seen,0,aaaa->aaaa,0.8849372384937239,0.8849372384937239,0.16129032258064516,0.11506276150627615,0,0,normal,0.8849372384937239
SKAB,2,normal,440,aaaa,aaaa,aaaa,seen,0,aaaa->aaaa,0.8849372384937239,0.8849372384937239,0.16129032258064516,0.11506276150627615,0,0,normal,0.8849372384937239
SKAB,2,normal,441,aaaa,aaaa,aaaa,seen,0,aaaa->aaaa,0.8849372384937239,0.8849372384937239,0.16129032258064516,0.11506276150627615,0,0,normal,0.8849372384937239
SKAB,2,normal,442,aaaa,aaaa,aaaa,seen,0,aaaa->aaaa,0.8849372384937239,0.8849372384937239,0.16129032258064516,0.11506276150627615,0,0,normal,0.8849372384937239
SKAB,2,normal,443,aaaa,aaaa,aaaa,seen,0,aaaa->aaaa,0.8849372384937239,0.8849372384937239,0.16129032258064516,0.11506276150627615,0,0,normal,0.8849372384937239
SKAB,2,normal,444,aaaa,aaaa,aaaa,seen,0,aaaa->aaaa,0.8849372384937239,0.8849372384937239,0.16129032258064516,0.11506276150627615,0,0,normal,0.8849372384937239
SKAB,2,normal,445,aaaa,aaaa,aaaa,seen,0,aaaa->aaaa,0.8849372384937239,0.8849372384937239,0.16129032258064516,0.11506276150627615,0,0,normal,0.8849372384937239
SKAB,3,normal,1,cccc,cccc,cccc,seen,0,cccc->cccc,0.9355932203389831,0.9355932203389831,0.15873015873015872,0.06440677966101693,0,0,normal,0.9355932203389831
SKAB,3,normal,2,cccc,cccc,cccc,seen,0,cccc->cccc,0.9355932203389831,0.9355932203389831,0.15873015873015872,0.06440677966101693,0,0,normal,0.9355932203389831
SKAB,3,normal,3,cccc,cccc,cccc,seen,0,cccc->cccc,0.9355932203389831,0.9355932203389831,0.15873015873015872,0.06440677966101693,0,0,normal,0.9355932203389831
SKAB,3,normal,4,cccc,cccc,cccc,seen,0,cccc->cccc,0.9355932203389831,0.9355932203389831,0.15873015873015872,0.06440677966101693,0,0,normal,0.9355932203389831
SKAB,3,normal,5,cccc,cccc,cccc,seen,0,cccc->cccc,0.9355932203389831,0.9355932203389831,0.15873015873015872,0.06440677966101693,0,0,normal,0.9355932203389831
SKAB,3,normal,6,cccc,cccc,cccc,seen,0,cccc->cccc,0.9355932203389831,0.9355932203389831,0.15873015873015872,0.06440677966101693,0,0,normal,0.9355932203389831
SKAB,3,normal,7,cccc,cccc,cccc,seen,0,cccc->cccc,0.9355932203389831,0.9355932203389831,0.15873015873015872,0.06440677966101693,0,0,normal,0.9355932203389831
SKAB,3,normal,8,cccc,cccc,cccc,seen,0,cccc->cccc,0.9355932203389831,0.9355932203389831,0.15873015873015872,0.06440677966101693,0,0,normal,0.9355932203389831
SKAB,3,normal,9,cccc,cccc,cccc,seen,0,cccc->cccc,0.9355932203389831,0.9355932203389831,0.15873015873015872,0.06440677966101693,0,0,normal,0.9355932203389831
SKAB,3,normal,10,cccc,cccc,cccc,seen,0,cccc->cccc,0.9355932203389831,0.9355932203389831,0.15873015873015872,0.06440677966101693,0,0,normal,0.9355932203389831
SKAB,3,normal,11,cccc,cccc,cccc,seen,0,cccc->cccc,0.9355932203389831,0.9355932203389831,0.15873015873015872,0.06440677966101693,0,0,normal,0.9355932203389831
SKAB,3,normal,12,cccc,cccc,cccc,seen,0,cccc->cccc,0.9355932203389831,0.9355932203389831,0.15873015873015872,0.06440677966101693,0,0,normal,0.9355932203389831
SKAB,3,normal,13,cccc,cccc,cccc,seen,0,cccc->cccc,0.9355932203389831,0.9355932203389831,0.15873015873015872,0.06440677966101693,0,0,normal,0.9355932203389831
SKAB,3,normal,14,cccc,cccc,cccc,seen,0,cccc->cccc,0.9355932203389831,0.9355932203389831,0.15873015873015872,0.06440677966101693,0,0,normal,0.9355932203389831
SKAB,3,normal,15,cccc,cccc,cccc,seen,0,cccc->cccc,0.9355932203389831,0.9355932203389831,0.15873015873015872,0.06440677966101693,0,0,normal,0.9355932203389831
SKAB,3,normal,16,cccc,cccc,cccc,seen,0,cccc->cccc,0.9355932203389831,0.9355932203389831,0.15873015873015872,0.06440677966101693,0,0,normal,0.9355932203389831
SKAB,3,normal,17,cccc,cccc,cccc,seen,0,cccc->cccc,0.9355932203389831,0.9355932203389831,0.15873015873015872,0.06440677966101693,0,0,normal,0.9355932203389831
SKAB,3,normal,18,cccc,cccc,cccc,seen,0,cccc->cccc,0.9355932203389831,0.9355932203389831,0.15873015873015872,0.06440677966101693,0,0,normal,0.9355932203389831
SKAB,3,normal,19,cccc,cccc,cccc,seen,0,cccc->cccc,0.9355932203389831,0.9355932203389831,0.15873015873015872,0.06440677966101693,0,0,normal,0.9355932203389831
SKAB,3,normal,20,cccc,cccc,cccc,seen,0,cccc->cccc,0.9355932203389831,0.9355932203389831,0.15873015873015872,0.06440677966101693,0,0,normal,0.9355932203389831
SKAB,3,normal,21,cccc,cccc,cccc,seen,0,cccc->cccc,0.9355932203389831,0.9355932203389831,0.15873015873015872,0.06440677966101693,0,0,normal,0.9355932203389831
SKAB,3,normal,22,cccc,cccc,cccc,seen,0,cccc->cccc,0.9355932203389831,0.9355932203389831,0.15873015873015872,0.06440677966101693,0,0,normal,0.9355932203389831
SKAB,3,normal,23,cccc,cccc,cccc,seen,0,cccc->cccc,0.9355932203389831,0.9355932203389831,0.15873015873015872,0.06440677966101693,0,0,normal,0.9355932203389831
SKAB,3,normal,24,cccc,cccc,cccc,seen,0,cccc->cccc,0.9355932203389831,0.9355932203389831,0.15873015873015872,0.06440677966101693,0,0,normal,0.9355932203389831
SKAB,3,normal,25,cccc,cccc,cccc,seen,0,cccc->cccc,0.9355932203389831,0.9355932203389831,0.15873015873015872,0.06440677966101693,0,0,normal,0.9355932203389831
SKAB,3,normal,26,cccc,cccc,cccc,seen,0,cccc->cccc,0.9355932203389831,0.9355932203389831,0.15873015873015872,0.06440677966101693,0,0,normal,0.9355932203389831
SKAB,3,normal,27,cccc,cccc,cccc,seen,0,cccc->cccc,0.9355932203389831,0.9355932203389831,0.15873015873015872,0.06440677966101693,0,0,normal,0.9355932203389831
SKAB,3,normal,28,cccc,cccc,cccc,seen,0,cccc->cccc,0.9355932203389831,0.9355932203389831,0.15873015873015872,0.06440677966101693,0,0,normal,0.9355932203389831
SKAB,3,normal,29,cccc,cccc,cccc,seen,0,cccc->cccc,0.9355932203389831,0.9355932203389831,0.15873015873015872,0.06440677966101693,0,0,normal,0.9355932203389831
SKAB,3,normal,30,cccc,cccc,cccc,seen,0,cccc->cccc,0.9355932203389831,0.9355932203389831,0.15873015873015872,0.06440677966101693,0,0,normal,0.9355932203389831
SKAB,3,normal,31,cccc,cccc,cccc,seen,0,cccc->cccc,0.9355932203389831,0.9355932203389831,0.15873015873015872,0.06440677966101693,0,0,normal,0.9355932203389831
SKAB,3,normal,32,cccc,cccc,cccc,seen,0,cccc->cccc,0.9355932203389831,0.9355932203389831,0.15873015873015872,0.06440677966101693,0,0,normal,0.9355932203389831
SKAB,3,normal,33,cccc,cccc,cccc,seen,0,cccc->cccc,0.9355932203389831,0.9355932203389831,0.15873015873015872,0.06440677966101693,0,0,normal,0.9355932203389831
SKAB,3,normal,34,cccc,cccc,cccc,seen,0,cccc->cccc,0.9355932203389831,0.9355932203389831,0.15873015873015872,0.06440677966101693,0,0,normal,0.9355932203389831
SKAB,3,normal,35,cccc,cccc,cccc,seen,0,cccc->cccc,0.9355932203389831,0.9355932203389831,0.15873015873015872,0.06440677966101693,0,0,normal,0.9355932203389831
SKAB,3,normal,36,cccc,cccc,cccc,seen,0,cccc->cccc,0.9355932203389831,0.9355932203389831,0.15873015873015872,0.06440677966101693,0,0,normal,0.9355932203389831
SKAB,3,normal,37,cccc,cccc,cccc,seen,0,cccc->cccc,0.9355932203389831,0.9355932203389831,0.15873015873015872,0.06440677966101693,0,0,normal,0.9355932203389831
SKAB,3,normal,38,cccc,cccc,cccc,seen,0,cccc->cccc,0.9355932203389831,0.9355932203389831,0.15873015873015872,0.06440677966101693,0,0,normal,0.9355932203389831
SKAB,3,normal,39,cccc,cccc,cccc,seen,0,cccc->cccc,0.9355932203389831,0.9355932203389831,0.15873015873015872,0.06440677966101693,0,0,normal,0.9355932203389831
SKAB,3,normal,40,cccc,cccc,cccc,seen,0,cccc->cccc,0.9355932203389831,0.9355932203389831,0.15873015873015872,0.06440677966101693,0,0,normal,0.9355932203389831
SKAB,3,normal,41,cccc,cccc,cccc,seen,0,cccc->cccc,0.9355932203389831,0.9355932203389831,0.15873015873015872,0.06440677966101693,0,0,normal,0.9355932203389831
SKAB,3,normal,42,cccc,cccc,cccc,seen,0,cccc->cccc,0.9355932203389831,0.9355932203389831,0.15873015873015872,0.06440677966101693,0,0,normal,0.9355932203389831
SKAB,3,normal,43,cccc,cccc,cccc,seen,0,cccc->cccc,0.9355932203389831,0.9355932203389831,0.15873015873015872,0.06440677966101693,0,0,normal,0.9355932203389831
SKAB,3,normal,44,cccc,cccc,cccc,seen,0,cccc->cccc,0.9355932203389831,0.9355932203389831,0.15873015873015872,0.06440677966101693,0,0,normal,0.9355932203389831
SKAB,3,normal,45,cccc,cccc,cccc,seen,0,cccc->cccc,0.9355932203389831,0.9355932203389831,0.15873015873015872,0.06440677966101693,0,0,normal,0.9355932203389831
SKAB,3,normal,46,cccc,cccc,cccc,seen,0,cccc->cccc,0.9355932203389831,0.9355932203389831,0.15873015873015872,0.06440677966101693,0,0,normal,0.9355932203389831
SKAB,3,normal,47,cccc,cccc,cccc,seen,0,cccc->cccc,0.9355932203389831,0.9355932203389831,0.15873015873015872,0.06440677966101693,0,0,normal,0.9355932203389831
SKAB,3,normal,48,cccc,cccc,cccc,seen,0,cccc->cccc,0.9355932203389831,0.9355932203389831,0.15873015873015872,0.06440677966101693,0,0,normal,0.9355932203389831
SKAB,3,normal,49,cccc,cccc,cccc,seen,0,cccc->cccc,0.9355932203389831,0.9355932203389831,0.15873015873015872,0.06440677966101693,0,0,normal,0.9355932203389831
SKAB,3,normal,50,cccc,cccc,cccc,seen,0,cccc->cccc,0.9355932203389831,0.9355932203389831,0.15873015873015872,0.06440677966101693,0,0,normal,0.9355932203389831
SKAB,3,normal,51,cccc,cccc,cccc,seen,0,cccc->cccc,0.9355932203389831,0.9355932203389831,0.15873015873015872,0.06440677966101693,0,0,normal,0.9355932203389831
SKAB,3,normal,52,cccc,cccc,cccc,seen,0,cccc->cccc,0.9355932203389831,0.9355932203389831,0.15873015873015872,0.06440677966101693,0,0,normal,0.9355932203389831
SKAB,3,normal,53,cccc,cccc,cccc,seen,0,cccc->cccc,0.9355932203389831,0.9355932203389831,0.15873015873015872,0.06440677966101693,1,0,normal,0.9355932203389831
SKAB,3,normal,54,cccc,cccc,cccc,seen,0,cccc->cccc,0.9355932203389831,0.9355932203389831,0.15873015873015872,0.06440677966101693,1,0,normal,0.9355932203389831
SKAB,3,normal,55,cccc,cccc,cccc,seen,0,cccc->cccc,0.9355932203389831,0.9355932203389831,0.15873015873015872,0.06440677966101693,1,0,normal,0.9355932203389831
SKAB,3,normal,56,cccc,cccc,cccc,seen,0,cccc->cccc,0.9355932203389831,0.9355932203389831,0.15873015873015872,0.06440677966101693,1,0,normal,0.9355932203389831
SKAB,3,normal,57,cccc,cccc,cccc,seen,0,cccc->cccc,0.9355932203389831,0.9355932203389831,0.15873015873015872,0.06440677966101693,1,0,normal,0.9355932203389831
SKAB,3,normal,58,cccc,cccc,cccc,seen,0,cccc->cccc,0.9355932203389831,0.9355932203389831,0.15873015873015872,0.06440677966101693,1,0,normal,0.9355932203389831
SKAB,3,normal,59,cccc,cccc,cccc,seen,0,cccc->cccc,0.9355932203389831,0.9355932203389831,0.15873015873015872,0.06440677966101693,1,0,normal,0.9355932203389831
SKAB,3,normal,60,cccc,cccc,cccc,seen,0,cccc->cccc,0.9355932203389831,0.9355932203389831,0.15873015873015872,0.06440677966101693,1,0,normal,0.9355932203389831
SKAB,3,normal,61,cccc,cccc,cccc,seen,0,cccc->cccc,0.9355932203389831,0.9355932203389831,0.15873015873015872,0.06440677966101693,1,0,normal,0.9355932203389831
SKAB,3,normal,62,cccc,cccc,cccc,seen,0,cccc->cccc,0.9355932203389831,0.9355932203389831,0.15873015873015872,0.06440677966101693,1,0,normal,0.9355932203389831
SKAB,3,normal,63,cccc,cccc,cccc,seen,0,cccc->cccc,0.9355932203389831,0.9355932203389831,0.15873015873015872,0.06440677966101693,1,0,normal,0.9355932203389831
SKAB,3,normal,64,cccc,cccc,cccc,seen,0,cccc->cccc,0.9355932203389831,0.9355932203389831,0.15873015873015872,0.06440677966101693,1,0,normal,0.9355932203389831
SKAB,3,normal,65,cccc,cccc,cccc,seen,0,cccc->cccc,0.9355932203389831,0.9355932203389831,0.15873015873015872,0.06440677966101693,1,0,normal,0.9355932203389831
SKAB,3,normal,66,cccc,cccc,cccc,seen,0,cccc->cccc,0.9355932203389831,0.9355932203389831,0.15873015873015872,0.06440677966101693,1,0,normal,0.9355932203389831
SKAB,3,normal,67,cccc,cccc,cccc,seen,0,cccc->cccc,0.9355932203389831,0.9355932203389831,0.15873015873015872,0.06440677966101693,1,0,normal,0.9355932203389831
SKAB,3,normal,68,cccc,cccc,cccc,seen,0,cccc->cccc,0.9355932203389831,0.9355932203389831,0.15873015873015872,0.06440677966101693,1,0,normal,0.9355932203389831
SKAB,3,normal,69,cccc,cccc,cccc,seen,0,cccc->cccc,0.9355932203389831,0.9355932203389831,0.15873015873015872,0.06440677966101693,1,0,normal,0.9355932203389831
SKAB,3,normal,70,cccc,cccc,cccc,seen,0,cccc->cccc,0.9355932203389831,0.9355932203389831,0.15873015873015872,0.06440677966101693,1,0,normal,0.9355932203389831
SKAB,3,normal,71,cccc,cccc,cccc,seen,0,cccc->cccc,0.9355932203389831,0.9355932203389831,0.15873015873015872,0.06440677966101693,1,0,normal,0.9355932203389831
SKAB,3,normal,72,cccc,cccc,cccc,seen,0,cccc->cccc,0.9355932203389831,0.9355932203389831,0.15873015873015872,0.06440677966101693,1,0,normal,0.9355932203389831
SKAB,3,normal,73,cccc,cccc,cccc,seen,0,cccc->cccc,0.9355932203389831,0.9355932203389831,0.15873015873015872,0.06440677966101693,1,0,normal,0.9355932203389831
SKAB,3,normal,74,cccc,cccc,cccc,seen,0,cccc->cccc,0.9355932203389831,0.9355932203389831,0.15873015873015872,0.06440677966101693,1,0,normal,0.9355932203389831
SKAB,3,normal,75,cccc,cccc,cccc,seen,0,cccc->cccc,0.9355932203389831,0.9355932203389831,0.15873015873015872,0.06440677966101693,1,0,normal,0.9355932203389831
SKAB,3,normal,76,cccc,cccc,cccc,seen,0,cccc->cccc,0.9355932203389831,0.9355932203389831,0.15873015873015872,0.06440677966101693,1,0,normal,0.9355932203389831
SKAB,3,normal,77,cccc,cccc,cccc,seen,0,cccc->cccc,0.9355932203389831,0.9355932203389831,0.15873015873015872,0.06440677966101693,1,0,normal,0.9355932203389831
SKAB,3,normal,78,cccc,cccc,cccc,seen,0,cccc->cccc,0.9355932203389831,0.9355932203389831,0.15873015873015872,0.06440677966101693,1,0,normal,0.9355932203389831
SKAB,3,normal,79,cccc,cccc,cccc,seen,0,cccc->cccc,0.9355932203389831,0.9355932203389831,0.15873015873015872,0.06440677966101693,1,0,normal,0.9355932203389831
SKAB,3,normal,80,cccc,cccc,cccc,seen,0,cccc->cccc,0.9355932203389831,0.9355932203389831,0.15873015873015872,0.06440677966101693,1,0,normal,0.9355932203389831
SKAB,3,normal,81,cccc,cccc,cccc,seen,0,cccc->cccc,0.9355932203389831,0.9355932203389831,0.15873015873015872,0.06440677966101693,1,0,normal,0.9355932203389831
SKAB,3,normal,82,cccc,cccc,cccc,seen,0,cccc->cccc,0.9355932203389831,0.9355932203389831,0.15873015873015872,0.06440677966101693,1,0,normal,0.9355932203389831
SKAB,3,normal,83,cccc,cccc,cccc,seen,0,cccc->cccc,0.9355932203389831,0.9355932203389831,0.15873015873015872,0.06440677966101693,1,0,normal,0.9355932203389831
SKAB,3,normal,84,cccc,cccc,cccc,seen,0,cccc->cccc,0.9355932203389831,0.9355932203389831,0.15873015873015872,0.06440677966101693,1,0,normal,0.9355932203389831
SKAB,3,normal,85,cccc,cccc,cccc,seen,0,cccc->cccc,0.9355932203389831,0.9355932203389831,0.15873015873015872,0.06440677966101693,1,0,normal,0.9355932203389831
SKAB,3,normal,86,cccc,cccc,cccc,seen,0,cccc->cccc,0.9355932203389831,0.9355932203389831,0.15873015873015872,0.06440677966101693,1,0,normal,0.9355932203389831
SKAB,3,normal,87,cccc,cccc,cccc,seen,0,cccc->cccc,0.9355932203389831,0.9355932203389831,0.15873015873015872,0.06440677966101693,1,0,normal,0.9355932203389831
SKAB,3,normal,88,cccc,cccc,cccc,seen,0,cccc->cccc,0.9355932203389831,0.9355932203389831,0.15873015873015872,0.06440677966101693,1,0,normal,0.9355932203389831
SKAB,3,normal,89,cccc,cccc,cccc,seen,0,cccc->cccc,0.9355932203389831,0.9355932203389831,0.15873015873015872,0.06440677966101693,1,0,normal,0.9355932203389831
SKAB,3,normal,90,cccc,cccc,cccc,seen,0,cccc->cccc,0.9355932203389831,0.9355932203389831,0.15873015873015872,0.06440677966101693,1,0,normal,0.9355932203389831
SKAB,3,normal,91,cccc,cccc,cccc,seen,0,cccc->cccc,0.9355932203389831,0.9355932203389831,0.15873015873015872,0.06440677966101693,0,0,normal,0.9355932203389831
SKAB,3,normal,92,cccc,cccc,cccc,seen,0,cccc->cccc,0.9355932203389831,0.9355932203389831,0.15873015873015872,0.06440677966101693,0,0,normal,0.9355932203389831
SKAB,3,normal,93,cccc,cccc,cccc,seen,0,cccc->cccc,0.9355932203389831,0.9355932203389831,0.15873015873015872,0.06440677966101693,0,0,normal,0.9355932203389831
SKAB,3,normal,94,cccc,cccc,cccc,seen,0,cccc->cccc,0.9355932203389831,0.9355932203389831,0.15873015873015872,0.06440677966101693,0,0,normal,0.9355932203389831
SKAB,3,normal,95,cccc,cccc,cccc,seen,0,cccc->cccc,0.9355932203389831,0.9355932203389831,0.15873015873015872,0.06440677966101693,0,0,normal,0.9355932203389831
SKAB,3,normal,96,cccc,cccc,cccc,seen,0,cccc->cccc,0.9355932203389831,0.9355932203389831,0.15873015873015872,0.06440677966101693,0,0,normal,0.9355932203389831
SKAB,3,normal,97,cccc,cccc,cccc,seen,0,cccc->cccc,0.9355932203389831,0.9355932203389831,0.15873015873015872,0.06440677966101693,0,0,normal,0.9355932203389831
SKAB,3,normal,98,cccc,cccc,cccc,seen,0,cccc->cccc,0.9355932203389831,0.9355932203389831,0.15873015873015872,0.06440677966101693,0,0,normal,0.9355932203389831
SKAB,3,normal,99,cccc,cccc,cccc,seen,0,cccc->cccc,0.9355932203389831,0.9355932203389831,0.15873015873015872,0.06440677966101693,0,0,normal,0.9355932203389831
SKAB,3,normal,100,cccc,cccc,cccc,seen,0,cccc->cccc,0.9355932203389831,0.9355932203389831,0.15873015873015872,0.06440677966101693,0,0,normal,0.9355932203389831
SKAB,3,normal,101,cccc,cccc,cccc,seen,0,cccc->cccc,0.9355932203389831,0.9355932203389831,0.15873015873015872,0.06440677966101693,0,0,normal,0.9355932203389831
SKAB,3,normal,102,cccc,cccc,cccc,seen,0,cccc->cccc,0.9355932203389831,0.9355932203389831,0.15873015873015872,0.06440677966101693,0,0,normal,0.9355932203389831
SKAB,3,normal,103,cccc,cccc,cccc,seen,0,cccc->cccc,0.9355932203389831,0.9355932203389831,0.15873015873015872,0.06440677966101693,0,0,normal,0.9355932203389831
SKAB,3,normal,104,cccc,cccc,cccc,seen,0,cccc->cccc,0.9355932203389831,0.9355932203389831,0.15873015873015872,0.06440677966101693,0,0,normal,0.9355932203389831
SKAB,3,normal,105,cccc,cccb,cccb,seen,0,cccc->cccb,0.011864406779661017,0.011864406779661017,0.15873015873015872,0.988135593220339,0,1,anomaly,0.011864406779661017
SKAB,3,normal,106,cccb,ccbb,ccbb,seen,0,cccb->ccbb,0.0975609756097561,0.0975609756097561,0.15873015873015872,0.9024390243902439,0,1,anomaly,0.0975609756097561
SKAB,3,normal,107,ccbb,cbbb,cbbb,seen,0,ccbb->cbbb,0.10526315789473684,0.10526315789473684,0.15873015873015872,0.8947368421052632,0,1,anomaly,0.10526315789473684
SKAB,3,normal,108,cbbb,bbbb,bbbb,seen,0,cbbb->bbbb,0.23809523809523808,0.23809523809523808,0.15873015873015872,0.7619047619047619,0,0,normal,0.23809523809523808
SKAB,3,normal,109,bbbb,bbbb,bbbb,seen,0,bbbb->bbbb,0.8305489260143198,0.8305489260143198,0.15873015873015872,0.16945107398568016,0,0,normal,0.8305489260143198
SKAB,3,normal,110,bbbb,bbbb,bbbb,seen,0,bbbb->bbbb,0.8305489260143198,0.8305489260143198,0.15873015873015872,0.16945107398568016,0,0,normal,0.8305489260143198
SKAB,3,normal,111,bbbb,bbbb,bbbb,seen,0,bbbb->bbbb,0.8305489260143198,0.8305489260143198,0.15873015873015872,0.16945107398568016,0,0,normal,0.8305489260143198
SKAB,3,normal,112,bbbb,bbbb,bbbb,seen,0,bbbb->bbbb,0.8305489260143198,0.8305489260143198,0.15873015873015872,0.16945107398568016,0,0,normal,0.8305489260143198
SKAB,3,normal,113,bbbb,bbbb,bbbb,seen,0,bbbb->bbbb,0.8305489260143198,0.8305489260143198,0.15873015873015872,0.16945107398568016,0,0,normal,0.8305489260143198
SKAB,3,normal,114,bbbb,bbbb,bbbb,seen,0,bbbb->bbbb,0.8305489260143198,0.8305489260143198,0.15873015873015872,0.16945107398568016,0,0,normal,0.8305489260143198
SKAB,3,normal,115,bbbb,bbbb,bbbb,seen,0,bbbb->bbbb,0.8305489260143198,0.8305489260143198,0.15873015873015872,0.16945107398568016,0,0,normal,0.8305489260143198
SKAB,3,normal,116,bbbb,bbbb,bbbb,seen,0,bbbb->bbbb,0.8305489260143198,0.8305489260143198,0.15873015873015872,0.16945107398568016,0,0,normal,0.8305489260143198
SKAB,3,normal,117,bbbb,bbbb,bbbb,seen,0,bbbb->bbbb,0.8305489260143198,0.8305489260143198,0.15873015873015872,0.16945107398568016,0,0,normal,0.8305489260143198
SKAB,3,normal,118,bbbb,bbbb,bbbb,seen,0,bbbb->bbbb,0.8305489260143198,0.8305489260143198,0.15873015873015872,0.16945107398568016,0,0,normal,0.8305489260143198
SKAB,3,normal,119,bbbb,bbbb,bbbb,seen,0,bbbb->bbbb,0.8305489260143198,0.8305489260143198,0.15873015873015872,0.16945107398568016,0,0,normal,0.8305489260143198
SKAB,3,normal,120,bbbb,bbbb,bbbb,seen,0,bbbb->bbbb,0.8305489260143198,0.8305489260143198,0.15873015873015872,0.16945107398568016,0,0,normal,0.8305489260143198
SKAB,3,normal,121,bbbb,bbbb,bbbb,seen,0,bbbb->bbbb,0.8305489260143198,0.8305489260143198,0.15873015873015872,0.16945107398568016,0,0,normal,0.8305489260143198
SKAB,3,normal,122,bbbb,bbbb,bbbb,seen,0,bbbb->bbbb,0.8305489260143198,0.8305489260143198,0.15873015873015872,0.16945107398568016,0,0,normal,0.8305489260143198
SKAB,3,normal,123,bbbb,bbbb,bbbb,seen,0,bbbb->bbbb,0.8305489260143198,0.8305489260143198,0.15873015873015872,0.16945107398568016,0,0,normal,0.8305489260143198
SKAB,3,normal,124,bbbb,bbbb,bbbb,seen,0,bbbb->bbbb,0.8305489260143198,0.8305489260143198,0.15873015873015872,0.16945107398568016,0,0,normal,0.8305489260143198
SKAB,3,normal,125,bbbb,bbbb,bbbb,seen,0,bbbb->bbbb,0.8305489260143198,0.8305489260143198,0.15873015873015872,0.16945107398568016,0,0,normal,0.8305489260143198
SKAB,3,normal,126,bbbb,bbbb,bbbb,seen,0,bbbb->bbbb,0.8305489260143198,0.8305489260143198,0.15873015873015872,0.16945107398568016,0,0,normal,0.8305489260143198
SKAB,3,normal,127,bbbb,bbbb,bbbb,seen,0,bbbb->bbbb,0.8305489260143198,0.8305489260143198,0.15873015873015872,0.16945107398568016,0,0,normal,0.8305489260143198
SKAB,3,normal,128,bbbb,bbbb,bbbb,seen,0,bbbb->bbbb,0.8305489260143198,0.8305489260143198,0.15873015873015872,0.16945107398568016,0,0,normal,0.8305489260143198
SKAB,3,normal,129,bbbb,bbbb,bbbb,seen,0,bbbb->bbbb,0.8305489260143198,0.8305489260143198,0.15873015873015872,0.16945107398568016,0,0,normal,0.8305489260143198
SKAB,3,normal,130,bbbb,bbbb,bbbb,seen,0,bbbb->bbbb,0.8305489260143198,0.8305489260143198,0.15873015873015872,0.16945107398568016,0,0,normal,0.8305489260143198
SKAB,3,normal,131,bbbb,bbbb,bbbb,seen,0,bbbb->bbbb,0.8305489260143198,0.8305489260143198,0.15873015873015872,0.16945107398568016,0,0,normal,0.8305489260143198
SKAB,3,normal,132,bbbb,bbbb,bbbb,seen,0,bbbb->bbbb,0.8305489260143198,0.8305489260143198,0.15873015873015872,0.16945107398568016,0,0,normal,0.8305489260143198
SKAB,3,normal,133,bbbb,bbbb,bbbb,seen,0,bbbb->bbbb,0.8305489260143198,0.8305489260143198,0.15873015873015872,0.16945107398568016,0,0,normal,0.8305489260143198
SKAB,3,normal,134,bbbb,bbbb,bbbb,seen,0,bbbb->bbbb,0.8305489260143198,0.8305489260143198,0.15873015873015872,0.16945107398568016,0,0,normal,0.8305489260143198
SKAB,3,normal,135,bbbb,bbbb,bbbb,seen,0,bbbb->bbbb,0.8305489260143198,0.8305489260143198,0.15873015873015872,0.16945107398568016,0,0,normal,0.8305489260143198
SKAB,3,normal,136,bbbb,bbbb,bbbb,seen,0,bbbb->bbbb,0.8305489260143198,0.8305489260143198,0.15873015873015872,0.16945107398568016,0,0,normal,0.8305489260143198
SKAB,3,normal,137,bbbb,bbbb,bbbb,seen,0,bbbb->bbbb,0.8305489260143198,0.8305489260143198,0.15873015873015872,0.16945107398568016,0,0,normal,0.8305489260143198
SKAB,3,normal,138,bbbb,bbbb,bbbb,seen,0,bbbb->bbbb,0.8305489260143198,0.8305489260143198,0.15873015873015872,0.16945107398568016,0,0,normal,0.8305489260143198
SKAB,3,normal,139,bbbb,bbbb,bbbb,seen,0,bbbb->bbbb,0.8305489260143198,0.8305489260143198,0.15873015873015872,0.16945107398568016,0,0,normal,0.8305489260143198
SKAB,3,normal,140,bbbb,bbbc,bbbc,seen,0,bbbb->bbbc,0.02386634844868735,0.02386634844868735,0.15873015873015872,0.9761336515513126,0,1,anomaly,0.02386634844868735
SKAB,3,normal,141,bbbc,bbcb,bbcb,seen,0,bbbc->bbcb,0.19047619047619047,0.19047619047619047,0.15873015873015872,0.8095238095238095,0,0,normal,0.19047619047619047
SKAB,3,normal,142,bbcb,bcbb,bcbb,seen,0,bbcb->bcbb,0.19047619047619047,0.19047619047619047,0.15873015873015872,0.8095238095238095,0,0,normal,0.19047619047619047
SKAB,3,normal,143,bcbb,cbbb,cbbb,seen,0,bcbb->cbbb,0.16666666666666666,0.16666666666666666,0.15873015873015872,0.8333333333333334,0,0,normal,0.16666666666666666
SKAB,3,normal,144,cbbb,bbbb,bbbb,seen,0,cbbb->bbbb,0.23809523809523808,0.23809523809523808,0.15873015873015872,0.7619047619047619,0,0,normal,0.23809523809523808
SKAB,3,normal,145,bbbb,bbbb,bbbb,seen,0,bbbb->bbbb,0.8305489260143198,0.8305489260143198,0.15873015873015872,0.16945107398568016,0,0,normal,0.8305489260143198
SKAB,3,normal,146,bbbb,bbbb,bbbb,seen,0,bbbb->bbbb,0.8305489260143198,0.8305489260143198,0.15873015873015872,0.16945107398568016,0,0,normal,0.8305489260143198
SKAB,3,normal,147,bbbb,bbbb,bbbb,seen,0,bbbb->bbbb,0.8305489260143198,0.8305489260143198,0.15873015873015872,0.16945107398568016,0,0,normal,0.8305489260143198
SKAB,3,normal,148,bbbb,bbba,bbba,seen,0,bbbb->bbba,0.07398568019093078,0.07398568019093078,0.15873015873015872,0.9260143198090692,0,1,anomaly,0.07398568019093078
SKAB,3,normal,149,bbba,bbab,bbab,seen,0,bbba->bbab,0.2608695652173913,0.2608695652173913,0.15873015873015872,0.7391304347826086,0,0,normal,0.2608695652173913
SKAB,3,normal,150,bbab,baba,baba,seen,0,bbab->baba,0.07692307692307693,0.07692307692307693,0.15873015873015872,0.9230769230769231,0,1,anomaly,0.07692307692307693
SKAB,3,normal,151,baba,abaa,abaa,seen,0,baba->abaa,0.14634146341463414,0.14634146341463414,0.15873015873015872,0.8536585365853658,0,1,anomaly,0.14634146341463414
SKAB,3,normal,152,abaa,baaa,baaa,seen,0,abaa->baaa,0.3090909090909091,0.3090909090909091,0.15873015873015872,0.6909090909090909,0,0,normal,0.3090909090909091
SKAB,3,normal,153,baaa,aaaa,aaaa,seen,0,baaa->aaaa,0.37142857142857144,0.37142857142857144,0.15873015873015872,0.6285714285714286,0,0,normal,0.37142857142857144
SKAB,3,normal,154,aaaa,aaaa,aaaa,seen,0,aaaa->aaaa,0.8766233766233766,0.8766233766233766,0.15873015873015872,0.12337662337662336,0,0,normal,0.8766233766233766
SKAB,3,normal,155,aaaa,aaab,aaab,seen,0,aaaa->aaab,0.05627705627705628,0.05627705627705628,0.15873015873015872,0.9437229437229437,0,1,anomaly,0.05627705627705628
SKAB,3,normal,156,aaab,aaba,aaba,seen,0,aaab->aaba,0.2571428571428571,0.2571428571428571,0.15873015873015872,0.7428571428571429,0,0,normal,0.2571428571428571
SKAB,3,normal,157,aaba,abaa,abaa,seen,0,aaba->abaa,0.32727272727272727,0.32727272727272727,0.15873015873015872,0.6727272727272727,0,0,normal,0.32727272727272727
SKAB,3,normal,158,abaa,baaa,baaa,seen,0,abaa->baaa,0.3090909090909091,0.3090909090909091,0.15873015873015872,0.6909090909090909,0,0,normal,0.3090909090909091
SKAB,3,normal,159,baaa,aaaa,aaaa,seen,0,baaa->aaaa,0.37142857142857144,0.37142857142857144,0.15873015873015872,0.6285714285714286,0,0,normal,0.37142857142857144
SKAB,3,normal,160,aaaa,aaaa,aaaa,seen,0,aaaa->aaaa,0.8766233766233766,0.8766233766233766,0.15873015873015872,0.12337662337662336,0,0,normal,0.8766233766233766
SKAB,3,normal,161,aaaa,aaaa,aaaa,seen,0,aaaa->aaaa,0.8766233766233766,0.8766233766233766,0.15873015873015872,0.12337662337662336,1,0,normal,0.8766233766233766
SKAB,3,normal,162,aaaa,aaaa,aaaa,seen,0,aaaa->aaaa,0.8766233766233766,0.8766233766233766,0.15873015873015872,0.12337662337662336,1,0,normal,0.8766233766233766
SKAB,3,normal,163,aaaa,aaaa,aaaa,seen,0,aaaa->aaaa,0.8766233766233766,0.8766233766233766,0.15873015873015872,0.12337662337662336,1,0,normal,0.8766233766233766
SKAB,3,normal,164,aaaa,aaaa,aaaa,seen,0,aaaa->aaaa,0.8766233766233766,0.8766233766233766,0.15873015873015872,0.12337662337662336,1,0,normal,0.8766233766233766
SKAB,3,normal,165,aaaa,aaaa,aaaa,seen,0,aaaa->aaaa,0.8766233766233766,0.8766233766233766,0.15873015873015872,0.12337662337662336,1,0,normal,0.8766233766233766
SKAB,3,normal,166,aaaa,aaaa,aaaa,seen,0,aaaa->aaaa,0.8766233766233766,0.8766233766233766,0.15873015873015872,0.12337662337662336,1,0,normal,0.8766233766233766
SKAB,3,normal,167,aaaa,aaaa,aaaa,seen,0,aaaa->aaaa,0.8766233766233766,0.8766233766233766,0.15873015873015872,0.12337662337662336,1,0,normal,0.8766233766233766
SKAB,3,normal,168,aaaa,aaaa,aaaa,seen,0,aaaa->aaaa,0.8766233766233766,0.8766233766233766,0.15873015873015872,0.12337662337662336,1,0,normal,0.8766233766233766
SKAB,3,normal,169,aaaa,aaaa,aaaa,seen,0,aaaa->aaaa,0.8766233766233766,0.8766233766233766,0.15873015873015872,0.12337662337662336,1,0,normal,0.8766233766233766
SKAB,3,normal,170,aaaa,aaaa,aaaa,seen,0,aaaa->aaaa,0.8766233766233766,0.8766233766233766,0.15873015873015872,0.12337662337662336,1,0,normal,0.8766233766233766
SKAB,3,normal,171,aaaa,aaaa,aaaa,seen,0,aaaa->aaaa,0.8766233766233766,0.8766233766233766,0.15873015873015872,0.12337662337662336,1,0,normal,0.8766233766233766
SKAB,3,normal,172,aaaa,aaaa,aaaa,seen,0,aaaa->aaaa,0.8766233766233766,0.8766233766233766,0.15873015873015872,0.12337662337662336,1,0,normal,0.8766233766233766
SKAB,3,normal,173,aaaa,aaaa,aaaa,seen,0,aaaa->aaaa,0.8766233766233766,0.8766233766233766,0.15873015873015872,0.12337662337662336,1,0,normal,0.8766233766233766
SKAB,3,normal,174,aaaa,aaaa,aaaa,seen,0,aaaa->aaaa,0.8766233766233766,0.8766233766233766,0.15873015873015872,0.12337662337662336,1,0,normal,0.8766233766233766
SKAB,3,normal,175,aaaa,aaaa,aaaa,seen,0,aaaa->aaaa,0.8766233766233766,0.8766233766233766,0.15873015873015872,0.12337662337662336,1,0,normal,0.8766233766233766
SKAB,3,normal,176,aaaa,aaaa,aaaa,seen,0,aaaa->aaaa,0.8766233766233766,0.8766233766233766,0.15873015873015872,0.12337662337662336,1,0,normal,0.8766233766233766
SKAB,3,normal,177,aaaa,aaaa,aaaa,seen,0,aaaa->aaaa,0.8766233766233766,0.8766233766233766,0.15873015873015872,0.12337662337662336,1,0,normal,0.8766233766233766
SKAB,3,normal,178,aaaa,aaaa,aaaa,seen,0,aaaa->aaaa,0.8766233766233766,0.8766233766233766,0.15873015873015872,0.12337662337662336,1,0,normal,0.8766233766233766
SKAB,3,normal,179,aaaa,aaaa,aaaa,seen,0,aaaa->aaaa,0.8766233766233766,0.8766233766233766,0.15873015873015872,0.12337662337662336,1,0,normal,0.8766233766233766
SKAB,3,normal,180,aaaa,aaab,aaab,seen,0,aaaa->aaab,0.05627705627705628,0.05627705627705628,0.15873015873015872,0.9437229437229437,1,1,anomaly,0.05627705627705628
SKAB,3,normal,181,aaab,aabb,aabb,seen,0,aaab->aabb,0.3,0.3,0.15873015873015872,0.7,1,0,normal,0.3
SKAB,3,normal,182,aabb,abbb,abbb,seen,0,aabb->abbb,0.31746031746031744,0.31746031746031744,0.15873015873015872,0.6825396825396826,1,0,normal,0.31746031746031744
SKAB,3,normal,183,abbb,bbbb,bbbb,seen,0,abbb->bbbb,0.4492753623188406,0.4492753623188406,0.15873015873015872,0.5507246376811594,1,0,normal,0.4492753623188406
SKAB,3,normal,184,bbbb,bbba,bbba,seen,0,bbbb->bbba,0.07398568019093078,0.07398568019093078,0.15873015873015872,0.9260143198090692,1,1,anomaly,0.07398568019093078
SKAB,3,normal,185,bbba,bbaa,bbaa,seen,0,bbba->bbaa,0.2898550724637681,0.2898550724637681,0.15873015873015872,0.7101449275362319,1,0,normal,0.2898550724637681
SKAB,3,normal,186,bbaa,baaa,baaa,seen,0,bbaa->baaa,0.3492063492063492,0.3492063492063492,0.15873015873015872,0.6507936507936508,1,0,normal,0.3492063492063492
SKAB,3,normal,187,baaa,aaaa,aaaa,seen,0,baaa->aaaa,0.37142857142857144,0.37142857142857144,0.15873015873015872,0.6285714285714286,1,0,normal,0.37142857142857144
SKAB,3,normal,188,aaaa,aaaa,aaaa,seen,0,aaaa->aaaa,0.8766233766233766,0.8766233766233766,0.15873015873015872,0.12337662337662336,1,0,normal,0.8766233766233766
SKAB,3,normal,189,aaaa,aaaa,aaaa,seen,0,aaaa->aaaa,0.8766233766233766,0.8766233766233766,0.15873015873015872,0.12337662337662336,1,0,normal,0.8766233766233766
SKAB,3,normal,190,aaaa,aaaa,aaaa,seen,0,aaaa->aaaa,0.8766233766233766,0.8766233766233766,0.15873015873015872,0.12337662337662336,1,0,normal,0.8766233766233766
SKAB,3,normal,191,aaaa,aaaa,aaaa,seen,0,aaaa->aaaa,0.8766233766233766,0.8766233766233766,0.15873015873015872,0.12337662337662336,1,0,normal,0.8766233766233766
SKAB,3,normal,192,aaaa,aaaa,aaaa,seen,0,aaaa->aaaa,0.8766233766233766,0.8766233766233766,0.15873015873015872,0.12337662337662336,1,0,normal,0.8766233766233766
SKAB,3,normal,193,aaaa,aaaa,aaaa,seen,0,aaaa->aaaa,0.8766233766233766,0.8766233766233766,0.15873015873015872,0.12337662337662336,1,0,normal,0.8766233766233766
SKAB,3,normal,194,aaaa,aaab,aaab,seen,0,aaaa->aaab,0.05627705627705628,0.05627705627705628,0.15873015873015872,0.9437229437229437,1,1,anomaly,0.05627705627705628
SKAB,3,normal,195,aaab,aabb,aabb,seen,0,aaab->aabb,0.3,0.3,0.15873015873015872,0.7,1,0,normal,0.3
SKAB,3,normal,196,aabb,abba,abba,seen,0,aabb->abba,0.19047619047619047,0.19047619047619047,0.15873015873015872,0.8095238095238095,1,0,normal,0.19047619047619047
SKAB,3,normal,197,abba,bbaa,bbaa,seen,0,abba->bbaa,0.2553191489361702,0.2553191489361702,0.15873015873015872,0.7446808510638299,1,0,normal,0.2553191489361702
SKAB,3,normal,198,bbaa,baab,baab,seen,0,bbaa->baab,0.15873015873015872,0.15873015873015872,0.15873015873015872,0.8412698412698413,1,0,normal,0.15873015873015872
SKAB,3,normal,199,baab,aabb,aabb,seen,0,baab->aabb,0.22916666666666666,0.22916666666666666,0.15873015873015872,0.7708333333333334,1,0,normal,0.22916666666666666
SKAB,3,normal,200,aabb,abba,abba,seen,0,aabb->abba,0.19047619047619047,0.19047619047619047,0.15873015873015872,0.8095238095238095,1,0,normal,0.19047619047619047
SKAB,3,normal,201,abba,bbaa,bbaa,seen,0,abba->bbaa,0.2553191489361702,0.2553191489361702,0.15873015873015872,0.7446808510638299,1,0,normal,0.2553191489361702
SKAB,3,normal,202,bbaa,baab,baab,seen,0,bbaa->baab,0.15873015873015872,0.15873015873015872,0.15873015873015872,0.8412698412698413,1,0,normal,0.15873015873015872
SKAB,3,normal,203,baab,aabb,aabb,seen,0,baab->aabb,0.22916666666666666,0.22916666666666666,0.15873015873015872,0.7708333333333334,1,0,normal,0.22916666666666666
SKAB,3,normal,204,aabb,abbb,abbb,seen,0,aabb->abbb,0.31746031746031744,0.31746031746031744,0.15873015873015872,0.6825396825396826,1,0,normal,0.31746031746031744
SKAB,3,normal,205,abbb,bbbb,bbbb,seen,0,abbb->bbbb,0.4492753623188406,0.4492753623188406,0.15873015873015872,0.5507246376811594,0,0,normal,0.4492753623188406
SKAB,3,normal,206,bbbb,bbbb,bbbb,seen,0,bbbb->bbbb,0.8305489260143198,0.8305489260143198,0.15873015873015872,0.16945107398568016,0,0,normal,0.8305489260143198
SKAB,3,normal,207,bbbb,bbbb,bbbb,seen,0,bbbb->bbbb,0.8305489260143198,0.8305489260143198,0.15873015873015872,0.16945107398568016,0,0,normal,0.8305489260143198
SKAB,3,normal,208,bbbb,bbbb,bbbb,seen,0,bbbb->bbbb,0.8305489260143198,0.8305489260143198,0.15873015873015872,0.16945107398568016,0,0,normal,0.8305489260143198
SKAB,3,normal,209,bbbb,bbbb,bbbb,seen,0,bbbb->bbbb,0.8305489260143198,0.8305489260143198,0.15873015873015872,0.16945107398568016,0,0,normal,0.8305489260143198
SKAB,3,normal,210,bbbb,bbbb,bbbb,seen,0,bbbb->bbbb,0.8305489260143198,0.8305489260143198,0.15873015873015872,0.16945107398568016,0,0,normal,0.8305489260143198
SKAB,3,normal,211,bbbb,bbba,bbba,seen,0,bbbb->bbba,0.07398568019093078,0.07398568019093078,0.15873015873015872,0.9260143198090692,0,1,anomaly,0.07398568019093078
SKAB,3,normal,212,bbba,bbab,bbab,seen,0,bbba->bbab,0.2608695652173913,0.2608695652173913,0.15873015873015872,0.7391304347826086,0,0,normal,0.2608695652173913
SKAB,3,normal,213,bbab,babb,babb,seen,0,bbab->babb,0.3269230769230769,0.3269230769230769,0.15873015873015872,0.6730769230769231,0,0,normal,0.3269230769230769
SKAB,3,normal,214,babb,abba,abba,seen,0,babb->abba,0.07547169811320754,0.07547169811320754,0.15873015873015872,0.9245283018867925,0,1,anomaly,0.07547169811320754
SKAB,3,normal,215,abba,bbab,bbab,seen,0,abba->bbab,0.0851063829787234,0.0851063829787234,0.15873015873015872,0.9148936170212766,0,1,anomaly,0.0851063829787234
SKAB,3,normal,216,bbab,babb,babb,seen,0,bbab->babb,0.3269230769230769,0.3269230769230769,0.15873015873015872,0.6730769230769231,0,0,normal,0.3269230769230769
SKAB,3,normal,217,babb,abbb,abbb,seen,0,babb->abbb,0.33962264150943394,0.33962264150943394,0.15873015873015872,0.6603773584905661,0,0,normal,0.33962264150943394
SKAB,3,normal,218,abbb,bbbb,bbbb,seen,0,abbb->bbbb,0.4492753623188406,0.4492753623188406,0.15873015873015872,0.5507246376811594,0,0,normal,0.4492753623188406
SKAB,3,normal,219,bbbb,bbbb,bbbb,seen,0,bbbb->bbbb,0.8305489260143198,0.8305489260143198,0.15873015873015872,0.16945107398568016,0,0,normal,0.8305489260143198
SKAB,3,normal,220,bbbb,bbbb,bbbb,seen,0,bbbb->bbbb,0.8305489260143198,0.8305489260143198,0.15873015873015872,0.16945107398568016,0,0,normal,0.8305489260143198
SKAB,3,normal,221,bbbb,bbbb,bbbb,seen,0,bbbb->bbbb,0.8305489260143198,0.8305489260143198,0.15873015873015872,0.16945107398568016,0,0,normal,0.8305489260143198
SKAB,3,normal,222,bbbb,bbbb,bbbb,seen,0,bbbb->bbbb,0.8305489260143198,0.8305489260143198,0.15873015873015872,0.16945107398568016,0,0,normal,0.8305489260143198
SKAB,3,normal,223,bbbb,bbbb,bbbb,seen,0,bbbb->bbbb,0.8305489260143198,0.8305489260143198,0.15873015873015872,0.16945107398568016,0,0,normal,0.8305489260143198
SKAB,3,normal,224,bbbb,bbbb,bbbb,seen,0,bbbb->bbbb,0.8305489260143198,0.8305489260143198,0.15873015873015872,0.16945107398568016,0,0,normal,0.8305489260143198
SKAB,3,normal,225,bbbb,bbba,bbba,seen,0,bbbb->bbba,0.07398568019093078,0.07398568019093078,0.15873015873015872,0.9260143198090692,0,1,anomaly,0.07398568019093078
SKAB,3,normal,226,bbba,bbab,bbab,seen,0,bbba->bbab,0.2608695652173913,0.2608695652173913,0.15873015873015872,0.7391304347826086,0,0,normal,0.2608695652173913
SKAB,3,normal,227,bbab,babb,babb,seen,0,bbab->babb,0.3269230769230769,0.3269230769230769,0.15873015873015872,0.6730769230769231,0,0,normal,0.3269230769230769
SKAB,3,normal,228,babb,abbb,abbb,seen,0,babb->abbb,0.33962264150943394,0.33962264150943394,0.15873015873015872,0.6603773584905661,0,0,normal,0.33962264150943394
SKAB,3,normal,229,abbb,bbbb,bbbb,seen,0,abbb->bbbb,0.4492753623188406,0.4492753623188406,0.15873015873015872,0.5507246376811594,0,0,normal,0.4492753623188406
SKAB,3,normal,230,bbbb,bbbb,bbbb,seen,0,bbbb->bbbb,0.8305489260143198,0.8305489260143198,0.15873015873015872,0.16945107398568016,0,0,normal,0.8305489260143198
SKAB,3,normal,231,bbbb,bbbb,bbbb,seen,0,bbbb->bbbb,0.8305489260143198,0.8305489260143198,0.15873015873015872,0.16945107398568016,0,0,normal,0.8305489260143198
SKAB,3,normal,232,bbbb,bbbb,bbbb,seen,0,bbbb->bbbb,0.8305489260143198,0.8305489260143198,0.15873015873015872,0.16945107398568016,0,0,normal,0.8305489260143198
SKAB,3,normal,233,bbbb,bbbb,bbbb,seen,0,bbbb->bbbb,0.8305489260143198,0.8305489260143198,0.15873015873015872,0.16945107398568016,0,0,normal,0.8305489260143198
SKAB,3,normal,234,bbbb,bbbb,bbbb,seen,0,bbbb->bbbb,0.8305489260143198,0.8305489260143198,0.15873015873015872,0.16945107398568016,0,0,normal,0.8305489260143198
SKAB,3,normal,235,bbbb,bbba,bbba,seen,0,bbbb->bbba,0.07398568019093078,0.07398568019093078,0.15873015873015872,0.9260143198090692,0,1,anomaly,0.07398568019093078
SKAB,3,normal,236,bbba,bbaa,bbaa,seen,0,bbba->bbaa,0.2898550724637681,0.2898550724637681,0.15873015873015872,0.7101449275362319,0,0,normal,0.2898550724637681
SKAB,3,normal,237,bbaa,baab,baab,seen,0,bbaa->baab,0.15873015873015872,0.15873015873015872,0.15873015873015872,0.8412698412698413,0,0,normal,0.15873015873015872
SKAB,3,normal,238,baab,aabb,aabb,seen,0,baab->aabb,0.22916666666666666,0.22916666666666666,0.15873015873015872,0.7708333333333334,0,0,normal,0.22916666666666666
SKAB,3,normal,239,aabb,abba,abba,seen,0,aabb->abba,0.19047619047619047,0.19047619047619047,0.15873015873015872,0.8095238095238095,0,0,normal,0.19047619047619047
SKAB,3,normal,240,abba,bbab,bbab,seen,0,abba->bbab,0.0851063829787234,0.0851063829787234,0.15873015873015872,0.9148936170212766,0,1,anomaly,0.0851063829787234
SKAB,3,normal,241,bbab,babb,babb,seen,0,bbab->babb,0.3269230769230769,0.3269230769230769,0.15873015873015872,0.6730769230769231,0,0,normal,0.3269230769230769
SKAB,3,normal,242,babb,abbb,abbb,seen,0,babb->abbb,0.33962264150943394,0.33962264150943394,0.15873015873015872,0.6603773584905661,0,0,normal,0.33962264150943394
SKAB,3,normal,243,abbb,bbbb,bbbb,seen,0,abbb->bbbb,0.4492753623188406,0.4492753623188406,0.15873015873015872,0.5507246376811594,0,0,normal,0.4492753623188406
SKAB,3,normal,244,bbbb,bbbb,bbbb,seen,0,bbbb->bbbb,0.8305489260143198,0.8305489260143198,0.15873015873015872,0.16945107398568016,0,0,normal,0.8305489260143198
SKAB,3,normal,245,bbbb,bbbb,bbbb,seen,0,bbbb->bbbb,0.8305489260143198,0.8305489260143198,0.15873015873015872,0.16945107398568016,0,0,normal,0.8305489260143198
SKAB,3,normal,246,bbbb,bbbb,bbbb,seen,0,bbbb->bbbb,0.8305489260143198,0.8305489260143198,0.15873015873015872,0.16945107398568016,0,0,normal,0.8305489260143198
SKAB,3,normal,247,bbbb,bbba,bbba,seen,0,bbbb->bbba,0.07398568019093078,0.07398568019093078,0.15873015873015872,0.9260143198090692,0,1,anomaly,0.07398568019093078
SKAB,3,normal,248,bbba,bbab,bbab,seen,0,bbba->bbab,0.2608695652173913,0.2608695652173913,0.15873015873015872,0.7391304347826086,0,0,normal,0.2608695652173913
SKAB,3,normal,249,bbab,baba,baba,seen,0,bbab->baba,0.07692307692307693,0.07692307692307693,0.15873015873015872,0.9230769230769231,0,1,anomaly,0.07692307692307693
SKAB,3,normal,250,baba,abab,abab,seen,0,baba->abab,0.0975609756097561,0.0975609756097561,0.15873015873015872,0.9024390243902439,0,1,anomaly,0.0975609756097561
SKAB,3,normal,251,abab,baba,baba,seen,0,abab->baba,0.14634146341463414,0.14634146341463414,0.15873015873015872,0.8536585365853658,0,1,anomaly,0.14634146341463414
SKAB,3,normal,252,baba,abab,abab,seen,0,baba->abab,0.0975609756097561,0.0975609756097561,0.15873015873015872,0.9024390243902439,0,1,anomaly,0.0975609756097561
SKAB,3,normal,253,abab,babb,babb,seen,0,abab->babb,0.0975609756097561,0.0975609756097561,0.15873015873015872,0.9024390243902439,0,1,anomaly,0.0975609756097561
SKAB,3,normal,254,babb,abba,abba,seen,0,babb->abba,0.07547169811320754,0.07547169811320754,0.15873015873015872,0.9245283018867925,0,1,anomaly,0.07547169811320754
SKAB,3,normal,255,abba,bbab,bbab,seen,0,abba->bbab,0.0851063829787234,0.0851063829787234,0.15873015873015872,0.9148936170212766,0,1,anomaly,0.0851063829787234
SKAB,3,normal,256,bbab,babb,babb,seen,0,bbab->babb,0.3269230769230769,0.3269230769230769,0.15873015873015872,0.6730769230769231,0,0,normal,0.3269230769230769
SKAB,3,normal,257,babb,abbb,abbb,seen,0,babb->abbb,0.33962264150943394,0.33962264150943394,0.15873015873015872,0.6603773584905661,0,0,normal,0.33962264150943394
SKAB,3,normal,258,abbb,bbbb,bbbb,seen,0,abbb->bbbb,0.4492753623188406,0.4492753623188406,0.15873015873015872,0.5507246376811594,0,0,normal,0.4492753623188406
SKAB,3,normal,259,bbbb,bbbb,bbbb,seen,0,bbbb->bbbb,0.8305489260143198,0.8305489260143198,0.15873015873015872,0.16945107398568016,0,0,normal,0.8305489260143198
SKAB,3,normal,260,bbbb,bbbb,bbbb,seen,0,bbbb->bbbb,0.8305489260143198,0.8305489260143198,0.15873015873015872,0.16945107398568016,0,0,normal,0.8305489260143198
SKAB,3,normal,261,bbbb,bbbb,bbbb,seen,0,bbbb->bbbb,0.8305489260143198,0.8305489260143198,0.15873015873015872,0.16945107398568016,0,0,normal,0.8305489260143198
SKAB,3,normal,262,bbbb,bbbb,bbbb,seen,0,bbbb->bbbb,0.8305489260143198,0.8305489260143198,0.15873015873015872,0.16945107398568016,0,0,normal,0.8305489260143198
SKAB,3,normal,263,bbbb,bbbb,bbbb,seen,0,bbbb->bbbb,0.8305489260143198,0.8305489260143198,0.15873015873015872,0.16945107398568016,0,0,normal,0.8305489260143198
SKAB,3,normal,264,bbbb,bbbb,bbbb,seen,0,bbbb->bbbb,0.8305489260143198,0.8305489260143198,0.15873015873015872,0.16945107398568016,0,0,normal,0.8305489260143198
SKAB,3,normal,265,bbbb,bbbb,bbbb,seen,0,bbbb->bbbb,0.8305489260143198,0.8305489260143198,0.15873015873015872,0.16945107398568016,0,0,normal,0.8305489260143198
SKAB,3,normal,266,bbbb,bbbb,bbbb,seen,0,bbbb->bbbb,0.8305489260143198,0.8305489260143198,0.15873015873015872,0.16945107398568016,0,0,normal,0.8305489260143198
SKAB,3,normal,267,bbbb,bbbb,bbbb,seen,0,bbbb->bbbb,0.8305489260143198,0.8305489260143198,0.15873015873015872,0.16945107398568016,0,0,normal,0.8305489260143198
SKAB,3,normal,268,bbbb,bbbb,bbbb,seen,0,bbbb->bbbb,0.8305489260143198,0.8305489260143198,0.15873015873015872,0.16945107398568016,0,0,normal,0.8305489260143198
SKAB,3,normal,269,bbbb,bbbb,bbbb,seen,0,bbbb->bbbb,0.8305489260143198,0.8305489260143198,0.15873015873015872,0.16945107398568016,0,0,normal,0.8305489260143198
SKAB,3,normal,270,bbbb,bbbb,bbbb,seen,0,bbbb->bbbb,0.8305489260143198,0.8305489260143198,0.15873015873015872,0.16945107398568016,0,0,normal,0.8305489260143198
SKAB,3,normal,271,bbbb,bbbb,bbbb,seen,0,bbbb->bbbb,0.8305489260143198,0.8305489260143198,0.15873015873015872,0.16945107398568016,0,0,normal,0.8305489260143198
SKAB,3,normal,272,bbbb,bbbb,bbbb,seen,0,bbbb->bbbb,0.8305489260143198,0.8305489260143198,0.15873015873015872,0.16945107398568016,0,0,normal,0.8305489260143198
SKAB,3,normal,273,bbbb,bbbb,bbbb,seen,0,bbbb->bbbb,0.8305489260143198,0.8305489260143198,0.15873015873015872,0.16945107398568016,0,0,normal,0.8305489260143198
SKAB,3,normal,274,bbbb,bbbb,bbbb,seen,0,bbbb->bbbb,0.8305489260143198,0.8305489260143198,0.15873015873015872,0.16945107398568016,0,0,normal,0.8305489260143198
SKAB,3,normal,275,bbbb,bbba,bbba,seen,0,bbbb->bbba,0.07398568019093078,0.07398568019093078,0.15873015873015872,0.9260143198090692,1,1,anomaly,0.07398568019093078
SKAB,3,normal,276,bbba,bbab,bbab,seen,0,bbba->bbab,0.2608695652173913,0.2608695652173913,0.15873015873015872,0.7391304347826086,1,0,normal,0.2608695652173913
SKAB,3,normal,277,bbab,babb,babb,seen,0,bbab->babb,0.3269230769230769,0.3269230769230769,0.15873015873015872,0.6730769230769231,1,0,normal,0.3269230769230769
SKAB,3,normal,278,babb,abbb,abbb,seen,0,babb->abbb,0.33962264150943394,0.33962264150943394,0.15873015873015872,0.6603773584905661,1,0,normal,0.33962264150943394
SKAB,3,normal,279,abbb,bbbb,bbbb,seen,0,abbb->bbbb,0.4492753623188406,0.4492753623188406,0.15873015873015872,0.5507246376811594,1,0,normal,0.4492753623188406
SKAB,3,normal,280,bbbb,bbbb,bbbb,seen,0,bbbb->bbbb,0.8305489260143198,0.8305489260143198,0.15873015873015872,0.16945107398568016,1,0,normal,0.8305489260143198
SKAB,3,normal,281,bbbb,bbbb,bbbb,seen,0,bbbb->bbbb,0.8305489260143198,0.8305489260143198,0.15873015873015872,0.16945107398568016,1,0,normal,0.8305489260143198
SKAB,3,normal,282,bbbb,bbbb,bbbb,seen,0,bbbb->bbbb,0.8305489260143198,0.8305489260143198,0.15873015873015872,0.16945107398568016,1,0,normal,0.8305489260143198
SKAB,3,normal,283,bbbb,bbbb,bbbb,seen,0,bbbb->bbbb,0.8305489260143198,0.8305489260143198,0.15873015873015872,0.16945107398568016,1,0,normal,0.8305489260143198
SKAB,3,normal,284,bbbb,bbba,bbba,seen,0,bbbb->bbba,0.07398568019093078,0.07398568019093078,0.15873015873015872,0.9260143198090692,1,1,anomaly,0.07398568019093078
SKAB,3,normal,285,bbba,bbab,bbab,seen,0,bbba->bbab,0.2608695652173913,0.2608695652173913,0.15873015873015872,0.7391304347826086,1,0,normal,0.2608695652173913
SKAB,3,normal,286,bbab,babb,babb,seen,0,bbab->babb,0.3269230769230769,0.3269230769230769,0.15873015873015872,0.6730769230769231,1,0,normal,0.3269230769230769
SKAB,3,normal,287,babb,abbb,abbb,seen,0,babb->abbb,0.33962264150943394,0.33962264150943394,0.15873015873015872,0.6603773584905661,1,0,normal,0.33962264150943394
SKAB,3,normal,288,abbb,bbba,bbba,seen,0,abbb->bbba,0.10144927536231885,0.10144927536231885,0.15873015873015872,0.8985507246376812,1,1,anomaly,0.10144927536231885
SKAB,3,normal,289,bbba,bbaa,bbaa,seen,0,bbba->bbaa,0.2898550724637681,0.2898550724637681,0.15873015873015872,0.7101449275362319,1,0,normal,0.2898550724637681
SKAB,3,normal,290,bbaa,baaa,baaa,seen,0,bbaa->baaa,0.3492063492063492,0.3492063492063492,0.15873015873015872,0.6507936507936508,1,0,normal,0.3492063492063492
SKAB,3,normal,291,baaa,aaaa,aaaa,seen,0,baaa->aaaa,0.37142857142857144,0.37142857142857144,0.15873015873015872,0.6285714285714286,1,0,normal,0.37142857142857144
SKAB,3,normal,292,aaaa,aaaa,aaaa,seen,0,aaaa->aaaa,0.8766233766233766,0.8766233766233766,0.15873015873015872,0.12337662337662336,1,0,normal,0.8766233766233766
SKAB,3,normal,293,aaaa,aaaa,aaaa,seen,0,aaaa->aaaa,0.8766233766233766,0.8766233766233766,0.15873015873015872,0.12337662337662336,1,0,normal,0.8766233766233766
SKAB,3,normal,294,aaaa,aaaa,aaaa,seen,0,aaaa->aaaa,0.8766233766233766,0.8766233766233766,0.15873015873015872,0.12337662337662336,1,0,normal,0.8766233766233766
SKAB,3,normal,295,aaaa,aaaa,aaaa,seen,0,aaaa->aaaa,0.8766233766233766,0.8766233766233766,0.15873015873015872,0.12337662337662336,1,0,normal,0.8766233766233766
SKAB,3,normal,296,aaaa,aaaa,aaaa,seen,0,aaaa->aaaa,0.8766233766233766,0.8766233766233766,0.15873015873015872,0.12337662337662336,1,0,normal,0.8766233766233766
SKAB,3,normal,297,aaaa,aaaa,aaaa,seen,0,aaaa->aaaa,0.8766233766233766,0.8766233766233766,0.15873015873015872,0.12337662337662336,1,0,normal,0.8766233766233766
SKAB,3,normal,298,aaaa,aaaa,aaaa,seen,0,aaaa->aaaa,0.8766233766233766,0.8766233766233766,0.15873015873015872,0.12337662337662336,1,0,normal,0.8766233766233766
SKAB,3,normal,299,aaaa,aaab,aaab,seen,0,aaaa->aaab,0.05627705627705628,0.05627705627705628,0.15873015873015872,0.9437229437229437,1,1,anomaly,0.05627705627705628
SKAB,3,normal,300,aaab,aaba,aaba,seen,0,aaab->aaba,0.2571428571428571,0.2571428571428571,0.15873015873015872,0.7428571428571429,1,0,normal,0.2571428571428571
SKAB,3,normal,301,aaba,abaa,abaa,seen,0,aaba->abaa,0.32727272727272727,0.32727272727272727,0.15873015873015872,0.6727272727272727,1,0,normal,0.32727272727272727
SKAB,3,normal,302,abaa,baab,baab,seen,0,abaa->baab,0.12727272727272726,0.12727272727272726,0.15873015873015872,0.8727272727272728,1,1,anomaly,0.12727272727272726
SKAB,3,normal,303,baab,aabb,aabb,seen,0,baab->aabb,0.22916666666666666,0.22916666666666666,0.15873015873015872,0.7708333333333334,1,0,normal,0.22916666666666666
SKAB,3,normal,304,aabb,abba,abba,seen,0,aabb->abba,0.19047619047619047,0.19047619047619047,0.15873015873015872,0.8095238095238095,1,0,normal,0.19047619047619047
SKAB,3,normal,305,abba,bbab,bbab,seen,0,abba->bbab,0.0851063829787234,0.0851063829787234,0.15873015873015872,0.9148936170212766,1,1,anomaly,0.0851063829787234
SKAB,3,normal,306,bbab,baba,baba,seen,0,bbab->baba,0.07692307692307693,0.07692307692307693,0.15873015873015872,0.9230769230769231,1,1,anomaly,0.07692307692307693
SKAB,3,normal,307,baba,abaa,abaa,seen,0,baba->abaa,0.14634146341463414,0.14634146341463414,0.15873015873015872,0.8536585365853658,1,1,anomaly,0.14634146341463414
SKAB,3,normal,308,abaa,baab,baab,seen,0,abaa->baab,0.12727272727272726,0.12727272727272726,0.15873015873015872,0.8727272727272728,1,1,anomaly,0.12727272727272726
SKAB,3,normal,309,baab,aaba,aaba,seen,0,baab->aaba,0.125,0.125,0.15873015873015872,0.875,1,1,anomaly,0.125
SKAB,3,normal,310,aaba,abab,abab,seen,0,aaba->abab,0.10909090909090909,0.10909090909090909,0.15873015873015872,0.8909090909090909,1,1,anomaly,0.10909090909090909
SKAB,3,normal,311,abab,babb,babb,seen,0,abab->babb,0.0975609756097561,0.0975609756097561,0.15873015873015872,0.9024390243902439,1,1,anomaly,0.0975609756097561
SKAB,3,normal,312,babb,abbb,abbb,seen,0,babb->abbb,0.33962264150943394,0.33962264150943394,0.15873015873015872,0.6603773584905661,1,0,normal,0.33962264150943394
SKAB,3,normal,313,abbb,bbbb,bbbb,seen,0,abbb->bbbb,0.4492753623188406,0.4492753623188406,0.15873015873015872,0.5507246376811594,1,0,normal,0.4492753623188406
SKAB,3,normal,314,bbbb,bbbb,bbbb,seen,0,bbbb->bbbb,0.8305489260143198,0.8305489260143198,0.15873015873015872,0.16945107398568016,1,0,normal,0.8305489260143198
SKAB,3,normal,315,bbbb,bbbb,bbbb,seen,0,bbbb->bbbb,0.8305489260143198,0.8305489260143198,0.15873015873015872,0.16945107398568016,1,0,normal,0.8305489260143198
SKAB,3,normal,316,bbbb,bbbb,bbbb,seen,0,bbbb->bbbb,0.8305489260143198,0.8305489260143198,0.15873015873015872,0.16945107398568016,1,0,normal,0.8305489260143198
SKAB,3,normal,317,bbbb,bbbb,bbbb,seen,0,bbbb->bbbb,0.8305489260143198,0.8305489260143198,0.15873015873015872,0.16945107398568016,1,0,normal,0.8305489260143198
SKAB,3,normal,318,bbbb,bbbb,bbbb,seen,0,bbbb->bbbb,0.8305489260143198,0.8305489260143198,0.15873015873015872,0.16945107398568016,1,0,normal,0.8305489260143198
SKAB,3,normal,319,bbbb,bbbb,bbbb,seen,0,bbbb->bbbb,0.8305489260143198,0.8305489260143198,0.15873015873015872,0.16945107398568016,0,0,normal,0.8305489260143198
SKAB,3,normal,320,bbbb,bbbb,bbbb,seen,0,bbbb->bbbb,0.8305489260143198,0.8305489260143198,0.15873015873015872,0.16945107398568016,0,0,normal,0.8305489260143198
SKAB,3,normal,321,bbbb,bbbb,bbbb,seen,0,bbbb->bbbb,0.8305489260143198,0.8305489260143198,0.15873015873015872,0.16945107398568016,0,0,normal,0.8305489260143198
SKAB,3,normal,322,bbbb,bbbb,bbbb,seen,0,bbbb->bbbb,0.8305489260143198,0.8305489260143198,0.15873015873015872,0.16945107398568016,0,0,normal,0.8305489260143198
SKAB,3,normal,323,bbbb,bbbb,bbbb,seen,0,bbbb->bbbb,0.8305489260143198,0.8305489260143198,0.15873015873015872,0.16945107398568016,0,0,normal,0.8305489260143198
SKAB,3,normal,324,bbbb,bbbb,bbbb,seen,0,bbbb->bbbb,0.8305489260143198,0.8305489260143198,0.15873015873015872,0.16945107398568016,0,0,normal,0.8305489260143198
SKAB,3,normal,325,bbbb,bbbb,bbbb,seen,0,bbbb->bbbb,0.8305489260143198,0.8305489260143198,0.15873015873015872,0.16945107398568016,0,0,normal,0.8305489260143198
SKAB,3,normal,326,bbbb,bbbb,bbbb,seen,0,bbbb->bbbb,0.8305489260143198,0.8305489260143198,0.15873015873015872,0.16945107398568016,0,0,normal,0.8305489260143198
SKAB,3,normal,327,bbbb,bbbb,bbbb,seen,0,bbbb->bbbb,0.8305489260143198,0.8305489260143198,0.15873015873015872,0.16945107398568016,0,0,normal,0.8305489260143198
SKAB,3,normal,328,bbbb,bbba,bbba,seen,0,bbbb->bbba,0.07398568019093078,0.07398568019093078,0.15873015873015872,0.9260143198090692,0,1,anomaly,0.07398568019093078
SKAB,3,normal,329,bbba,bbab,bbab,seen,0,bbba->bbab,0.2608695652173913,0.2608695652173913,0.15873015873015872,0.7391304347826086,0,0,normal,0.2608695652173913
SKAB,3,normal,330,bbab,babb,babb,seen,0,bbab->babb,0.3269230769230769,0.3269230769230769,0.15873015873015872,0.6730769230769231,0,0,normal,0.3269230769230769
SKAB,3,normal,331,babb,abbb,abbb,seen,0,babb->abbb,0.33962264150943394,0.33962264150943394,0.15873015873015872,0.6603773584905661,0,0,normal,0.33962264150943394
SKAB,3,normal,332,abbb,bbba,bbba,seen,0,abbb->bbba,0.10144927536231885,0.10144927536231885,0.15873015873015872,0.8985507246376812,0,1,anomaly,0.10144927536231885
SKAB,3,normal,333,bbba,bbaa,bbaa,seen,0,bbba->bbaa,0.2898550724637681,0.2898550724637681,0.15873015873015872,0.7101449275362319,0,0,normal,0.2898550724637681
SKAB,3,normal,334,bbaa,baaa,baaa,seen,0,bbaa->baaa,0.3492063492063492,0.3492063492063492,0.15873015873015872,0.6507936507936508,0,0,normal,0.3492063492063492
SKAB,3,normal,335,baaa,aaaa,aaaa,seen,0,baaa->aaaa,0.37142857142857144,0.37142857142857144,0.15873015873015872,0.6285714285714286,0,0,normal,0.37142857142857144
SKAB,3,normal,336,aaaa,aaaa,aaaa,seen,0,aaaa->aaaa,0.8766233766233766,0.8766233766233766,0.15873015873015872,0.12337662337662336,0,0,normal,0.8766233766233766
SKAB,3,normal,337,aaaa,aaaa,aaaa,seen,0,aaaa->aaaa,0.8766233766233766,0.8766233766233766,0.15873015873015872,0.12337662337662336,0,0,normal,0.8766233766233766
SKAB,3,normal,338,aaaa,aaaa,aaaa,seen,0,aaaa->aaaa,0.8766233766233766,0.8766233766233766,0.15873015873015872,0.12337662337662336,0,0,normal,0.8766233766233766
SKAB,3,normal,339,aaaa,aaaa,aaaa,seen,0,aaaa->aaaa,0.8766233766233766,0.8766233766233766,0.15873015873015872,0.12337662337662336,0,0,normal,0.8766233766233766
SKAB,3,normal,340,aaaa,aaaa,aaaa,seen,0,aaaa->aaaa,0.8766233766233766,0.8766233766233766,0.15873015873015872,0.12337662337662336,0,0,normal,0.8766233766233766
SKAB,3,normal,341,aaaa,aaaa,aaaa,seen,0,aaaa->aaaa,0.8766233766233766,0.8766233766233766,0.15873015873015872,0.12337662337662336,0,0,normal,0.8766233766233766
SKAB,3,normal,342,aaaa,aaaa,aaaa,seen,0,aaaa->aaaa,0.8766233766233766,0.8766233766233766,0.15873015873015872,0.12337662337662336,0,0,normal,0.8766233766233766
SKAB,3,normal,343,aaaa,aaaa,aaaa,seen,0,aaaa->aaaa,0.8766233766233766,0.8766233766233766,0.15873015873015872,0.12337662337662336,0,0,normal,0.8766233766233766
SKAB,3,normal,344,aaaa,aaaa,aaaa,seen,0,aaaa->aaaa,0.8766233766233766,0.8766233766233766,0.15873015873015872,0.12337662337662336,0,0,normal,0.8766233766233766
SKAB,3,normal,345,aaaa,aaaa,aaaa,seen,0,aaaa->aaaa,0.8766233766233766,0.8766233766233766,0.15873015873015872,0.12337662337662336,0,0,normal,0.8766233766233766
SKAB,3,normal,346,aaaa,aaaa,aaaa,seen,0,aaaa->aaaa,0.8766233766233766,0.8766233766233766,0.15873015873015872,0.12337662337662336,0,0,normal,0.8766233766233766
SKAB,3,normal,347,aaaa,aaaa,aaaa,seen,0,aaaa->aaaa,0.8766233766233766,0.8766233766233766,0.15873015873015872,0.12337662337662336,0,0,normal,0.8766233766233766
SKAB,3,normal,348,aaaa,aaaa,aaaa,seen,0,aaaa->aaaa,0.8766233766233766,0.8766233766233766,0.15873015873015872,0.12337662337662336,0,0,normal,0.8766233766233766
SKAB,3,normal,349,aaaa,aaaa,aaaa,seen,0,aaaa->aaaa,0.8766233766233766,0.8766233766233766,0.15873015873015872,0.12337662337662336,0,0,normal,0.8766233766233766
SKAB,3,normal,350,aaaa,aaaa,aaaa,seen,0,aaaa->aaaa,0.8766233766233766,0.8766233766233766,0.15873015873015872,0.12337662337662336,0,0,normal,0.8766233766233766
SKAB,3,normal,351,aaaa,aaaa,aaaa,seen,0,aaaa->aaaa,0.8766233766233766,0.8766233766233766,0.15873015873015872,0.12337662337662336,0,0,normal,0.8766233766233766
SKAB,3,normal,352,aaaa,aaaa,aaaa,seen,0,aaaa->aaaa,0.8766233766233766,0.8766233766233766,0.15873015873015872,0.12337662337662336,0,0,normal,0.8766233766233766
SKAB,3,normal,353,aaaa,aaaa,aaaa,seen,0,aaaa->aaaa,0.8766233766233766,0.8766233766233766,0.15873015873015872,0.12337662337662336,0,0,normal,0.8766233766233766
SKAB,3,normal,354,aaaa,aaaa,aaaa,seen,0,aaaa->aaaa,0.8766233766233766,0.8766233766233766,0.15873015873015872,0.12337662337662336,0,0,normal,0.8766233766233766
SKAB,3,normal,355,aaaa,aaaa,aaaa,seen,0,aaaa->aaaa,0.8766233766233766,0.8766233766233766,0.15873015873015872,0.12337662337662336,0,0,normal,0.8766233766233766
SKAB,3,normal,356,aaaa,aaaa,aaaa,seen,0,aaaa->aaaa,0.8766233766233766,0.8766233766233766,0.15873015873015872,0.12337662337662336,0,0,normal,0.8766233766233766
SKAB,3,normal,357,aaaa,aaaa,aaaa,seen,0,aaaa->aaaa,0.8766233766233766,0.8766233766233766,0.15873015873015872,0.12337662337662336,0,0,normal,0.8766233766233766
SKAB,3,normal,358,aaaa,aaaa,aaaa,seen,0,aaaa->aaaa,0.8766233766233766,0.8766233766233766,0.15873015873015872,0.12337662337662336,0,0,normal,0.8766233766233766
SKAB,3,normal,359,aaaa,aaaa,aaaa,seen,0,aaaa->aaaa,0.8766233766233766,0.8766233766233766,0.15873015873015872,0.12337662337662336,0,0,normal,0.8766233766233766
SKAB,3,normal,360,aaaa,aaaa,aaaa,seen,0,aaaa->aaaa,0.8766233766233766,0.8766233766233766,0.15873015873015872,0.12337662337662336,0,0,normal,0.8766233766233766
SKAB,3,normal,361,aaaa,aaaa,aaaa,seen,0,aaaa->aaaa,0.8766233766233766,0.8766233766233766,0.15873015873015872,0.12337662337662336,0,0,normal,0.8766233766233766
SKAB,3,normal,362,aaaa,aaaa,aaaa,seen,0,aaaa->aaaa,0.8766233766233766,0.8766233766233766,0.15873015873015872,0.12337662337662336,0,0,normal,0.8766233766233766
SKAB,3,normal,363,aaaa,aaaa,aaaa,seen,0,aaaa->aaaa,0.8766233766233766,0.8766233766233766,0.15873015873015872,0.12337662337662336,0,0,normal,0.8766233766233766
SKAB,3,normal,364,aaaa,aaaa,aaaa,seen,0,aaaa->aaaa,0.8766233766233766,0.8766233766233766,0.15873015873015872,0.12337662337662336,0,0,normal,0.8766233766233766
SKAB,3,normal,365,aaaa,aaaa,aaaa,seen,0,aaaa->aaaa,0.8766233766233766,0.8766233766233766,0.15873015873015872,0.12337662337662336,0,0,normal,0.8766233766233766
SKAB,3,normal,366,aaaa,aaaa,aaaa,seen,0,aaaa->aaaa,0.8766233766233766,0.8766233766233766,0.15873015873015872,0.12337662337662336,0,0,normal,0.8766233766233766
SKAB,3,normal,367,aaaa,aaaa,aaaa,seen,0,aaaa->aaaa,0.8766233766233766,0.8766233766233766,0.15873015873015872,0.12337662337662336,0,0,normal,0.8766233766233766
SKAB,3,normal,368,aaaa,aaaa,aaaa,seen,0,aaaa->aaaa,0.8766233766233766,0.8766233766233766,0.15873015873015872,0.12337662337662336,0,0,normal,0.8766233766233766
SKAB,3,normal,369,aaaa,aaaa,aaaa,seen,0,aaaa->aaaa,0.8766233766233766,0.8766233766233766,0.15873015873015872,0.12337662337662336,0,0,normal,0.8766233766233766
SKAB,3,normal,370,aaaa,aaab,aaab,seen,0,aaaa->aaab,0.05627705627705628,0.05627705627705628,0.15873015873015872,0.9437229437229437,0,1,anomaly,0.05627705627705628
SKAB,3,normal,371,aaab,aaba,aaba,seen,0,aaab->aaba,0.2571428571428571,0.2571428571428571,0.15873015873015872,0.7428571428571429,0,0,normal,0.2571428571428571
SKAB,3,normal,372,aaba,abab,abab,seen,0,aaba->abab,0.10909090909090909,0.10909090909090909,0.15873015873015872,0.8909090909090909,0,1,anomaly,0.10909090909090909
SKAB,3,normal,373,abab,baba,baba,seen,0,abab->baba,0.14634146341463414,0.14634146341463414,0.15873015873015872,0.8536585365853658,0,1,anomaly,0.14634146341463414
SKAB,3,normal,374,baba,abaa,abaa,seen,0,baba->abaa,0.14634146341463414,0.14634146341463414,0.15873015873015872,0.8536585365853658,0,1,anomaly,0.14634146341463414
SKAB,3,normal,375,abaa,baaa,baaa,seen,0,abaa->baaa,0.3090909090909091,0.3090909090909091,0.15873015873015872,0.6909090909090909,0,0,normal,0.3090909090909091
SKAB,3,normal,376,baaa,aaaa,aaaa,seen,0,baaa->aaaa,0.37142857142857144,0.37142857142857144,0.15873015873015872,0.6285714285714286,0,0,normal,0.37142857142857144
SKAB,3,normal,377,aaaa,aaaa,aaaa,seen,0,aaaa->aaaa,0.8766233766233766,0.8766233766233766,0.15873015873015872,0.12337662337662336,0,0,normal,0.8766233766233766
SKAB,3,normal,378,aaaa,aaaa,aaaa,seen,0,aaaa->aaaa,0.8766233766233766,0.8766233766233766,0.15873015873015872,0.12337662337662336,0,0,normal,0.8766233766233766
SKAB,3,normal,379,aaaa,aaaa,aaaa,seen,0,aaaa->aaaa,0.8766233766233766,0.8766233766233766,0.15873015873015872,0.12337662337662336,0,0,normal,0.8766233766233766
SKAB,3,normal,380,aaaa,aaaa,aaaa,seen,0,aaaa->aaaa,0.8766233766233766,0.8766233766233766,0.15873015873015872,0.12337662337662336,0,0,normal,0.8766233766233766
SKAB,3,normal,381,aaaa,aaaa,aaaa,seen,0,aaaa->aaaa,0.8766233766233766,0.8766233766233766,0.15873015873015872,0.12337662337662336,0,0,normal,0.8766233766233766
SKAB,3,normal,382,aaaa,aaaa,aaaa,seen,0,aaaa->aaaa,0.8766233766233766,0.8766233766233766,0.15873015873015872,0.12337662337662336,0,0,normal,0.8766233766233766
SKAB,3,normal,383,aaaa,aaaa,aaaa,seen,0,aaaa->aaaa,0.8766233766233766,0.8766233766233766,0.15873015873015872,0.12337662337662336,0,0,normal,0.8766233766233766
SKAB,3,normal,384,aaaa,aaaa,aaaa,seen,0,aaaa->aaaa,0.8766233766233766,0.8766233766233766,0.15873015873015872,0.12337662337662336,0,0,normal,0.8766233766233766
SKAB,3,normal,385,aaaa,aaaa,aaaa,seen,0,aaaa->aaaa,0.8766233766233766,0.8766233766233766,0.15873015873015872,0.12337662337662336,0,0,normal,0.8766233766233766
SKAB,3,normal,386,aaaa,aaaa,aaaa,seen,0,aaaa->aaaa,0.8766233766233766,0.8766233766233766,0.15873015873015872,0.12337662337662336,0,0,normal,0.8766233766233766
SKAB,3,normal,387,aaaa,aaaa,aaaa,seen,0,aaaa->aaaa,0.8766233766233766,0.8766233766233766,0.15873015873015872,0.12337662337662336,0,0,normal,0.8766233766233766
SKAB,3,normal,388,aaaa,aaaa,aaaa,seen,0,aaaa->aaaa,0.8766233766233766,0.8766233766233766,0.15873015873015872,0.12337662337662336,0,0,normal,0.8766233766233766
SKAB,3,normal,389,aaaa,aaaa,aaaa,seen,0,aaaa->aaaa,0.8766233766233766,0.8766233766233766,0.15873015873015872,0.12337662337662336,1,0,normal,0.8766233766233766
SKAB,3,normal,390,aaaa,aaaa,aaaa,seen,0,aaaa->aaaa,0.8766233766233766,0.8766233766233766,0.15873015873015872,0.12337662337662336,1,0,normal,0.8766233766233766
SKAB,3,normal,391,aaaa,aaaa,aaaa,seen,0,aaaa->aaaa,0.8766233766233766,0.8766233766233766,0.15873015873015872,0.12337662337662336,1,0,normal,0.8766233766233766
SKAB,3,normal,392,aaaa,aaaa,aaaa,seen,0,aaaa->aaaa,0.8766233766233766,0.8766233766233766,0.15873015873015872,0.12337662337662336,1,0,normal,0.8766233766233766
SKAB,3,normal,393,aaaa,aaaa,aaaa,seen,0,aaaa->aaaa,0.8766233766233766,0.8766233766233766,0.15873015873015872,0.12337662337662336,1,0,normal,0.8766233766233766
SKAB,3,normal,394,aaaa,aaaa,aaaa,seen,0,aaaa->aaaa,0.8766233766233766,0.8766233766233766,0.15873015873015872,0.12337662337662336,1,0,normal,0.8766233766233766
SKAB,3,normal,395,aaaa,aaaa,aaaa,seen,0,aaaa->aaaa,0.8766233766233766,0.8766233766233766,0.15873015873015872,0.12337662337662336,1,0,normal,0.8766233766233766
SKAB,3,normal,396,aaaa,aaaa,aaaa,seen,0,aaaa->aaaa,0.8766233766233766,0.8766233766233766,0.15873015873015872,0.12337662337662336,1,0,normal,0.8766233766233766
SKAB,3,normal,397,aaaa,aaaa,aaaa,seen,0,aaaa->aaaa,0.8766233766233766,0.8766233766233766,0.15873015873015872,0.12337662337662336,1,0,normal,0.8766233766233766
SKAB,3,normal,398,aaaa,aaaa,aaaa,seen,0,aaaa->aaaa,0.8766233766233766,0.8766233766233766,0.15873015873015872,0.12337662337662336,1,0,normal,0.8766233766233766
SKAB,3,normal,399,aaaa,aaaa,aaaa,seen,0,aaaa->aaaa,0.8766233766233766,0.8766233766233766,0.15873015873015872,0.12337662337662336,1,0,normal,0.8766233766233766
SKAB,3,normal,400,aaaa,aaaa,aaaa,seen,0,aaaa->aaaa,0.8766233766233766,0.8766233766233766,0.15873015873015872,0.12337662337662336,1,0,normal,0.8766233766233766
SKAB,3,normal,401,aaaa,aaaa,aaaa,seen,0,aaaa->aaaa,0.8766233766233766,0.8766233766233766,0.15873015873015872,0.12337662337662336,1,0,normal,0.8766233766233766
SKAB,3,normal,402,aaaa,aaaa,aaaa,seen,0,aaaa->aaaa,0.8766233766233766,0.8766233766233766,0.15873015873015872,0.12337662337662336,1,0,normal,0.8766233766233766
SKAB,3,normal,403,aaaa,aaaa,aaaa,seen,0,aaaa->aaaa,0.8766233766233766,0.8766233766233766,0.15873015873015872,0.12337662337662336,1,0,normal,0.8766233766233766
SKAB,3,normal,404,aaaa,aaaa,aaaa,seen,0,aaaa->aaaa,0.8766233766233766,0.8766233766233766,0.15873015873015872,0.12337662337662336,1,0,normal,0.8766233766233766
SKAB,3,normal,405,aaaa,aaaa,aaaa,seen,0,aaaa->aaaa,0.8766233766233766,0.8766233766233766,0.15873015873015872,0.12337662337662336,1,0,normal,0.8766233766233766
SKAB,3,normal,406,aaaa,aaaa,aaaa,seen,0,aaaa->aaaa,0.8766233766233766,0.8766233766233766,0.15873015873015872,0.12337662337662336,1,0,normal,0.8766233766233766
SKAB,3,normal,407,aaaa,aaaa,aaaa,seen,0,aaaa->aaaa,0.8766233766233766,0.8766233766233766,0.15873015873015872,0.12337662337662336,1,0,normal,0.8766233766233766
SKAB,3,normal,408,aaaa,aaaa,aaaa,seen,0,aaaa->aaaa,0.8766233766233766,0.8766233766233766,0.15873015873015872,0.12337662337662336,1,0,normal,0.8766233766233766
SKAB,3,normal,409,aaaa,aaaa,aaaa,seen,0,aaaa->aaaa,0.8766233766233766,0.8766233766233766,0.15873015873015872,0.12337662337662336,1,0,normal,0.8766233766233766
SKAB,3,normal,410,aaaa,aaaa,aaaa,seen,0,aaaa->aaaa,0.8766233766233766,0.8766233766233766,0.15873015873015872,0.12337662337662336,1,0,normal,0.8766233766233766
SKAB,3,normal,411,aaaa,aaaa,aaaa,seen,0,aaaa->aaaa,0.8766233766233766,0.8766233766233766,0.15873015873015872,0.12337662337662336,1,0,normal,0.8766233766233766
SKAB,3,normal,412,aaaa,aaaa,aaaa,seen,0,aaaa->aaaa,0.8766233766233766,0.8766233766233766,0.15873015873015872,0.12337662337662336,1,0,normal,0.8766233766233766
SKAB,3,normal,413,aaaa,aaaa,aaaa,seen,0,aaaa->aaaa,0.8766233766233766,0.8766233766233766,0.15873015873015872,0.12337662337662336,1,0,normal,0.8766233766233766
SKAB,3,normal,414,aaaa,aaaa,aaaa,seen,0,aaaa->aaaa,0.8766233766233766,0.8766233766233766,0.15873015873015872,0.12337662337662336,1,0,normal,0.8766233766233766
SKAB,3,normal,415,aaaa,aaaa,aaaa,seen,0,aaaa->aaaa,0.8766233766233766,0.8766233766233766,0.15873015873015872,0.12337662337662336,1,0,normal,0.8766233766233766
SKAB,3,normal,416,aaaa,aaaa,aaaa,seen,0,aaaa->aaaa,0.8766233766233766,0.8766233766233766,0.15873015873015872,0.12337662337662336,1,0,normal,0.8766233766233766
SKAB,3,normal,417,aaaa,aaaa,aaaa,seen,0,aaaa->aaaa,0.8766233766233766,0.8766233766233766,0.15873015873015872,0.12337662337662336,1,0,normal,0.8766233766233766
SKAB,3,normal,418,aaaa,aaaa,aaaa,seen,0,aaaa->aaaa,0.8766233766233766,0.8766233766233766,0.15873015873015872,0.12337662337662336,1,0,normal,0.8766233766233766
SKAB,3,normal,419,aaaa,aaaa,aaaa,seen,0,aaaa->aaaa,0.8766233766233766,0.8766233766233766,0.15873015873015872,0.12337662337662336,1,0,normal,0.8766233766233766
SKAB,3,normal,420,aaaa,aaaa,aaaa,seen,0,aaaa->aaaa,0.8766233766233766,0.8766233766233766,0.15873015873015872,0.12337662337662336,1,0,normal,0.8766233766233766
SKAB,3,normal,421,aaaa,aaaa,aaaa,seen,0,aaaa->aaaa,0.8766233766233766,0.8766233766233766,0.15873015873015872,0.12337662337662336,1,0,normal,0.8766233766233766
SKAB,3,normal,422,aaaa,aaaa,aaaa,seen,0,aaaa->aaaa,0.8766233766233766,0.8766233766233766,0.15873015873015872,0.12337662337662336,1,0,normal,0.8766233766233766
SKAB,3,normal,423,aaaa,aaaa,aaaa,seen,0,aaaa->aaaa,0.8766233766233766,0.8766233766233766,0.15873015873015872,0.12337662337662336,1,0,normal,0.8766233766233766
SKAB,3,normal,424,aaaa,aaaa,aaaa,seen,0,aaaa->aaaa,0.8766233766233766,0.8766233766233766,0.15873015873015872,0.12337662337662336,1,0,normal,0.8766233766233766
SKAB,3,normal,425,aaaa,aaaa,aaaa,seen,0,aaaa->aaaa,0.8766233766233766,0.8766233766233766,0.15873015873015872,0.12337662337662336,1,0,normal,0.8766233766233766
SKAB,3,normal,426,aaaa,aaaa,aaaa,seen,0,aaaa->aaaa,0.8766233766233766,0.8766233766233766,0.15873015873015872,0.12337662337662336,1,0,normal,0.8766233766233766
SKAB,3,normal,427,aaaa,aaab,aaab,seen,0,aaaa->aaab,0.05627705627705628,0.05627705627705628,0.15873015873015872,0.9437229437229437,1,1,anomaly,0.05627705627705628
SKAB,3,normal,428,aaab,aaba,aaba,seen,0,aaab->aaba,0.2571428571428571,0.2571428571428571,0.15873015873015872,0.7428571428571429,1,0,normal,0.2571428571428571
SKAB,3,normal,429,aaba,abab,abab,seen,0,aaba->abab,0.10909090909090909,0.10909090909090909,0.15873015873015872,0.8909090909090909,1,1,anomaly,0.10909090909090909
SKAB,3,normal,430,abab,babb,babb,seen,0,abab->babb,0.0975609756097561,0.0975609756097561,0.15873015873015872,0.9024390243902439,1,1,anomaly,0.0975609756097561
SKAB,3,normal,431,babb,abba,abba,seen,0,babb->abba,0.07547169811320754,0.07547169811320754,0.15873015873015872,0.9245283018867925,1,1,anomaly,0.07547169811320754
SKAB,3,normal,432,abba,bbaa,bbaa,seen,0,abba->bbaa,0.2553191489361702,0.2553191489361702,0.15873015873015872,0.7446808510638299,1,0,normal,0.2553191489361702
SKAB,3,normal,433,bbaa,baaa,baaa,seen,0,bbaa->baaa,0.3492063492063492,0.3492063492063492,0.15873015873015872,0.6507936507936508,0,0,normal,0.3492063492063492
SKAB,3,normal,434,baaa,aaaa,aaaa,seen,0,baaa->aaaa,0.37142857142857144,0.37142857142857144,0.15873015873015872,0.6285714285714286,0,0,normal,0.37142857142857144
SKAB,3,normal,435,aaaa,aaaa,aaaa,seen,0,aaaa->aaaa,0.8766233766233766,0.8766233766233766,0.15873015873015872,0.12337662337662336,0,0,normal,0.8766233766233766
SKAB,3,normal,436,aaaa,aaaa,aaaa,seen,0,aaaa->aaaa,0.8766233766233766,0.8766233766233766,0.15873015873015872,0.12337662337662336,0,0,normal,0.8766233766233766
SKAB,3,normal,437,aaaa,aaaa,aaaa,seen,0,aaaa->aaaa,0.8766233766233766,0.8766233766233766,0.15873015873015872,0.12337662337662336,0,0,normal,0.8766233766233766
SKAB,3,normal,438,aaaa,aaaa,aaaa,seen,0,aaaa->aaaa,0.8766233766233766,0.8766233766233766,0.15873015873015872,0.12337662337662336,0,0,normal,0.8766233766233766
SKAB,3,normal,439,aaaa,aaaa,aaaa,seen,0,aaaa->aaaa,0.8766233766233766,0.8766233766233766,0.15873015873015872,0.12337662337662336,0,0,normal,0.8766233766233766
SKAB,3,normal,440,aaaa,aaaa,aaaa,seen,0,aaaa->aaaa,0.8766233766233766,0.8766233766233766,0.15873015873015872,0.12337662337662336,0,0,normal,0.8766233766233766
SKAB,3,normal,441,aaaa,aaaa,aaaa,seen,0,aaaa->aaaa,0.8766233766233766,0.8766233766233766,0.15873015873015872,0.12337662337662336,0,0,normal,0.8766233766233766
SKAB,3,normal,442,aaaa,aaaa,aaaa,seen,0,aaaa->aaaa,0.8766233766233766,0.8766233766233766,0.15873015873015872,0.12337662337662336,0,0,normal,0.8766233766233766
SKAB,3,normal,443,aaaa,aaab,aaab,seen,0,aaaa->aaab,0.05627705627705628,0.05627705627705628,0.15873015873015872,0.9437229437229437,0,1,anomaly,0.05627705627705628
SKAB,3,normal,444,aaab,aaba,aaba,seen,0,aaab->aaba,0.2571428571428571,0.2571428571428571,0.15873015873015872,0.7428571428571429,0,0,normal,0.2571428571428571
SKAB,3,normal,445,aaba,abaa,abaa,seen,0,aaba->abaa,0.32727272727272727,0.32727272727272727,0.15873015873015872,0.6727272727272727,0,0,normal,0.32727272727272727
SKAB,4,normal,1,cccc,cccc,cccc,seen,0,cccc->cccc,0.9332191780821918,0.9332191780821918,0.15789473684210525,0.06678082191780821,0,0,normal,0.9332191780821918
SKAB,4,normal,2,cccc,cccc,cccc,seen,0,cccc->cccc,0.9332191780821918,0.9332191780821918,0.15789473684210525,0.06678082191780821,0,0,normal,0.9332191780821918
SKAB,4,normal,3,cccc,cccc,cccc,seen,0,cccc->cccc,0.9332191780821918,0.9332191780821918,0.15789473684210525,0.06678082191780821,0,0,normal,0.9332191780821918
SKAB,4,normal,4,cccc,cccc,cccc,seen,0,cccc->cccc,0.9332191780821918,0.9332191780821918,0.15789473684210525,0.06678082191780821,0,0,normal,0.9332191780821918
SKAB,4,normal,5,cccc,cccc,cccc,seen,0,cccc->cccc,0.9332191780821918,0.9332191780821918,0.15789473684210525,0.06678082191780821,0,0,normal,0.9332191780821918
SKAB,4,normal,6,cccc,cccc,cccc,seen,0,cccc->cccc,0.9332191780821918,0.9332191780821918,0.15789473684210525,0.06678082191780821,0,0,normal,0.9332191780821918
SKAB,4,normal,7,cccc,cccc,cccc,seen,0,cccc->cccc,0.9332191780821918,0.9332191780821918,0.15789473684210525,0.06678082191780821,0,0,normal,0.9332191780821918
SKAB,4,normal,8,cccc,cccc,cccc,seen,0,cccc->cccc,0.9332191780821918,0.9332191780821918,0.15789473684210525,0.06678082191780821,0,0,normal,0.9332191780821918
SKAB,4,normal,9,cccc,cccc,cccc,seen,0,cccc->cccc,0.9332191780821918,0.9332191780821918,0.15789473684210525,0.06678082191780821,0,0,normal,0.9332191780821918
SKAB,4,normal,10,cccc,cccc,cccc,seen,0,cccc->cccc,0.9332191780821918,0.9332191780821918,0.15789473684210525,0.06678082191780821,0,0,normal,0.9332191780821918
SKAB,4,normal,11,cccc,cccc,cccc,seen,0,cccc->cccc,0.9332191780821918,0.9332191780821918,0.15789473684210525,0.06678082191780821,0,0,normal,0.9332191780821918
SKAB,4,normal,12,cccc,cccc,cccc,seen,0,cccc->cccc,0.9332191780821918,0.9332191780821918,0.15789473684210525,0.06678082191780821,0,0,normal,0.9332191780821918
SKAB,4,normal,13,cccc,cccc,cccc,seen,0,cccc->cccc,0.9332191780821918,0.9332191780821918,0.15789473684210525,0.06678082191780821,0,0,normal,0.9332191780821918
SKAB,4,normal,14,cccc,cccc,cccc,seen,0,cccc->cccc,0.9332191780821918,0.9332191780821918,0.15789473684210525,0.06678082191780821,0,0,normal,0.9332191780821918
SKAB,4,normal,15,cccc,cccc,cccc,seen,0,cccc->cccc,0.9332191780821918,0.9332191780821918,0.15789473684210525,0.06678082191780821,0,0,normal,0.9332191780821918
SKAB,4,normal,16,cccc,cccc,cccc,seen,0,cccc->cccc,0.9332191780821918,0.9332191780821918,0.15789473684210525,0.06678082191780821,0,0,normal,0.9332191780821918
SKAB,4,normal,17,cccc,cccc,cccc,seen,0,cccc->cccc,0.9332191780821918,0.9332191780821918,0.15789473684210525,0.06678082191780821,0,0,normal,0.9332191780821918
SKAB,4,normal,18,cccc,cccc,cccc,seen,0,cccc->cccc,0.9332191780821918,0.9332191780821918,0.15789473684210525,0.06678082191780821,0,0,normal,0.9332191780821918
SKAB,4,normal,19,cccc,cccc,cccc,seen,0,cccc->cccc,0.9332191780821918,0.9332191780821918,0.15789473684210525,0.06678082191780821,0,0,normal,0.9332191780821918
SKAB,4,normal,20,cccc,cccc,cccc,seen,0,cccc->cccc,0.9332191780821918,0.9332191780821918,0.15789473684210525,0.06678082191780821,0,0,normal,0.9332191780821918
SKAB,4,normal,21,cccc,cccc,cccc,seen,0,cccc->cccc,0.9332191780821918,0.9332191780821918,0.15789473684210525,0.06678082191780821,0,0,normal,0.9332191780821918
SKAB,4,normal,22,cccc,cccc,cccc,seen,0,cccc->cccc,0.9332191780821918,0.9332191780821918,0.15789473684210525,0.06678082191780821,0,0,normal,0.9332191780821918
SKAB,4,normal,23,cccc,cccc,cccc,seen,0,cccc->cccc,0.9332191780821918,0.9332191780821918,0.15789473684210525,0.06678082191780821,0,0,normal,0.9332191780821918
SKAB,4,normal,24,cccc,cccc,cccc,seen,0,cccc->cccc,0.9332191780821918,0.9332191780821918,0.15789473684210525,0.06678082191780821,0,0,normal,0.9332191780821918
SKAB,4,normal,25,cccc,cccc,cccc,seen,0,cccc->cccc,0.9332191780821918,0.9332191780821918,0.15789473684210525,0.06678082191780821,0,0,normal,0.9332191780821918
SKAB,4,normal,26,cccc,cccc,cccc,seen,0,cccc->cccc,0.9332191780821918,0.9332191780821918,0.15789473684210525,0.06678082191780821,0,0,normal,0.9332191780821918
SKAB,4,normal,27,cccc,cccc,cccc,seen,0,cccc->cccc,0.9332191780821918,0.9332191780821918,0.15789473684210525,0.06678082191780821,0,0,normal,0.9332191780821918
SKAB,4,normal,28,cccc,cccc,cccc,seen,0,cccc->cccc,0.9332191780821918,0.9332191780821918,0.15789473684210525,0.06678082191780821,0,0,normal,0.9332191780821918
SKAB,4,normal,29,cccc,cccc,cccc,seen,0,cccc->cccc,0.9332191780821918,0.9332191780821918,0.15789473684210525,0.06678082191780821,0,0,normal,0.9332191780821918
SKAB,4,normal,30,cccc,cccc,cccc,seen,0,cccc->cccc,0.9332191780821918,0.9332191780821918,0.15789473684210525,0.06678082191780821,0,0,normal,0.9332191780821918
SKAB,4,normal,31,cccc,cccc,cccc,seen,0,cccc->cccc,0.9332191780821918,0.9332191780821918,0.15789473684210525,0.06678082191780821,0,0,normal,0.9332191780821918
SKAB,4,normal,32,cccc,cccc,cccc,seen,0,cccc->cccc,0.9332191780821918,0.9332191780821918,0.15789473684210525,0.06678082191780821,0,0,normal,0.9332191780821918
SKAB,4,normal,33,cccc,cccc,cccc,seen,0,cccc->cccc,0.9332191780821918,0.9332191780821918,0.15789473684210525,0.06678082191780821,0,0,normal,0.9332191780821918
SKAB,4,normal,34,cccc,cccc,cccc,seen,0,cccc->cccc,0.9332191780821918,0.9332191780821918,0.15789473684210525,0.06678082191780821,0,0,normal,0.9332191780821918
SKAB,4,normal,35,cccc,cccc,cccc,seen,0,cccc->cccc,0.9332191780821918,0.9332191780821918,0.15789473684210525,0.06678082191780821,0,0,normal,0.9332191780821918
SKAB,4,normal,36,cccc,cccc,cccc,seen,0,cccc->cccc,0.9332191780821918,0.9332191780821918,0.15789473684210525,0.06678082191780821,0,0,normal,0.9332191780821918
SKAB,4,normal,37,cccc,cccc,cccc,seen,0,cccc->cccc,0.9332191780821918,0.9332191780821918,0.15789473684210525,0.06678082191780821,0,0,normal,0.9332191780821918
SKAB,4,normal,38,cccc,cccc,cccc,seen,0,cccc->cccc,0.9332191780821918,0.9332191780821918,0.15789473684210525,0.06678082191780821,0,0,normal,0.9332191780821918
SKAB,4,normal,39,cccc,cccc,cccc,seen,0,cccc->cccc,0.9332191780821918,0.9332191780821918,0.15789473684210525,0.06678082191780821,0,0,normal,0.9332191780821918
SKAB,4,normal,40,cccc,cccc,cccc,seen,0,cccc->cccc,0.9332191780821918,0.9332191780821918,0.15789473684210525,0.06678082191780821,0,0,normal,0.9332191780821918
SKAB,4,normal,41,cccc,cccc,cccc,seen,0,cccc->cccc,0.9332191780821918,0.9332191780821918,0.15789473684210525,0.06678082191780821,0,0,normal,0.9332191780821918
SKAB,4,normal,42,cccc,cccc,cccc,seen,0,cccc->cccc,0.9332191780821918,0.9332191780821918,0.15789473684210525,0.06678082191780821,0,0,normal,0.9332191780821918
SKAB,4,normal,43,cccc,cccc,cccc,seen,0,cccc->cccc,0.9332191780821918,0.9332191780821918,0.15789473684210525,0.06678082191780821,0,0,normal,0.9332191780821918
SKAB,4,normal,44,cccc,cccc,cccc,seen,0,cccc->cccc,0.9332191780821918,0.9332191780821918,0.15789473684210525,0.06678082191780821,0,0,normal,0.9332191780821918
SKAB,4,normal,45,cccc,cccc,cccc,seen,0,cccc->cccc,0.9332191780821918,0.9332191780821918,0.15789473684210525,0.06678082191780821,0,0,normal,0.9332191780821918
SKAB,4,normal,46,cccc,cccc,cccc,seen,0,cccc->cccc,0.9332191780821918,0.9332191780821918,0.15789473684210525,0.06678082191780821,0,0,normal,0.9332191780821918
SKAB,4,normal,47,cccc,cccc,cccc,seen,0,cccc->cccc,0.9332191780821918,0.9332191780821918,0.15789473684210525,0.06678082191780821,0,0,normal,0.9332191780821918
SKAB,4,normal,48,cccc,cccc,cccc,seen,0,cccc->cccc,0.9332191780821918,0.9332191780821918,0.15789473684210525,0.06678082191780821,0,0,normal,0.9332191780821918
SKAB,4,normal,49,cccc,cccc,cccc,seen,0,cccc->cccc,0.9332191780821918,0.9332191780821918,0.15789473684210525,0.06678082191780821,0,0,normal,0.9332191780821918
SKAB,4,normal,50,cccc,cccc,cccc,seen,0,cccc->cccc,0.9332191780821918,0.9332191780821918,0.15789473684210525,0.06678082191780821,0,0,normal,0.9332191780821918
SKAB,4,normal,51,cccc,cccc,cccc,seen,0,cccc->cccc,0.9332191780821918,0.9332191780821918,0.15789473684210525,0.06678082191780821,0,0,normal,0.9332191780821918
SKAB,4,normal,52,cccc,cccc,cccc,seen,0,cccc->cccc,0.9332191780821918,0.9332191780821918,0.15789473684210525,0.06678082191780821,0,0,normal,0.9332191780821918
SKAB,4,normal,53,cccc,cccc,cccc,seen,0,cccc->cccc,0.9332191780821918,0.9332191780821918,0.15789473684210525,0.06678082191780821,0,0,normal,0.9332191780821918
SKAB,4,normal,54,cccc,cccc,cccc,seen,0,cccc->cccc,0.9332191780821918,0.9332191780821918,0.15789473684210525,0.06678082191780821,1,0,normal,0.9332191780821918
SKAB,4,normal,55,cccc,cccc,cccc,seen,0,cccc->cccc,0.9332191780821918,0.9332191780821918,0.15789473684210525,0.06678082191780821,1,0,normal,0.9332191780821918
SKAB,4,normal,56,cccc,cccc,cccc,seen,0,cccc->cccc,0.9332191780821918,0.9332191780821918,0.15789473684210525,0.06678082191780821,1,0,normal,0.9332191780821918
SKAB,4,normal,57,cccc,cccc,cccc,seen,0,cccc->cccc,0.9332191780821918,0.9332191780821918,0.15789473684210525,0.06678082191780821,1,0,normal,0.9332191780821918
SKAB,4,normal,58,cccc,cccc,cccc,seen,0,cccc->cccc,0.9332191780821918,0.9332191780821918,0.15789473684210525,0.06678082191780821,1,0,normal,0.9332191780821918
SKAB,4,normal,59,cccc,cccc,cccc,seen,0,cccc->cccc,0.9332191780821918,0.9332191780821918,0.15789473684210525,0.06678082191780821,1,0,normal,0.9332191780821918
SKAB,4,normal,60,cccc,cccc,cccc,seen,0,cccc->cccc,0.9332191780821918,0.9332191780821918,0.15789473684210525,0.06678082191780821,1,0,normal,0.9332191780821918
SKAB,4,normal,61,cccc,cccc,cccc,seen,0,cccc->cccc,0.9332191780821918,0.9332191780821918,0.15789473684210525,0.06678082191780821,1,0,normal,0.9332191780821918
SKAB,4,normal,62,cccc,cccc,cccc,seen,0,cccc->cccc,0.9332191780821918,0.9332191780821918,0.15789473684210525,0.06678082191780821,1,0,normal,0.9332191780821918
SKAB,4,normal,63,cccc,cccc,cccc,seen,0,cccc->cccc,0.9332191780821918,0.9332191780821918,0.15789473684210525,0.06678082191780821,1,0,normal,0.9332191780821918
SKAB,4,normal,64,cccc,cccc,cccc,seen,0,cccc->cccc,0.9332191780821918,0.9332191780821918,0.15789473684210525,0.06678082191780821,1,0,normal,0.9332191780821918
SKAB,4,normal,65,cccc,cccc,cccc,seen,0,cccc->cccc,0.9332191780821918,0.9332191780821918,0.15789473684210525,0.06678082191780821,1,0,normal,0.9332191780821918
SKAB,4,normal,66,cccc,cccc,cccc,seen,0,cccc->cccc,0.9332191780821918,0.9332191780821918,0.15789473684210525,0.06678082191780821,1,0,normal,0.9332191780821918
SKAB,4,normal,67,cccc,cccc,cccc,seen,0,cccc->cccc,0.9332191780821918,0.9332191780821918,0.15789473684210525,0.06678082191780821,1,0,normal,0.9332191780821918
SKAB,4,normal,68,cccc,cccc,cccc,seen,0,cccc->cccc,0.9332191780821918,0.9332191780821918,0.15789473684210525,0.06678082191780821,1,0,normal,0.9332191780821918
SKAB,4,normal,69,cccc,cccc,cccc,seen,0,cccc->cccc,0.9332191780821918,0.9332191780821918,0.15789473684210525,0.06678082191780821,1,0,normal,0.9332191780821918
SKAB,4,normal,70,cccc,cccc,cccc,seen,0,cccc->cccc,0.9332191780821918,0.9332191780821918,0.15789473684210525,0.06678082191780821,1,0,normal,0.9332191780821918
SKAB,4,normal,71,cccc,cccc,cccc,seen,0,cccc->cccc,0.9332191780821918,0.9332191780821918,0.15789473684210525,0.06678082191780821,1,0,normal,0.9332191780821918
SKAB,4,normal,72,cccc,cccc,cccc,seen,0,cccc->cccc,0.9332191780821918,0.9332191780821918,0.15789473684210525,0.06678082191780821,1,0,normal,0.9332191780821918
SKAB,4,normal,73,cccc,cccc,cccc,seen,0,cccc->cccc,0.9332191780821918,0.9332191780821918,0.15789473684210525,0.06678082191780821,1,0,normal,0.9332191780821918
SKAB,4,normal,74,cccc,cccc,cccc,seen,0,cccc->cccc,0.9332191780821918,0.9332191780821918,0.15789473684210525,0.06678082191780821,1,0,normal,0.9332191780821918
SKAB,4,normal,75,cccc,cccc,cccc,seen,0,cccc->cccc,0.9332191780821918,0.9332191780821918,0.15789473684210525,0.06678082191780821,1,0,normal,0.9332191780821918
SKAB,4,normal,76,cccc,cccc,cccc,seen,0,cccc->cccc,0.9332191780821918,0.9332191780821918,0.15789473684210525,0.06678082191780821,1,0,normal,0.9332191780821918
SKAB,4,normal,77,cccc,cccc,cccc,seen,0,cccc->cccc,0.9332191780821918,0.9332191780821918,0.15789473684210525,0.06678082191780821,1,0,normal,0.9332191780821918
SKAB,4,normal,78,cccc,cccc,cccc,seen,0,cccc->cccc,0.9332191780821918,0.9332191780821918,0.15789473684210525,0.06678082191780821,1,0,normal,0.9332191780821918
SKAB,4,normal,79,cccc,cccc,cccc,seen,0,cccc->cccc,0.9332191780821918,0.9332191780821918,0.15789473684210525,0.06678082191780821,1,0,normal,0.9332191780821918
SKAB,4,normal,80,cccc,cccc,cccc,seen,0,cccc->cccc,0.9332191780821918,0.9332191780821918,0.15789473684210525,0.06678082191780821,1,0,normal,0.9332191780821918
SKAB,4,normal,81,cccc,cccc,cccc,seen,0,cccc->cccc,0.9332191780821918,0.9332191780821918,0.15789473684210525,0.06678082191780821,1,0,normal,0.9332191780821918
SKAB,4,normal,82,cccc,cccc,cccc,seen,0,cccc->cccc,0.9332191780821918,0.9332191780821918,0.15789473684210525,0.06678082191780821,1,0,normal,0.9332191780821918
SKAB,4,normal,83,cccc,cccc,cccc,seen,0,cccc->cccc,0.9332191780821918,0.9332191780821918,0.15789473684210525,0.06678082191780821,1,0,normal,0.9332191780821918
SKAB,4,normal,84,cccc,cccc,cccc,seen,0,cccc->cccc,0.9332191780821918,0.9332191780821918,0.15789473684210525,0.06678082191780821,1,0,normal,0.9332191780821918
SKAB,4,normal,85,cccc,cccc,cccc,seen,0,cccc->cccc,0.9332191780821918,0.9332191780821918,0.15789473684210525,0.06678082191780821,1,0,normal,0.9332191780821918
SKAB,4,normal,86,cccc,cccc,cccc,seen,0,cccc->cccc,0.9332191780821918,0.9332191780821918,0.15789473684210525,0.06678082191780821,1,0,normal,0.9332191780821918
SKAB,4,normal,87,cccc,cccc,cccc,seen,0,cccc->cccc,0.9332191780821918,0.9332191780821918,0.15789473684210525,0.06678082191780821,1,0,normal,0.9332191780821918
SKAB,4,normal,88,cccc,cccc,cccc,seen,0,cccc->cccc,0.9332191780821918,0.9332191780821918,0.15789473684210525,0.06678082191780821,1,0,normal,0.9332191780821918
SKAB,4,normal,89,cccc,cccc,cccc,seen,0,cccc->cccc,0.9332191780821918,0.9332191780821918,0.15789473684210525,0.06678082191780821,1,0,normal,0.9332191780821918
SKAB,4,normal,90,cccc,cccc,cccc,seen,0,cccc->cccc,0.9332191780821918,0.9332191780821918,0.15789473684210525,0.06678082191780821,1,0,normal,0.9332191780821918
SKAB,4,normal,91,cccc,cccc,cccc,seen,0,cccc->cccc,0.9332191780821918,0.9332191780821918,0.15789473684210525,0.06678082191780821,1,0,normal,0.9332191780821918
SKAB,4,normal,92,cccc,cccc,cccc,seen,0,cccc->cccc,0.9332191780821918,0.9332191780821918,0.15789473684210525,0.06678082191780821,1,0,normal,0.9332191780821918
SKAB,4,normal,93,cccc,cccc,cccc,seen,0,cccc->cccc,0.9332191780821918,0.9332191780821918,0.15789473684210525,0.06678082191780821,1,0,normal,0.9332191780821918
SKAB,4,normal,94,cccc,cccc,cccc,seen,0,cccc->cccc,0.9332191780821918,0.9332191780821918,0.15789473684210525,0.06678082191780821,1,0,normal,0.9332191780821918
SKAB,4,normal,95,cccc,cccc,cccc,seen,0,cccc->cccc,0.9332191780821918,0.9332191780821918,0.15789473684210525,0.06678082191780821,1,0,normal,0.9332191780821918
SKAB,4,normal,96,cccc,cccc,cccc,seen,0,cccc->cccc,0.9332191780821918,0.9332191780821918,0.15789473684210525,0.06678082191780821,1,0,normal,0.9332191780821918
SKAB,4,normal,97,cccc,cccc,cccc,seen,0,cccc->cccc,0.9332191780821918,0.9332191780821918,0.15789473684210525,0.06678082191780821,1,0,normal,0.9332191780821918
SKAB,4,normal,98,cccc,cccc,cccc,seen,0,cccc->cccc,0.9332191780821918,0.9332191780821918,0.15789473684210525,0.06678082191780821,0,0,normal,0.9332191780821918
SKAB,4,normal,99,cccc,cccc,cccc,seen,0,cccc->cccc,0.9332191780821918,0.9332191780821918,0.15789473684210525,0.06678082191780821,0,0,normal,0.9332191780821918
SKAB,4,normal,100,cccc,cccc,cccc,seen,0,cccc->cccc,0.9332191780821918,0.9332191780821918,0.15789473684210525,0.06678082191780821,0,0,normal,0.9332191780821918
SKAB,4,normal,101,cccc,cccc,cccc,seen,0,cccc->cccc,0.9332191780821918,0.9332191780821918,0.15789473684210525,0.06678082191780821,0,0,normal,0.9332191780821918
SKAB,4,normal,102,cccc,cccc,cccc,seen,0,cccc->cccc,0.9332191780821918,0.9332191780821918,0.15789473684210525,0.06678082191780821,0,0,normal,0.9332191780821918
SKAB,4,normal,103,cccc,cccc,cccc,seen,0,cccc->cccc,0.9332191780821918,0.9332191780821918,0.15789473684210525,0.06678082191780821,0,0,normal,0.9332191780821918
SKAB,4,normal,104,cccc,cccc,cccc,seen,0,cccc->cccc,0.9332191780821918,0.9332191780821918,0.15789473684210525,0.06678082191780821,0,0,normal,0.9332191780821918
SKAB,4,normal,105,cccc,cccc,cccc,seen,0,cccc->cccc,0.9332191780821918,0.9332191780821918,0.15789473684210525,0.06678082191780821,0,0,normal,0.9332191780821918
SKAB,4,normal,106,cccc,cccc,cccc,seen,0,cccc->cccc,0.9332191780821918,0.9332191780821918,0.15789473684210525,0.06678082191780821,0,0,normal,0.9332191780821918
SKAB,4,normal,107,cccc,cccc,cccc,seen,0,cccc->cccc,0.9332191780821918,0.9332191780821918,0.15789473684210525,0.06678082191780821,0,0,normal,0.9332191780821918
SKAB,4,normal,108,cccc,cccc,cccc,seen,0,cccc->cccc,0.9332191780821918,0.9332191780821918,0.15789473684210525,0.06678082191780821,0,0,normal,0.9332191780821918
SKAB,4,normal,109,cccc,cccc,cccc,seen,0,cccc->cccc,0.9332191780821918,0.9332191780821918,0.15789473684210525,0.06678082191780821,0,0,normal,0.9332191780821918
SKAB,4,normal,110,cccc,cccc,cccc,seen,0,cccc->cccc,0.9332191780821918,0.9332191780821918,0.15789473684210525,0.06678082191780821,0,0,normal,0.9332191780821918
SKAB,4,normal,111,cccc,cccc,cccc,seen,0,cccc->cccc,0.9332191780821918,0.9332191780821918,0.15789473684210525,0.06678082191780821,0,0,normal,0.9332191780821918
SKAB,4,normal,112,cccc,ccca,ccca,seen,0,cccc->ccca,0.003424657534246575,0.003424657534246575,0.15789473684210525,0.9965753424657534,0,1,anomaly,0.003424657534246575
SKAB,4,normal,113,ccca,ccaa,ccaa,seen,0,ccca->ccaa,0.05714285714285714,0.05714285714285714,0.15789473684210525,0.9428571428571428,0,1,anomaly,0.05714285714285714
SKAB,4,normal,114,ccaa,caab,aaab,unseen,1,ccaa->aaab,0.02857142857142857,0.02857142857142857,0.15789473684210525,0.9714285714285714,0,1,anomaly,0.02857142857142857
SKAB,4,normal,115,aaab,aabb,aabb,unseen,1,aaab->aabb,0.2857142857142857,0.2857142857142857,0.15789473684210525,0.7142857142857143,0,0,normal,0.2857142857142857
SKAB,4,normal,116,aabb,abbb,abbb,seen,0,aabb->abbb,0.3,0.3,0.15789473684210525,0.7,0,0,normal,0.3
SKAB,4,normal,117,abbb,bbbb,bbbb,seen,0,abbb->bbbb,0.40298507462686567,0.40298507462686567,0.15789473684210525,0.5970149253731343,0,0,normal,0.40298507462686567
SKAB,4,normal,118,bbbb,bbbb,bbbb,seen,0,bbbb->bbbb,0.8128205128205128,0.8128205128205128,0.15789473684210525,0.18717948717948718,0,0,normal,0.8128205128205128
SKAB,4,normal,119,bbbb,bbbb,bbbb,seen,0,bbbb->bbbb,0.8128205128205128,0.8128205128205128,0.15789473684210525,0.18717948717948718,0,0,normal,0.8128205128205128
SKAB,4,normal,120,bbbb,bbbb,bbbb,seen,0,bbbb->bbbb,0.8128205128205128,0.8128205128205128,0.15789473684210525,0.18717948717948718,0,0,normal,0.8128205128205128
SKAB,4,normal,121,bbbb,bbba,bbba,seen,0,bbbb->bbba,0.06923076923076923,0.06923076923076923,0.15789473684210525,0.9307692307692308,0,1,anomaly,0.06923076923076923
SKAB,4,normal,122,bbba,bbaa,bbaa,seen,0,bbba->bbaa,0.2835820895522388,0.2835820895522388,0.15789473684210525,0.7164179104477613,0,0,normal,0.2835820895522388
SKAB,4,normal,123,bbaa,baaa,baaa,seen,0,bbaa->baaa,0.2807017543859649,0.2807017543859649,0.15789473684210525,0.7192982456140351,0,0,normal,0.2807017543859649
SKAB,4,normal,124,baaa,aaab,aaab,seen,0,baaa->aaab,0.15942028985507245,0.15942028985507245,0.15789473684210525,0.8405797101449275,0,0,normal,0.15942028985507245
SKAB,4,normal,125,aaab,aabb,aabb,seen,0,aaab->aabb,0.2857142857142857,0.2857142857142857,0.15789473684210525,0.7142857142857143,0,0,normal,0.2857142857142857
SKAB,4,normal,126,aabb,abbb,abbb,seen,0,aabb->abbb,0.3,0.3,0.15789473684210525,0.7,0,0,normal,0.3
SKAB,4,normal,127,abbb,bbbb,bbbb,seen,0,abbb->bbbb,0.40298507462686567,0.40298507462686567,0.15789473684210525,0.5970149253731343,0,0,normal,0.40298507462686567
SKAB,4,normal,128,bbbb,bbba,bbba,seen,0,bbbb->bbba,0.06923076923076923,0.06923076923076923,0.15789473684210525,0.9307692307692308,0,1,anomaly,0.06923076923076923
SKAB,4,normal,129,bbba,bbab,bbab,seen,0,bbba->bbab,0.23880597014925373,0.23880597014925373,0.15789473684210525,0.7611940298507462,0,0,normal,0.23880597014925373
SKAB,4,normal,130,bbab,babb,babb,seen,0,bbab->babb,0.2413793103448276,0.2413793103448276,0.15789473684210525,0.7586206896551724,0,0,normal,0.2413793103448276
SKAB,4,normal,131,babb,abbb,abbb,seen,0,babb->abbb,0.30357142857142855,0.30357142857142855,0.15789473684210525,0.6964285714285714,0,0,normal,0.30357142857142855
SKAB,4,normal,132,abbb,bbbb,bbbb,seen,0,abbb->bbbb,0.40298507462686567,0.40298507462686567,0.15789473684210525,0.5970149253731343,0,0,normal,0.40298507462686567
SKAB,4,normal,133,bbbb,bbbb,bbbb,seen,0,bbbb->bbbb,0.8128205128205128,0.8128205128205128,0.15789473684210525,0.18717948717948718,0,0,normal,0.8128205128205128
SKAB,4,normal,134,bbbb,bbba,bbba,seen,0,bbbb->bbba,0.06923076923076923,0.06923076923076923,0.15789473684210525,0.9307692307692308,0,1,anomaly,0.06923076923076923
SKAB,4,normal,135,bbba,bbab,bbab,seen,0,bbba->bbab,0.23880597014925373,0.23880597014925373,0.15789473684210525,0.7611940298507462,0,0,normal,0.23880597014925373
SKAB,4,normal,136,bbab,babb,babb,seen,0,bbab->babb,0.2413793103448276,0.2413793103448276,0.15789473684210525,0.7586206896551724,0,0,normal,0.2413793103448276
SKAB,4,normal,137,babb,abbb,abbb,seen,0,babb->abbb,0.30357142857142855,0.30357142857142855,0.15789473684210525,0.6964285714285714,0,0,normal,0.30357142857142855
SKAB,4,normal,138,abbb,bbbb,bbbb,seen,0,abbb->bbbb,0.40298507462686567,0.40298507462686567,0.15789473684210525,0.5970149253731343,0,0,normal,0.40298507462686567
SKAB,4,normal,139,bbbb,bbbb,bbbb,seen,0,bbbb->bbbb,0.8128205128205128,0.8128205128205128,0.15789473684210525,0.18717948717948718,0,0,normal,0.8128205128205128
SKAB,4,normal,140,bbbb,bbbb,bbbb,seen,0,bbbb->bbbb,0.8128205128205128,0.8128205128205128,0.15789473684210525,0.18717948717948718,0,0,normal,0.8128205128205128
SKAB,4,normal,141,bbbb,bbbb,bbbb,seen,0,bbbb->bbbb,0.8128205128205128,0.8128205128205128,0.15789473684210525,0.18717948717948718,0,0,normal,0.8128205128205128
SKAB,4,normal,142,bbbb,bbbb,bbbb,seen,0,bbbb->bbbb,0.8128205128205128,0.8128205128205128,0.15789473684210525,0.18717948717948718,0,0,normal,0.8128205128205128
SKAB,4,normal,143,bbbb,bbbb,bbbb,seen,0,bbbb->bbbb,0.8128205128205128,0.8128205128205128,0.15789473684210525,0.18717948717948718,0,0,normal,0.8128205128205128
SKAB,4,normal,144,bbbb,bbbb,bbbb,seen,0,bbbb->bbbb,0.8128205128205128,0.8128205128205128,0.15789473684210525,0.18717948717948718,0,0,normal,0.8128205128205128
SKAB,4,normal,145,bbbb,bbbb,bbbb,seen,0,bbbb->bbbb,0.8128205128205128,0.8128205128205128,0.15789473684210525,0.18717948717948718,0,0,normal,0.8128205128205128
SKAB,4,normal,146,bbbb,bbbb,bbbb,seen,0,bbbb->bbbb,0.8128205128205128,0.8128205128205128,0.15789473684210525,0.18717948717948718,0,0,normal,0.8128205128205128
SKAB,4,normal,147,bbbb,bbbb,bbbb,seen,0,bbbb->bbbb,0.8128205128205128,0.8128205128205128,0.15789473684210525,0.18717948717948718,0,0,normal,0.8128205128205128
SKAB,4,normal,148,bbbb,bbbb,bbbb,seen,0,bbbb->bbbb,0.8128205128205128,0.8128205128205128,0.15789473684210525,0.18717948717948718,0,0,normal,0.8128205128205128
SKAB,4,normal,149,bbbb,bbbb,bbbb,seen,0,bbbb->bbbb,0.8128205128205128,0.8128205128205128,0.15789473684210525,0.18717948717948718,0,0,normal,0.8128205128205128
SKAB,4,normal,150,bbbb,bbbb,bbbb,seen,0,bbbb->bbbb,0.8128205128205128,0.8128205128205128,0.15789473684210525,0.18717948717948718,0,0,normal,0.8128205128205128
SKAB,4,normal,151,bbbb,bbbb,bbbb,seen,0,bbbb->bbbb,0.8128205128205128,0.8128205128205128,0.15789473684210525,0.18717948717948718,0,0,normal,0.8128205128205128
SKAB,4,normal,152,bbbb,bbbb,bbbb,seen,0,bbbb->bbbb,0.8128205128205128,0.8128205128205128,0.15789473684210525,0.18717948717948718,0,0,normal,0.8128205128205128
SKAB,4,normal,153,bbbb,bbbb,bbbb,seen,0,bbbb->bbbb,0.8128205128205128,0.8128205128205128,0.15789473684210525,0.18717948717948718,0,0,normal,0.8128205128205128
SKAB,4,normal,154,bbbb,bbbb,bbbb,seen,0,bbbb->bbbb,0.8128205128205128,0.8128205128205128,0.15789473684210525,0.18717948717948718,0,0,normal,0.8128205128205128
SKAB,4,normal,155,bbbb,bbbb,bbbb,seen,0,bbbb->bbbb,0.8128205128205128,0.8128205128205128,0.15789473684210525,0.18717948717948718,0,0,normal,0.8128205128205128
SKAB,4,normal,156,bbbb,bbbb,bbbb,seen,0,bbbb->bbbb,0.8128205128205128,0.8128205128205128,0.15789473684210525,0.18717948717948718,0,0,normal,0.8128205128205128
SKAB,4,normal,157,bbbb,bbbb,bbbb,seen,0,bbbb->bbbb,0.8128205128205128,0.8128205128205128,0.15789473684210525,0.18717948717948718,0,0,normal,0.8128205128205128
SKAB,4,normal,158,bbbb,bbbb,bbbb,seen,0,bbbb->bbbb,0.8128205128205128,0.8128205128205128,0.15789473684210525,0.18717948717948718,0,0,normal,0.8128205128205128
SKAB,4,normal,159,bbbb,bbbb,bbbb,seen,0,bbbb->bbbb,0.8128205128205128,0.8128205128205128,0.15789473684210525,0.18717948717948718,0,0,normal,0.8128205128205128
SKAB,4,normal,160,bbbb,bbbb,bbbb,seen,0,bbbb->bbbb,0.8128205128205128,0.8128205128205128,0.15789473684210525,0.18717948717948718,0,0,normal,0.8128205128205128
SKAB,4,normal,161,bbbb,bbbb,bbbb,seen,0,bbbb->bbbb,0.8128205128205128,0.8128205128205128,0.15789473684210525,0.18717948717948718,0,0,normal,0.8128205128205128
SKAB,4,normal,162,bbbb,bbbb,bbbb,seen,0,bbbb->bbbb,0.8128205128205128,0.8128205128205128,0.15789473684210525,0.18717948717948718,0,0,normal,0.8128205128205128
SKAB,4,normal,163,bbbb,bbbb,bbbb,seen,0,bbbb->bbbb,0.8128205128205128,0.8128205128205128,0.15789473684210525,0.18717948717948718,0,0,normal,0.8128205128205128
SKAB,4,normal,164,bbbb,bbbb,bbbb,seen,0,bbbb->bbbb,0.8128205128205128,0.8128205128205128,0.15789473684210525,0.18717948717948718,0,0,normal,0.8128205128205128
SKAB,4,normal,165,bbbb,bbbb,bbbb,seen,0,bbbb->bbbb,0.8128205128205128,0.8128205128205128,0.15789473684210525,0.18717948717948718,0,0,normal,0.8128205128205128
SKAB,4,normal,166,bbbb,bbbb,bbbb,seen,0,bbbb->bbbb,0.8128205128205128,0.8128205128205128,0.15789473684210525,0.18717948717948718,0,0,normal,0.8128205128205128
SKAB,4,normal,167,bbbb,bbba,bbba,seen,0,bbbb->bbba,0.06923076923076923,0.06923076923076923,0.15789473684210525,0.9307692307692308,0,1,anomaly,0.06923076923076923
SKAB,4,normal,168,bbba,bbaa,bbaa,seen,0,bbba->bbaa,0.2835820895522388,0.2835820895522388,0.15789473684210525,0.7164179104477613,0,0,normal,0.2835820895522388
SKAB,4,normal,169,bbaa,baaa,baaa,seen,0,bbaa->baaa,0.2807017543859649,0.2807017543859649,0.15789473684210525,0.7192982456140351,1,0,normal,0.2807017543859649
SKAB,4,normal,170,baaa,aaaa,aaaa,seen,0,baaa->aaaa,0.37681159420289856,0.37681159420289856,0.15789473684210525,0.6231884057971014,1,0,normal,0.37681159420289856
SKAB,4,normal,171,aaaa,aaaa,aaaa,seen,0,aaaa->aaaa,0.8684807256235828,0.8684807256235828,0.15789473684210525,0.1315192743764172,1,0,normal,0.8684807256235828
SKAB,4,normal,172,aaaa,aaaa,aaaa,seen,0,aaaa->aaaa,0.8684807256235828,0.8684807256235828,0.15789473684210525,0.1315192743764172,1,0,normal,0.8684807256235828
SKAB,4,normal,173,aaaa,aaaa,aaaa,seen,0,aaaa->aaaa,0.8684807256235828,0.8684807256235828,0.15789473684210525,0.1315192743764172,1,0,normal,0.8684807256235828
SKAB,4,normal,174,aaaa,aaaa,aaaa,seen,0,aaaa->aaaa,0.8684807256235828,0.8684807256235828,0.15789473684210525,0.1315192743764172,1,0,normal,0.8684807256235828
SKAB,4,normal,175,aaaa,aaaa,aaaa,seen,0,aaaa->aaaa,0.8684807256235828,0.8684807256235828,0.15789473684210525,0.1315192743764172,1,0,normal,0.8684807256235828
SKAB,4,normal,176,aaaa,aaaa,aaaa,seen,0,aaaa->aaaa,0.8684807256235828,0.8684807256235828,0.15789473684210525,0.1315192743764172,1,0,normal,0.8684807256235828
SKAB,4,normal,177,aaaa,aaaa,aaaa,seen,0,aaaa->aaaa,0.8684807256235828,0.8684807256235828,0.15789473684210525,0.1315192743764172,1,0,normal,0.8684807256235828
SKAB,4,normal,178,aaaa,aaaa,aaaa,seen,0,aaaa->aaaa,0.8684807256235828,0.8684807256235828,0.15789473684210525,0.1315192743764172,1,0,normal,0.8684807256235828
SKAB,4,normal,179,aaaa,aaaa,aaaa,seen,0,aaaa->aaaa,0.8684807256235828,0.8684807256235828,0.15789473684210525,0.1315192743764172,1,0,normal,0.8684807256235828
SKAB,4,normal,180,aaaa,aaaa,aaaa,seen,0,aaaa->aaaa,0.8684807256235828,0.8684807256235828,0.15789473684210525,0.1315192743764172,1,0,normal,0.8684807256235828
SKAB,4,normal,181,aaaa,aaaa,aaaa,seen,0,aaaa->aaaa,0.8684807256235828,0.8684807256235828,0.15789473684210525,0.1315192743764172,1,0,normal,0.8684807256235828
SKAB,4,normal,182,aaaa,aaaa,aaaa,seen,0,aaaa->aaaa,0.8684807256235828,0.8684807256235828,0.15789473684210525,0.1315192743764172,1,0,normal,0.8684807256235828
SKAB,4,normal,183,aaaa,aaaa,aaaa,seen,0,aaaa->aaaa,0.8684807256235828,0.8684807256235828,0.15789473684210525,0.1315192743764172,1,0,normal,0.8684807256235828
SKAB,4,normal,184,aaaa,aaaa,aaaa,seen,0,aaaa->aaaa,0.8684807256235828,0.8684807256235828,0.15789473684210525,0.1315192743764172,1,0,normal,0.8684807256235828
SKAB,4,normal,185,aaaa,aaaa,aaaa,seen,0,aaaa->aaaa,0.8684807256235828,0.8684807256235828,0.15789473684210525,0.1315192743764172,1,0,normal,0.8684807256235828
SKAB,4,normal,186,aaaa,aaaa,aaaa,seen,0,aaaa->aaaa,0.8684807256235828,0.8684807256235828,0.15789473684210525,0.1315192743764172,1,0,normal,0.8684807256235828
SKAB,4,normal,187,aaaa,aaaa,aaaa,seen,0,aaaa->aaaa,0.8684807256235828,0.8684807256235828,0.15789473684210525,0.1315192743764172,1,0,normal,0.8684807256235828
SKAB,4,normal,188,aaaa,aaaa,aaaa,seen,0,aaaa->aaaa,0.8684807256235828,0.8684807256235828,0.15789473684210525,0.1315192743764172,1,0,normal,0.8684807256235828
SKAB,4,normal,189,aaaa,aaaa,aaaa,seen,0,aaaa->aaaa,0.8684807256235828,0.8684807256235828,0.15789473684210525,0.1315192743764172,1,0,normal,0.8684807256235828
SKAB,4,normal,190,aaaa,aaaa,aaaa,seen,0,aaaa->aaaa,0.8684807256235828,0.8684807256235828,0.15789473684210525,0.1315192743764172,1,0,normal,0.8684807256235828
SKAB,4,normal,191,aaaa,aaaa,aaaa,seen,0,aaaa->aaaa,0.8684807256235828,0.8684807256235828,0.15789473684210525,0.1315192743764172,1,0,normal,0.8684807256235828
SKAB,4,normal,192,aaaa,aaaa,aaaa,seen,0,aaaa->aaaa,0.8684807256235828,0.8684807256235828,0.15789473684210525,0.1315192743764172,1,0,normal,0.8684807256235828
SKAB,4,normal,193,aaaa,aaaa,aaaa,seen,0,aaaa->aaaa,0.8684807256235828,0.8684807256235828,0.15789473684210525,0.1315192743764172,1,0,normal,0.8684807256235828
SKAB,4,normal,194,aaaa,aaaa,aaaa,seen,0,aaaa->aaaa,0.8684807256235828,0.8684807256235828,0.15789473684210525,0.1315192743764172,1,0,normal,0.8684807256235828
SKAB,4,normal,195,aaaa,aaaa,aaaa,seen,0,aaaa->aaaa,0.8684807256235828,0.8684807256235828,0.15789473684210525,0.1315192743764172,1,0,normal,0.8684807256235828
SKAB,4,normal,196,aaaa,aaaa,aaaa,seen,0,aaaa->aaaa,0.8684807256235828,0.8684807256235828,0.15789473684210525,0.1315192743764172,1,0,normal,0.8684807256235828
SKAB,4,normal,197,aaaa,aaaa,aaaa,seen,0,aaaa->aaaa,0.8684807256235828,0.8684807256235828,0.15789473684210525,0.1315192743764172,1,0,normal,0.8684807256235828
SKAB,4,normal,198,aaaa,aaaa,aaaa,seen,0,aaaa->aaaa,0.8684807256235828,0.8684807256235828,0.15789473684210525,0.1315192743764172,1,0,normal,0.8684807256235828
SKAB,4,normal,199,aaaa,aaaa,aaaa,seen,0,aaaa->aaaa,0.8684807256235828,0.8684807256235828,0.15789473684210525,0.1315192743764172,1,0,normal,0.8684807256235828
SKAB,4,normal,200,aaaa,aaaa,aaaa,seen,0,aaaa->aaaa,0.8684807256235828,0.8684807256235828,0.15789473684210525,0.1315192743764172,1,0,normal,0.8684807256235828
SKAB,4,normal,201,aaaa,aaaa,aaaa,seen,0,aaaa->aaaa,0.8684807256235828,0.8684807256235828,0.15789473684210525,0.1315192743764172,1,0,normal,0.8684807256235828
SKAB,4,normal,202,aaaa,aaaa,aaaa,seen,0,aaaa->aaaa,0.8684807256235828,0.8684807256235828,0.15789473684210525,0.1315192743764172,1,0,normal,0.8684807256235828
SKAB,4,normal,203,aaaa,aaaa,aaaa,seen,0,aaaa->aaaa,0.8684807256235828,0.8684807256235828,0.15789473684210525,0.1315192743764172,1,0,normal,0.8684807256235828
SKAB,4,normal,204,aaaa,aaaa,aaaa,seen,0,aaaa->aaaa,0.8684807256235828,0.8684807256235828,0.15789473684210525,0.1315192743764172,1,0,normal,0.8684807256235828
SKAB,4,normal,205,aaaa,aaab,aaab,seen,0,aaaa->aaab,0.05895691609977324,0.05895691609977324,0.15789473684210525,0.9410430839002267,1,1,anomaly,0.05895691609977324
SKAB,4,normal,206,aaab,aabb,aabb,seen,0,aaab->aabb,0.2857142857142857,0.2857142857142857,0.15789473684210525,0.7142857142857143,1,0,normal,0.2857142857142857
SKAB,4,normal,207,aabb,abba,abba,seen,0,aabb->abba,0.16666666666666666,0.16666666666666666,0.15789473684210525,0.8333333333333334,1,0,normal,0.16666666666666666
SKAB,4,normal,208,abba,bbaa,bbaa,seen,0,abba->bbaa,0.14285714285714285,0.14285714285714285,0.15789473684210525,0.8571428571428572,1,1,anomaly,0.14285714285714285
SKAB,4,normal,209,bbaa,baab,baab,seen,0,bbaa->baab,0.15789473684210525,0.15789473684210525,0.15789473684210525,0.8421052631578947,1,0,normal,0.15789473684210525
SKAB,4,normal,210,baab,aabb,aabb,seen,0,baab->aabb,0.14545454545454545,0.14545454545454545,0.15789473684210525,0.8545454545454545,1,1,anomaly,0.14545454545454545
SKAB,4,normal,211,aabb,abba,abba,seen,0,aabb->abba,0.16666666666666666,0.16666666666666666,0.15789473684210525,0.8333333333333334,1,0,normal,0.16666666666666666
SKAB,4,normal,212,abba,bbaa,bbaa,seen,0,abba->bbaa,0.14285714285714285,0.14285714285714285,0.15789473684210525,0.8571428571428572,1,1,anomaly,0.14285714285714285
SKAB,4,normal,213,bbaa,baaa,baaa,seen,0,bbaa->baaa,0.2807017543859649,0.2807017543859649,0.15789473684210525,0.7192982456140351,0,0,normal,0.2807017543859649
SKAB,4,normal,214,baaa,aaab,aaab,seen,0,baaa->aaab,0.15942028985507245,0.15942028985507245,0.15789473684210525,0.8405797101449275,0,0,normal,0.15942028985507245
SKAB,4,normal,215,aaab,aaba,aaba,seen,0,aaab->aaba,0.2571428571428571,0.2571428571428571,0.15789473684210525,0.7428571428571429,0,0,normal,0.2571428571428571
SKAB,4,normal,216,aaba,abaa,abaa,seen,0,aaba->abaa,0.4153846153846154,0.4153846153846154,0.15789473684210525,0.5846153846153845,0,0,normal,0.4153846153846154
SKAB,4,normal,217,abaa,baaa,baaa,seen,0,abaa->baaa,0.31343283582089554,0.31343283582089554,0.15789473684210525,0.6865671641791045,0,0,normal,0.31343283582089554
SKAB,4,normal,218,baaa,aaaa,aaaa,seen,0,baaa->aaaa,0.37681159420289856,0.37681159420289856,0.15789473684210525,0.6231884057971014,0,0,normal,0.37681159420289856
SKAB,4,normal,219,aaaa,aaaa,aaaa,seen,0,aaaa->aaaa,0.8684807256235828,0.8684807256235828,0.15789473684210525,0.1315192743764172,0,0,normal,0.8684807256235828
SKAB,4,normal,220,aaaa,aaaa,aaaa,seen,0,aaaa->aaaa,0.8684807256235828,0.8684807256235828,0.15789473684210525,0.1315192743764172,0,0,normal,0.8684807256235828
SKAB,4,normal,221,aaaa,aaaa,aaaa,seen,0,aaaa->aaaa,0.8684807256235828,0.8684807256235828,0.15789473684210525,0.1315192743764172,0,0,normal,0.8684807256235828
SKAB,4,normal,222,aaaa,aaaa,aaaa,seen,0,aaaa->aaaa,0.8684807256235828,0.8684807256235828,0.15789473684210525,0.1315192743764172,0,0,normal,0.8684807256235828
SKAB,4,normal,223,aaaa,aaab,aaab,seen,0,aaaa->aaab,0.05895691609977324,0.05895691609977324,0.15789473684210525,0.9410430839002267,0,1,anomaly,0.05895691609977324
SKAB,4,normal,224,aaab,aaba,aaba,seen,0,aaab->aaba,0.2571428571428571,0.2571428571428571,0.15789473684210525,0.7428571428571429,0,0,normal,0.2571428571428571
SKAB,4,normal,225,aaba,abaa,abaa,seen,0,aaba->abaa,0.4153846153846154,0.4153846153846154,0.15789473684210525,0.5846153846153845,0,0,normal,0.4153846153846154
SKAB,4,normal,226,abaa,baaa,baaa,seen,0,abaa->baaa,0.31343283582089554,0.31343283582089554,0.15789473684210525,0.6865671641791045,0,0,normal,0.31343283582089554
SKAB,4,normal,227,baaa,aaaa,aaaa,seen,0,baaa->aaaa,0.37681159420289856,0.37681159420289856,0.15789473684210525,0.6231884057971014,0,0,normal,0.37681159420289856
SKAB,4,normal,228,aaaa,aaab,aaab,seen,0,aaaa->aaab,0.05895691609977324,0.05895691609977324,0.15789473684210525,0.9410430839002267,0,1,anomaly,0.05895691609977324
SKAB,4,normal,229,aaab,aabb,aabb,seen,0,aaab->aabb,0.2857142857142857,0.2857142857142857,0.15789473684210525,0.7142857142857143,0,0,normal,0.2857142857142857
SKAB,4,normal,230,aabb,abba,abba,seen,0,aabb->abba,0.16666666666666666,0.16666666666666666,0.15789473684210525,0.8333333333333334,0,0,normal,0.16666666666666666
SKAB,4,normal,231,abba,bbaa,bbaa,seen,0,abba->bbaa,0.14285714285714285,0.14285714285714285,0.15789473684210525,0.8571428571428572,0,1,anomaly,0.14285714285714285
SKAB,4,normal,232,bbaa,baaa,baaa,seen,0,bbaa->baaa,0.2807017543859649,0.2807017543859649,0.15789473684210525,0.7192982456140351,0,0,normal,0.2807017543859649
SKAB,4,normal,233,baaa,aaaa,aaaa,seen,0,baaa->aaaa,0.37681159420289856,0.37681159420289856,0.15789473684210525,0.6231884057971014,0,0,normal,0.37681159420289856
SKAB,4,normal,234,aaaa,aaaa,aaaa,seen,0,aaaa->aaaa,0.8684807256235828,0.8684807256235828,0.15789473684210525,0.1315192743764172,0,0,normal,0.8684807256235828
SKAB,4,normal,235,aaaa,aaaa,aaaa,seen,0,aaaa->aaaa,0.8684807256235828,0.8684807256235828,0.15789473684210525,0.1315192743764172,0,0,normal,0.8684807256235828
SKAB,4,normal,236,aaaa,aaaa,aaaa,seen,0,aaaa->aaaa,0.8684807256235828,0.8684807256235828,0.15789473684210525,0.1315192743764172,0,0,normal,0.8684807256235828
SKAB,4,normal,237,aaaa,aaaa,aaaa,seen,0,aaaa->aaaa,0.8684807256235828,0.8684807256235828,0.15789473684210525,0.1315192743764172,0,0,normal,0.8684807256235828
SKAB,4,normal,238,aaaa,aaaa,aaaa,seen,0,aaaa->aaaa,0.8684807256235828,0.8684807256235828,0.15789473684210525,0.1315192743764172,0,0,normal,0.8684807256235828
SKAB,4,normal,239,aaaa,aaaa,aaaa,seen,0,aaaa->aaaa,0.8684807256235828,0.8684807256235828,0.15789473684210525,0.1315192743764172,0,0,normal,0.8684807256235828
SKAB,4,normal,240,aaaa,aaaa,aaaa,seen,0,aaaa->aaaa,0.8684807256235828,0.8684807256235828,0.15789473684210525,0.1315192743764172,0,0,normal,0.8684807256235828
SKAB,4,normal,241,aaaa,aaaa,aaaa,seen,0,aaaa->aaaa,0.8684807256235828,0.8684807256235828,0.15789473684210525,0.1315192743764172,0,0,normal,0.8684807256235828
SKAB,4,normal,242,aaaa,aaaa,aaaa,seen,0,aaaa->aaaa,0.8684807256235828,0.8684807256235828,0.15789473684210525,0.1315192743764172,0,0,normal,0.8684807256235828
SKAB,4,normal,243,aaaa,aaaa,aaaa,seen,0,aaaa->aaaa,0.8684807256235828,0.8684807256235828,0.15789473684210525,0.1315192743764172,0,0,normal,0.8684807256235828
SKAB,4,normal,244,aaaa,aaaa,aaaa,seen,0,aaaa->aaaa,0.8684807256235828,0.8684807256235828,0.15789473684210525,0.1315192743764172,0,0,normal,0.8684807256235828
SKAB,4,normal,245,aaaa,aaaa,aaaa,seen,0,aaaa->aaaa,0.8684807256235828,0.8684807256235828,0.15789473684210525,0.1315192743764172,0,0,normal,0.8684807256235828
SKAB,4,normal,246,aaaa,aaaa,aaaa,seen,0,aaaa->aaaa,0.8684807256235828,0.8684807256235828,0.15789473684210525,0.1315192743764172,0,0,normal,0.8684807256235828
SKAB,4,normal,247,aaaa,aaaa,aaaa,seen,0,aaaa->aaaa,0.8684807256235828,0.8684807256235828,0.15789473684210525,0.1315192743764172,0,0,normal,0.8684807256235828
SKAB,4,normal,248,aaaa,aaaa,aaaa,seen,0,aaaa->aaaa,0.8684807256235828,0.8684807256235828,0.15789473684210525,0.1315192743764172,0,0,normal,0.8684807256235828
SKAB,4,normal,249,aaaa,aaaa,aaaa,seen,0,aaaa->aaaa,0.8684807256235828,0.8684807256235828,0.15789473684210525,0.1315192743764172,0,0,normal,0.8684807256235828
SKAB,4,normal,250,aaaa,aaaa,aaaa,seen,0,aaaa->aaaa,0.8684807256235828,0.8684807256235828,0.15789473684210525,0.1315192743764172,0,0,normal,0.8684807256235828
SKAB,4,normal,251,aaaa,aaaa,aaaa,seen,0,aaaa->aaaa,0.8684807256235828,0.8684807256235828,0.15789473684210525,0.1315192743764172,0,0,normal,0.8684807256235828
SKAB,4,normal,252,aaaa,aaaa,aaaa,seen,0,aaaa->aaaa,0.8684807256235828,0.8684807256235828,0.15789473684210525,0.1315192743764172,0,0,normal,0.8684807256235828
SKAB,4,normal,253,aaaa,aaaa,aaaa,seen,0,aaaa->aaaa,0.8684807256235828,0.8684807256235828,0.15789473684210525,0.1315192743764172,0,0,normal,0.8684807256235828
SKAB,4,normal,254,aaaa,aaaa,aaaa,seen,0,aaaa->aaaa,0.8684807256235828,0.8684807256235828,0.15789473684210525,0.1315192743764172,0,0,normal,0.8684807256235828
SKAB,4,normal,255,aaaa,aaaa,aaaa,seen,0,aaaa->aaaa,0.8684807256235828,0.8684807256235828,0.15789473684210525,0.1315192743764172,0,0,normal,0.8684807256235828
SKAB,4,normal,256,aaaa,aaaa,aaaa,seen,0,aaaa->aaaa,0.8684807256235828,0.8684807256235828,0.15789473684210525,0.1315192743764172,0,0,normal,0.8684807256235828
SKAB,4,normal,257,aaaa,aaab,aaab,seen,0,aaaa->aaab,0.05895691609977324,0.05895691609977324,0.15789473684210525,0.9410430839002267,0,1,anomaly,0.05895691609977324
SKAB,4,normal,258,aaab,aaba,aaba,seen,0,aaab->aaba,0.2571428571428571,0.2571428571428571,0.15789473684210525,0.7428571428571429,0,0,normal,0.2571428571428571
SKAB,4,normal,259,aaba,abaa,abaa,seen,0,aaba->abaa,0.4153846153846154,0.4153846153846154,0.15789473684210525,0.5846153846153845,0,0,normal,0.4153846153846154
SKAB,4,normal,260,abaa,baaa,baaa,seen,0,abaa->baaa,0.31343283582089554,0.31343283582089554,0.15789473684210525,0.6865671641791045,0,0,normal,0.31343283582089554
SKAB,4,normal,261,baaa,aaab,aaab,seen,0,baaa->aaab,0.15942028985507245,0.15942028985507245,0.15789473684210525,0.8405797101449275,0,0,normal,0.15942028985507245
SKAB,4,normal,262,aaab,aaba,aaba,seen,0,aaab->aaba,0.2571428571428571,0.2571428571428571,0.15789473684210525,0.7428571428571429,0,0,normal,0.2571428571428571
SKAB,4,normal,263,aaba,abab,abab,seen,0,aaba->abab,0.09230769230769231,0.09230769230769231,0.15789473684210525,0.9076923076923077,0,1,anomaly,0.09230769230769231
SKAB,4,normal,264,abab,baba,baba,seen,0,abab->baba,0.19230769230769232,0.19230769230769232,0.15789473684210525,0.8076923076923077,0,0,normal,0.19230769230769232
SKAB,4,normal,265,baba,abaa,abaa,seen,0,baba->abaa,0.14814814814814814,0.14814814814814814,0.15789473684210525,0.8518518518518519,0,1,anomaly,0.14814814814814814
SKAB,4,normal,266,abaa,baab,baab,seen,0,abaa->baab,0.208955223880597,0.208955223880597,0.15789473684210525,0.791044776119403,0,0,normal,0.208955223880597
SKAB,4,normal,267,baab,aabb,aabb,seen,0,baab->aabb,0.14545454545454545,0.14545454545454545,0.15789473684210525,0.8545454545454545,0,1,anomaly,0.14545454545454545
SKAB,4,normal,268,aabb,abbb,abbb,seen,0,aabb->abbb,0.3,0.3,0.15789473684210525,0.7,0,0,normal,0.3
SKAB,4,normal,269,abbb,bbba,bbba,seen,0,abbb->bbba,0.11940298507462686,0.11940298507462686,0.15789473684210525,0.8805970149253731,0,1,anomaly,0.11940298507462686
SKAB,4,normal,270,bbba,bbaa,bbaa,seen,0,bbba->bbaa,0.2835820895522388,0.2835820895522388,0.15789473684210525,0.7164179104477613,0,0,normal,0.2835820895522388
SKAB,4,normal,271,bbaa,baaa,baaa,seen,0,bbaa->baaa,0.2807017543859649,0.2807017543859649,0.15789473684210525,0.7192982456140351,0,0,normal,0.2807017543859649
SKAB,4,normal,272,baaa,aaaa,aaaa,seen,0,baaa->aaaa,0.37681159420289856,0.37681159420289856,0.15789473684210525,0.6231884057971014,0,0,normal,0.37681159420289856
SKAB,4,normal,273,aaaa,aaaa,aaaa,seen,0,aaaa->aaaa,0.8684807256235828,0.8684807256235828,0.15789473684210525,0.1315192743764172,0,0,normal,0.8684807256235828
SKAB,4,normal,274,aaaa,aaab,aaab,seen,0,aaaa->aaab,0.05895691609977324,0.05895691609977324,0.15789473684210525,0.9410430839002267,0,1,anomaly,0.05895691609977324
SKAB,4,normal,275,aaab,aabb,aabb,seen,0,aaab->aabb,0.2857142857142857,0.2857142857142857,0.15789473684210525,0.7142857142857143,0,0,normal,0.2857142857142857
SKAB,4,normal,276,aabb,abba,abba,seen,0,aabb->abba,0.16666666666666666,0.16666666666666666,0.15789473684210525,0.8333333333333334,0,0,normal,0.16666666666666666
SKAB,4,normal,277,abba,bbab,bbab,seen,0,abba->bbab,0.20408163265306123,0.20408163265306123,0.15789473684210525,0.7959183673469388,0,0,normal,0.20408163265306123
SKAB,4,normal,278,bbab,baba,baba,seen,0,bbab->baba,0.20689655172413793,0.20689655172413793,0.15789473684210525,0.7931034482758621,0,0,normal,0.20689655172413793
SKAB,4,normal,279,baba,abaa,abaa,seen,0,baba->abaa,0.14814814814814814,0.14814814814814814,0.15789473684210525,0.8518518518518519,0,1,anomaly,0.14814814814814814
SKAB,4,normal,280,abaa,baaa,baaa,seen,0,abaa->baaa,0.31343283582089554,0.31343283582089554,0.15789473684210525,0.6865671641791045,0,0,normal,0.31343283582089554
SKAB,4,normal,281,baaa,aaaa,aaaa,seen,0,baaa->aaaa,0.37681159420289856,0.37681159420289856,0.15789473684210525,0.6231884057971014,0,0,normal,0.37681159420289856
SKAB,4,normal,282,aaaa,aaaa,aaaa,seen,0,aaaa->aaaa,0.8684807256235828,0.8684807256235828,0.15789473684210525,0.1315192743764172,0,0,normal,0.8684807256235828
SKAB,4,normal,283,aaaa,aaaa,aaaa,seen,0,aaaa->aaaa,0.8684807256235828,0.8684807256235828,0.15789473684210525,0.1315192743764172,1,0,normal,0.8684807256235828
SKAB,4,normal,284,aaaa,aaaa,aaaa,seen,0,aaaa->aaaa,0.8684807256235828,0.8684807256235828,0.15789473684210525,0.1315192743764172,1,0,normal,0.8684807256235828
SKAB,4,normal,285,aaaa,aaaa,aaaa,seen,0,aaaa->aaaa,0.8684807256235828,0.8684807256235828,0.15789473684210525,0.1315192743764172,1,0,normal,0.8684807256235828
SKAB,4,normal,286,aaaa,aaaa,aaaa,seen,0,aaaa->aaaa,0.8684807256235828,0.8684807256235828,0.15789473684210525,0.1315192743764172,1,0,normal,0.8684807256235828
SKAB,4,normal,287,aaaa,aaaa,aaaa,seen,0,aaaa->aaaa,0.8684807256235828,0.8684807256235828,0.15789473684210525,0.1315192743764172,1,0,normal,0.8684807256235828
SKAB,4,normal,288,aaaa,aaaa,aaaa,seen,0,aaaa->aaaa,0.8684807256235828,0.8684807256235828,0.15789473684210525,0.1315192743764172,1,0,normal,0.8684807256235828
SKAB,4,normal,289,aaaa,aaaa,aaaa,seen,0,aaaa->aaaa,0.8684807256235828,0.8684807256235828,0.15789473684210525,0.1315192743764172,1,0,normal,0.8684807256235828
SKAB,4,normal,290,aaaa,aaaa,aaaa,seen,0,aaaa->aaaa,0.8684807256235828,0.8684807256235828,0.15789473684210525,0.1315192743764172,1,0,normal,0.8684807256235828
SKAB,4,normal,291,aaaa,aaaa,aaaa,seen,0,aaaa->aaaa,0.8684807256235828,0.8684807256235828,0.15789473684210525,0.1315192743764172,1,0,normal,0.8684807256235828
SKAB,4,normal,292,aaaa,aaaa,aaaa,seen,0,aaaa->aaaa,0.8684807256235828,0.8684807256235828,0.15789473684210525,0.1315192743764172,1,0,normal,0.8684807256235828
SKAB,4,normal,293,aaaa,aaaa,aaaa,seen,0,aaaa->aaaa,0.8684807256235828,0.8684807256235828,0.15789473684210525,0.1315192743764172,1,0,normal,0.8684807256235828
SKAB,4,normal,294,aaaa,aaaa,aaaa,seen,0,aaaa->aaaa,0.8684807256235828,0.8684807256235828,0.15789473684210525,0.1315192743764172,1,0,normal,0.8684807256235828
SKAB,4,normal,295,aaaa,aaaa,aaaa,seen,0,aaaa->aaaa,0.8684807256235828,0.8684807256235828,0.15789473684210525,0.1315192743764172,1,0,normal,0.8684807256235828
SKAB,4,normal,296,aaaa,aaaa,aaaa,seen,0,aaaa->aaaa,0.8684807256235828,0.8684807256235828,0.15789473684210525,0.1315192743764172,1,0,normal,0.8684807256235828
SKAB,4,normal,297,aaaa,aaaa,aaaa,seen,0,aaaa->aaaa,0.8684807256235828,0.8684807256235828,0.15789473684210525,0.1315192743764172,1,0,normal,0.8684807256235828
SKAB,4,normal,298,aaaa,aaaa,aaaa,seen,0,aaaa->aaaa,0.8684807256235828,0.8684807256235828,0.15789473684210525,0.1315192743764172,1,0,normal,0.8684807256235828
SKAB,4,normal,299,aaaa,aaaa,aaaa,seen,0,aaaa->aaaa,0.8684807256235828,0.8684807256235828,0.15789473684210525,0.1315192743764172,1,0,normal,0.8684807256235828
SKAB,4,normal,300,aaaa,aaaa,aaaa,seen,0,aaaa->aaaa,0.8684807256235828,0.8684807256235828,0.15789473684210525,0.1315192743764172,1,0,normal,0.8684807256235828
SKAB,4,normal,301,aaaa,aaaa,aaaa,seen,0,aaaa->aaaa,0.8684807256235828,0.8684807256235828,0.15789473684210525,0.1315192743764172,1,0,normal,0.8684807256235828
SKAB,4,normal,302,aaaa,aaaa,aaaa,seen,0,aaaa->aaaa,0.8684807256235828,0.8684807256235828,0.15789473684210525,0.1315192743764172,1,0,normal,0.8684807256235828
SKAB,4,normal,303,aaaa,aaaa,aaaa,seen,0,aaaa->aaaa,0.8684807256235828,0.8684807256235828,0.15789473684210525,0.1315192743764172,1,0,normal,0.8684807256235828
SKAB,4,normal,304,aaaa,aaaa,aaaa,seen,0,aaaa->aaaa,0.8684807256235828,0.8684807256235828,0.15789473684210525,0.1315192743764172,1,0,normal,0.8684807256235828
SKAB,4,normal,305,aaaa,aaaa,aaaa,seen,0,aaaa->aaaa,0.8684807256235828,0.8684807256235828,0.15789473684210525,0.1315192743764172,1,0,normal,0.8684807256235828
SKAB,4,normal,306,aaaa,aaaa,aaaa,seen,0,aaaa->aaaa,0.8684807256235828,0.8684807256235828,0.15789473684210525,0.1315192743764172,1,0,normal,0.8684807256235828
SKAB,4,normal,307,aaaa,aaaa,aaaa,seen,0,aaaa->aaaa,0.8684807256235828,0.8684807256235828,0.15789473684210525,0.1315192743764172,1,0,normal,0.8684807256235828
SKAB,4,normal,308,aaaa,aaaa,aaaa,seen,0,aaaa->aaaa,0.8684807256235828,0.8684807256235828,0.15789473684210525,0.1315192743764172,1,0,normal,0.8684807256235828
SKAB,4,normal,309,aaaa,aaaa,aaaa,seen,0,aaaa->aaaa,0.8684807256235828,0.8684807256235828,0.15789473684210525,0.1315192743764172,1,0,normal,0.8684807256235828
SKAB,4,normal,310,aaaa,aaaa,aaaa,seen,0,aaaa->aaaa,0.8684807256235828,0.8684807256235828,0.15789473684210525,0.1315192743764172,1,0,normal,0.8684807256235828
SKAB,4,normal,311,aaaa,aaaa,aaaa,seen,0,aaaa->aaaa,0.8684807256235828,0.8684807256235828,0.15789473684210525,0.1315192743764172,1,0,normal,0.8684807256235828
SKAB,4,normal,312,aaaa,aaaa,aaaa,seen,0,aaaa->aaaa,0.8684807256235828,0.8684807256235828,0.15789473684210525,0.1315192743764172,1,0,normal,0.8684807256235828
SKAB,4,normal,313,aaaa,aaaa,aaaa,seen,0,aaaa->aaaa,0.8684807256235828,0.8684807256235828,0.15789473684210525,0.1315192743764172,1,0,normal,0.8684807256235828
SKAB,4,normal,314,aaaa,aaaa,aaaa,seen,0,aaaa->aaaa,0.8684807256235828,0.8684807256235828,0.15789473684210525,0.1315192743764172,1,0,normal,0.8684807256235828
SKAB,4,normal,315,aaaa,aaaa,aaaa,seen,0,aaaa->aaaa,0.8684807256235828,0.8684807256235828,0.15789473684210525,0.1315192743764172,1,0,normal,0.8684807256235828
SKAB,4,normal,316,aaaa,aaaa,aaaa,seen,0,aaaa->aaaa,0.8684807256235828,0.8684807256235828,0.15789473684210525,0.1315192743764172,1,0,normal,0.8684807256235828
SKAB,4,normal,317,aaaa,aaaa,aaaa,seen,0,aaaa->aaaa,0.8684807256235828,0.8684807256235828,0.15789473684210525,0.1315192743764172,1,0,normal,0.8684807256235828
SKAB,4,normal,318,aaaa,aaaa,aaaa,seen,0,aaaa->aaaa,0.8684807256235828,0.8684807256235828,0.15789473684210525,0.1315192743764172,1,0,normal,0.8684807256235828
SKAB,4,normal,319,aaaa,aaaa,aaaa,seen,0,aaaa->aaaa,0.8684807256235828,0.8684807256235828,0.15789473684210525,0.1315192743764172,1,0,normal,0.8684807256235828
SKAB,4,normal,320,aaaa,aaaa,aaaa,seen,0,aaaa->aaaa,0.8684807256235828,0.8684807256235828,0.15789473684210525,0.1315192743764172,1,0,normal,0.8684807256235828
SKAB,4,normal,321,aaaa,aaab,aaab,seen,0,aaaa->aaab,0.05895691609977324,0.05895691609977324,0.15789473684210525,0.9410430839002267,1,1,anomaly,0.05895691609977324
SKAB,4,normal,322,aaab,aabb,aabb,seen,0,aaab->aabb,0.2857142857142857,0.2857142857142857,0.15789473684210525,0.7142857142857143,1,0,normal,0.2857142857142857
SKAB,4,normal,323,aabb,abbb,abbb,seen,0,aabb->abbb,0.3,0.3,0.15789473684210525,0.7,1,0,normal,0.3
SKAB,4,normal,324,abbb,bbbb,bbbb,seen,0,abbb->bbbb,0.40298507462686567,0.40298507462686567,0.15789473684210525,0.5970149253731343,1,0,normal,0.40298507462686567
SKAB,4,normal,325,bbbb,bbbb,bbbb,seen,0,bbbb->bbbb,0.8128205128205128,0.8128205128205128,0.15789473684210525,0.18717948717948718,1,0,normal,0.8128205128205128
SKAB,4,normal,326,bbbb,bbbb,bbbb,seen,0,bbbb->bbbb,0.8128205128205128,0.8128205128205128,0.15789473684210525,0.18717948717948718,1,0,normal,0.8128205128205128
SKAB,4,normal,327,bbbb,bbbb,bbbb,seen,0,bbbb->bbbb,0.8128205128205128,0.8128205128205128,0.15789473684210525,0.18717948717948718,0,0,normal,0.8128205128205128
SKAB,4,normal,328,bbbb,bbbb,bbbb,seen,0,bbbb->bbbb,0.8128205128205128,0.8128205128205128,0.15789473684210525,0.18717948717948718,0,0,normal,0.8128205128205128
SKAB,4,normal,329,bbbb,bbbb,bbbb,seen,0,bbbb->bbbb,0.8128205128205128,0.8128205128205128,0.15789473684210525,0.18717948717948718,0,0,normal,0.8128205128205128
SKAB,4,normal,330,bbbb,bbbb,bbbb,seen,0,bbbb->bbbb,0.8128205128205128,0.8128205128205128,0.15789473684210525,0.18717948717948718,0,0,normal,0.8128205128205128
SKAB,4,normal,331,bbbb,bbbb,bbbb,seen,0,bbbb->bbbb,0.8128205128205128,0.8128205128205128,0.15789473684210525,0.18717948717948718,0,0,normal,0.8128205128205128
SKAB,4,normal,332,bbbb,bbbb,bbbb,seen,0,bbbb->bbbb,0.8128205128205128,0.8128205128205128,0.15789473684210525,0.18717948717948718,0,0,normal,0.8128205128205128
SKAB,4,normal,333,bbbb,bbba,bbba,seen,0,bbbb->bbba,0.06923076923076923,0.06923076923076923,0.15789473684210525,0.9307692307692308,0,1,anomaly,0.06923076923076923
SKAB,4,normal,334,bbba,bbaa,bbaa,seen,0,bbba->bbaa,0.2835820895522388,0.2835820895522388,0.15789473684210525,0.7164179104477613,0,0,normal,0.2835820895522388
SKAB,4,normal,335,bbaa,baaa,baaa,seen,0,bbaa->baaa,0.2807017543859649,0.2807017543859649,0.15789473684210525,0.7192982456140351,0,0,normal,0.2807017543859649
SKAB,4,normal,336,baaa,aaaa,aaaa,seen,0,baaa->aaaa,0.37681159420289856,0.37681159420289856,0.15789473684210525,0.6231884057971014,0,0,normal,0.37681159420289856
SKAB,4,normal,337,aaaa,aaaa,aaaa,seen,0,aaaa->aaaa,0.8684807256235828,0.8684807256235828,0.15789473684210525,0.1315192743764172,0,0,normal,0.8684807256235828
SKAB,4,normal,338,aaaa,aaaa,aaaa,seen,0,aaaa->aaaa,0.8684807256235828,0.8684807256235828,0.15789473684210525,0.1315192743764172,0,0,normal,0.8684807256235828
SKAB,4,normal,339,aaaa,aaab,aaab,seen,0,aaaa->aaab,0.05895691609977324,0.05895691609977324,0.15789473684210525,0.9410430839002267,0,1,anomaly,0.05895691609977324
SKAB,4,normal,340,aaab,aabb,aabb,seen,0,aaab->aabb,0.2857142857142857,0.2857142857142857,0.15789473684210525,0.7142857142857143,0,0,normal,0.2857142857142857
SKAB,4,normal,341,aabb,abbb,abbb,seen,0,aabb->abbb,0.3,0.3,0.15789473684210525,0.7,0,0,normal,0.3
SKAB,4,normal,342,abbb,bbbb,bbbb,seen,0,abbb->bbbb,0.40298507462686567,0.40298507462686567,0.15789473684210525,0.5970149253731343,0,0,normal,0.40298507462686567
SKAB,4,normal,343,bbbb,bbba,bbba,seen,0,bbbb->bbba,0.06923076923076923,0.06923076923076923,0.15789473684210525,0.9307692307692308,0,1,anomaly,0.06923076923076923
SKAB,4,normal,344,bbba,bbaa,bbaa,seen,0,bbba->bbaa,0.2835820895522388,0.2835820895522388,0.15789473684210525,0.7164179104477613,0,0,normal,0.2835820895522388
SKAB,4,normal,345,bbaa,baaa,baaa,seen,0,bbaa->baaa,0.2807017543859649,0.2807017543859649,0.15789473684210525,0.7192982456140351,0,0,normal,0.2807017543859649
SKAB,4,normal,346,baaa,aaaa,aaaa,seen,0,baaa->aaaa,0.37681159420289856,0.37681159420289856,0.15789473684210525,0.6231884057971014,0,0,normal,0.37681159420289856
SKAB,4,normal,347,aaaa,aaaa,aaaa,seen,0,aaaa->aaaa,0.8684807256235828,0.8684807256235828,0.15789473684210525,0.1315192743764172,0,0,normal,0.8684807256235828
SKAB,4,normal,348,aaaa,aaaa,aaaa,seen,0,aaaa->aaaa,0.8684807256235828,0.8684807256235828,0.15789473684210525,0.1315192743764172,0,0,normal,0.8684807256235828
SKAB,4,normal,349,aaaa,aaaa,aaaa,seen,0,aaaa->aaaa,0.8684807256235828,0.8684807256235828,0.15789473684210525,0.1315192743764172,0,0,normal,0.8684807256235828
SKAB,4,normal,350,aaaa,aaaa,aaaa,seen,0,aaaa->aaaa,0.8684807256235828,0.8684807256235828,0.15789473684210525,0.1315192743764172,0,0,normal,0.8684807256235828
SKAB,4,normal,351,aaaa,aaaa,aaaa,seen,0,aaaa->aaaa,0.8684807256235828,0.8684807256235828,0.15789473684210525,0.1315192743764172,0,0,normal,0.8684807256235828
SKAB,4,normal,352,aaaa,aaaa,aaaa,seen,0,aaaa->aaaa,0.8684807256235828,0.8684807256235828,0.15789473684210525,0.1315192743764172,0,0,normal,0.8684807256235828
SKAB,4,normal,353,aaaa,aaaa,aaaa,seen,0,aaaa->aaaa,0.8684807256235828,0.8684807256235828,0.15789473684210525,0.1315192743764172,0,0,normal,0.8684807256235828
SKAB,4,normal,354,aaaa,aaaa,aaaa,seen,0,aaaa->aaaa,0.8684807256235828,0.8684807256235828,0.15789473684210525,0.1315192743764172,0,0,normal,0.8684807256235828
SKAB,4,normal,355,aaaa,aaaa,aaaa,seen,0,aaaa->aaaa,0.8684807256235828,0.8684807256235828,0.15789473684210525,0.1315192743764172,0,0,normal,0.8684807256235828
SKAB,4,normal,356,aaaa,aaaa,aaaa,seen,0,aaaa->aaaa,0.8684807256235828,0.8684807256235828,0.15789473684210525,0.1315192743764172,0,0,normal,0.8684807256235828
SKAB,4,normal,357,aaaa,aaaa,aaaa,seen,0,aaaa->aaaa,0.8684807256235828,0.8684807256235828,0.15789473684210525,0.1315192743764172,0,0,normal,0.8684807256235828
SKAB,4,normal,358,aaaa,aaaa,aaaa,seen,0,aaaa->aaaa,0.8684807256235828,0.8684807256235828,0.15789473684210525,0.1315192743764172,0,0,normal,0.8684807256235828
SKAB,4,normal,359,aaaa,aaaa,aaaa,seen,0,aaaa->aaaa,0.8684807256235828,0.8684807256235828,0.15789473684210525,0.1315192743764172,0,0,normal,0.8684807256235828
SKAB,4,normal,360,aaaa,aaaa,aaaa,seen,0,aaaa->aaaa,0.8684807256235828,0.8684807256235828,0.15789473684210525,0.1315192743764172,0,0,normal,0.8684807256235828
SKAB,4,normal,361,aaaa,aaaa,aaaa,seen,0,aaaa->aaaa,0.8684807256235828,0.8684807256235828,0.15789473684210525,0.1315192743764172,0,0,normal,0.8684807256235828
SKAB,4,normal,362,aaaa,aaaa,aaaa,seen,0,aaaa->aaaa,0.8684807256235828,0.8684807256235828,0.15789473684210525,0.1315192743764172,0,0,normal,0.8684807256235828
SKAB,4,normal,363,aaaa,aaaa,aaaa,seen,0,aaaa->aaaa,0.8684807256235828,0.8684807256235828,0.15789473684210525,0.1315192743764172,0,0,normal,0.8684807256235828
SKAB,4,normal,364,aaaa,aaaa,aaaa,seen,0,aaaa->aaaa,0.8684807256235828,0.8684807256235828,0.15789473684210525,0.1315192743764172,0,0,normal,0.8684807256235828
SKAB,4,normal,365,aaaa,aaaa,aaaa,seen,0,aaaa->aaaa,0.8684807256235828,0.8684807256235828,0.15789473684210525,0.1315192743764172,0,0,normal,0.8684807256235828
SKAB,4,normal,366,aaaa,aaaa,aaaa,seen,0,aaaa->aaaa,0.8684807256235828,0.8684807256235828,0.15789473684210525,0.1315192743764172,0,0,normal,0.8684807256235828
SKAB,4,normal,367,aaaa,aaaa,aaaa,seen,0,aaaa->aaaa,0.8684807256235828,0.8684807256235828,0.15789473684210525,0.1315192743764172,0,0,normal,0.8684807256235828
SKAB,4,normal,368,aaaa,aaaa,aaaa,seen,0,aaaa->aaaa,0.8684807256235828,0.8684807256235828,0.15789473684210525,0.1315192743764172,0,0,normal,0.8684807256235828
SKAB,4,normal,369,aaaa,aaaa,aaaa,seen,0,aaaa->aaaa,0.8684807256235828,0.8684807256235828,0.15789473684210525,0.1315192743764172,0,0,normal,0.8684807256235828
SKAB,4,normal,370,aaaa,aaaa,aaaa,seen,0,aaaa->aaaa,0.8684807256235828,0.8684807256235828,0.15789473684210525,0.1315192743764172,0,0,normal,0.8684807256235828
SKAB,4,normal,371,aaaa,aaaa,aaaa,seen,0,aaaa->aaaa,0.8684807256235828,0.8684807256235828,0.15789473684210525,0.1315192743764172,0,0,normal,0.8684807256235828
SKAB,4,normal,372,aaaa,aaaa,aaaa,seen,0,aaaa->aaaa,0.8684807256235828,0.8684807256235828,0.15789473684210525,0.1315192743764172,0,0,normal,0.8684807256235828
SKAB,4,normal,373,aaaa,aaaa,aaaa,seen,0,aaaa->aaaa,0.8684807256235828,0.8684807256235828,0.15789473684210525,0.1315192743764172,0,0,normal,0.8684807256235828
SKAB,4,normal,374,aaaa,aaaa,aaaa,seen,0,aaaa->aaaa,0.8684807256235828,0.8684807256235828,0.15789473684210525,0.1315192743764172,0,0,normal,0.8684807256235828
SKAB,4,normal,375,aaaa,aaaa,aaaa,seen,0,aaaa->aaaa,0.8684807256235828,0.8684807256235828,0.15789473684210525,0.1315192743764172,0,0,normal,0.8684807256235828
SKAB,4,normal,376,aaaa,aaaa,aaaa,seen,0,aaaa->aaaa,0.8684807256235828,0.8684807256235828,0.15789473684210525,0.1315192743764172,0,0,normal,0.8684807256235828
SKAB,4,normal,377,aaaa,aaaa,aaaa,seen,0,aaaa->aaaa,0.8684807256235828,0.8684807256235828,0.15789473684210525,0.1315192743764172,0,0,normal,0.8684807256235828
SKAB,4,normal,378,aaaa,aaaa,aaaa,seen,0,aaaa->aaaa,0.8684807256235828,0.8684807256235828,0.15789473684210525,0.1315192743764172,0,0,normal,0.8684807256235828
SKAB,4,normal,379,aaaa,aaab,aaab,seen,0,aaaa->aaab,0.05895691609977324,0.05895691609977324,0.15789473684210525,0.9410430839002267,0,1,anomaly,0.05895691609977324
SKAB,4,normal,380,aaab,aaba,aaba,seen,0,aaab->aaba,0.2571428571428571,0.2571428571428571,0.15789473684210525,0.7428571428571429,0,0,normal,0.2571428571428571
SKAB,4,normal,381,aaba,abaa,abaa,seen,0,aaba->abaa,0.4153846153846154,0.4153846153846154,0.15789473684210525,0.5846153846153845,0,0,normal,0.4153846153846154
SKAB,4,normal,382,abaa,baaa,baaa,seen,0,abaa->baaa,0.31343283582089554,0.31343283582089554,0.15789473684210525,0.6865671641791045,0,0,normal,0.31343283582089554
SKAB,4,normal,383,baaa,aaaa,aaaa,seen,0,baaa->aaaa,0.37681159420289856,0.37681159420289856,0.15789473684210525,0.6231884057971014,0,0,normal,0.37681159420289856
SKAB,4,normal,384,aaaa,aaaa,aaaa,seen,0,aaaa->aaaa,0.8684807256235828,0.8684807256235828,0.15789473684210525,0.1315192743764172,0,0,normal,0.8684807256235828
SKAB,4,normal,385,aaaa,aaaa,aaaa,seen,0,aaaa->aaaa,0.8684807256235828,0.8684807256235828,0.15789473684210525,0.1315192743764172,0,0,normal,0.8684807256235828
SKAB,4,normal,386,aaaa,aaab,aaab,seen,0,aaaa->aaab,0.05895691609977324,0.05895691609977324,0.15789473684210525,0.9410430839002267,0,1,anomaly,0.05895691609977324
SKAB,4,normal,387,aaab,aabb,aabb,seen,0,aaab->aabb,0.2857142857142857,0.2857142857142857,0.15789473684210525,0.7142857142857143,0,0,normal,0.2857142857142857
SKAB,4,normal,388,aabb,abba,abba,seen,0,aabb->abba,0.16666666666666666,0.16666666666666666,0.15789473684210525,0.8333333333333334,0,0,normal,0.16666666666666666
SKAB,4,normal,389,abba,bbaa,bbaa,seen,0,abba->bbaa,0.14285714285714285,0.14285714285714285,0.15789473684210525,0.8571428571428572,0,1,anomaly,0.14285714285714285
SKAB,4,normal,390,bbaa,baaa,baaa,seen,0,bbaa->baaa,0.2807017543859649,0.2807017543859649,0.15789473684210525,0.7192982456140351,0,0,normal,0.2807017543859649
SKAB,4,normal,391,baaa,aaaa,aaaa,seen,0,baaa->aaaa,0.37681159420289856,0.37681159420289856,0.15789473684210525,0.6231884057971014,0,0,normal,0.37681159420289856
SKAB,4,normal,392,aaaa,aaaa,aaaa,seen,0,aaaa->aaaa,0.8684807256235828,0.8684807256235828,0.15789473684210525,0.1315192743764172,0,0,normal,0.8684807256235828
SKAB,4,normal,393,aaaa,aaaa,aaaa,seen,0,aaaa->aaaa,0.8684807256235828,0.8684807256235828,0.15789473684210525,0.1315192743764172,0,0,normal,0.8684807256235828
SKAB,4,normal,394,aaaa,aaaa,aaaa,seen,0,aaaa->aaaa,0.8684807256235828,0.8684807256235828,0.15789473684210525,0.1315192743764172,0,0,normal,0.8684807256235828
SKAB,4,normal,395,aaaa,aaaa,aaaa,seen,0,aaaa->aaaa,0.8684807256235828,0.8684807256235828,0.15789473684210525,0.1315192743764172,0,0,normal,0.8684807256235828
SKAB,4,normal,396,aaaa,aaaa,aaaa,seen,0,aaaa->aaaa,0.8684807256235828,0.8684807256235828,0.15789473684210525,0.1315192743764172,1,0,normal,0.8684807256235828
SKAB,4,normal,397,aaaa,aaaa,aaaa,seen,0,aaaa->aaaa,0.8684807256235828,0.8684807256235828,0.15789473684210525,0.1315192743764172,1,0,normal,0.8684807256235828
SKAB,4,normal,398,aaaa,aaaa,aaaa,seen,0,aaaa->aaaa,0.8684807256235828,0.8684807256235828,0.15789473684210525,0.1315192743764172,1,0,normal,0.8684807256235828
SKAB,4,normal,399,aaaa,aaaa,aaaa,seen,0,aaaa->aaaa,0.8684807256235828,0.8684807256235828,0.15789473684210525,0.1315192743764172,1,0,normal,0.8684807256235828
SKAB,4,normal,400,aaaa,aaaa,aaaa,seen,0,aaaa->aaaa,0.8684807256235828,0.8684807256235828,0.15789473684210525,0.1315192743764172,1,0,normal,0.8684807256235828
SKAB,4,normal,401,aaaa,aaaa,aaaa,seen,0,aaaa->aaaa,0.8684807256235828,0.8684807256235828,0.15789473684210525,0.1315192743764172,1,0,normal,0.8684807256235828
SKAB,4,normal,402,aaaa,aaaa,aaaa,seen,0,aaaa->aaaa,0.8684807256235828,0.8684807256235828,0.15789473684210525,0.1315192743764172,1,0,normal,0.8684807256235828
SKAB,4,normal,403,aaaa,aaaa,aaaa,seen,0,aaaa->aaaa,0.8684807256235828,0.8684807256235828,0.15789473684210525,0.1315192743764172,1,0,normal,0.8684807256235828
SKAB,4,normal,404,aaaa,aaaa,aaaa,seen,0,aaaa->aaaa,0.8684807256235828,0.8684807256235828,0.15789473684210525,0.1315192743764172,1,0,normal,0.8684807256235828
SKAB,4,normal,405,aaaa,aaaa,aaaa,seen,0,aaaa->aaaa,0.8684807256235828,0.8684807256235828,0.15789473684210525,0.1315192743764172,1,0,normal,0.8684807256235828
SKAB,4,normal,406,aaaa,aaaa,aaaa,seen,0,aaaa->aaaa,0.8684807256235828,0.8684807256235828,0.15789473684210525,0.1315192743764172,1,0,normal,0.8684807256235828
SKAB,4,normal,407,aaaa,aaaa,aaaa,seen,0,aaaa->aaaa,0.8684807256235828,0.8684807256235828,0.15789473684210525,0.1315192743764172,1,0,normal,0.8684807256235828
SKAB,4,normal,408,aaaa,aaaa,aaaa,seen,0,aaaa->aaaa,0.8684807256235828,0.8684807256235828,0.15789473684210525,0.1315192743764172,1,0,normal,0.8684807256235828
SKAB,4,normal,409,aaaa,aaaa,aaaa,seen,0,aaaa->aaaa,0.8684807256235828,0.8684807256235828,0.15789473684210525,0.1315192743764172,1,0,normal,0.8684807256235828
SKAB,4,normal,410,aaaa,aaaa,aaaa,seen,0,aaaa->aaaa,0.8684807256235828,0.8684807256235828,0.15789473684210525,0.1315192743764172,1,0,normal,0.8684807256235828
SKAB,4,normal,411,aaaa,aaaa,aaaa,seen,0,aaaa->aaaa,0.8684807256235828,0.8684807256235828,0.15789473684210525,0.1315192743764172,1,0,normal,0.8684807256235828
SKAB,4,normal,412,aaaa,aaaa,aaaa,seen,0,aaaa->aaaa,0.8684807256235828,0.8684807256235828,0.15789473684210525,0.1315192743764172,1,0,normal,0.8684807256235828
SKAB,4,normal,413,aaaa,aaaa,aaaa,seen,0,aaaa->aaaa,0.8684807256235828,0.8684807256235828,0.15789473684210525,0.1315192743764172,1,0,normal,0.8684807256235828
SKAB,4,normal,414,aaaa,aaaa,aaaa,seen,0,aaaa->aaaa,0.8684807256235828,0.8684807256235828,0.15789473684210525,0.1315192743764172,1,0,normal,0.8684807256235828
SKAB,4,normal,415,aaaa,aaaa,aaaa,seen,0,aaaa->aaaa,0.8684807256235828,0.8684807256235828,0.15789473684210525,0.1315192743764172,1,0,normal,0.8684807256235828
SKAB,4,normal,416,aaaa,aaaa,aaaa,seen,0,aaaa->aaaa,0.8684807256235828,0.8684807256235828,0.15789473684210525,0.1315192743764172,1,0,normal,0.8684807256235828
SKAB,4,normal,417,aaaa,aaaa,aaaa,seen,0,aaaa->aaaa,0.8684807256235828,0.8684807256235828,0.15789473684210525,0.1315192743764172,1,0,normal,0.8684807256235828
SKAB,4,normal,418,aaaa,aaaa,aaaa,seen,0,aaaa->aaaa,0.8684807256235828,0.8684807256235828,0.15789473684210525,0.1315192743764172,1,0,normal,0.8684807256235828
SKAB,4,normal,419,aaaa,aaaa,aaaa,seen,0,aaaa->aaaa,0.8684807256235828,0.8684807256235828,0.15789473684210525,0.1315192743764172,1,0,normal,0.8684807256235828
SKAB,4,normal,420,aaaa,aaaa,aaaa,seen,0,aaaa->aaaa,0.8684807256235828,0.8684807256235828,0.15789473684210525,0.1315192743764172,1,0,normal,0.8684807256235828
SKAB,4,normal,421,aaaa,aaaa,aaaa,seen,0,aaaa->aaaa,0.8684807256235828,0.8684807256235828,0.15789473684210525,0.1315192743764172,1,0,normal,0.8684807256235828
SKAB,4,normal,422,aaaa,aaaa,aaaa,seen,0,aaaa->aaaa,0.8684807256235828,0.8684807256235828,0.15789473684210525,0.1315192743764172,1,0,normal,0.8684807256235828
SKAB,4,normal,423,aaaa,aaaa,aaaa,seen,0,aaaa->aaaa,0.8684807256235828,0.8684807256235828,0.15789473684210525,0.1315192743764172,1,0,normal,0.8684807256235828
SKAB,4,normal,424,aaaa,aaaa,aaaa,seen,0,aaaa->aaaa,0.8684807256235828,0.8684807256235828,0.15789473684210525,0.1315192743764172,1,0,normal,0.8684807256235828
SKAB,4,normal,425,aaaa,aaaa,aaaa,seen,0,aaaa->aaaa,0.8684807256235828,0.8684807256235828,0.15789473684210525,0.1315192743764172,1,0,normal,0.8684807256235828
SKAB,4,normal,426,aaaa,aaaa,aaaa,seen,0,aaaa->aaaa,0.8684807256235828,0.8684807256235828,0.15789473684210525,0.1315192743764172,1,0,normal,0.8684807256235828
SKAB,4,normal,427,aaaa,aaaa,aaaa,seen,0,aaaa->aaaa,0.8684807256235828,0.8684807256235828,0.15789473684210525,0.1315192743764172,1,0,normal,0.8684807256235828
SKAB,4,normal,428,aaaa,aaaa,aaaa,seen,0,aaaa->aaaa,0.8684807256235828,0.8684807256235828,0.15789473684210525,0.1315192743764172,1,0,normal,0.8684807256235828
SKAB,4,normal,429,aaaa,aaaa,aaaa,seen,0,aaaa->aaaa,0.8684807256235828,0.8684807256235828,0.15789473684210525,0.1315192743764172,1,0,normal,0.8684807256235828
SKAB,4,normal,430,aaaa,aaaa,aaaa,seen,0,aaaa->aaaa,0.8684807256235828,0.8684807256235828,0.15789473684210525,0.1315192743764172,1,0,normal,0.8684807256235828
SKAB,4,normal,431,aaaa,aaaa,aaaa,seen,0,aaaa->aaaa,0.8684807256235828,0.8684807256235828,0.15789473684210525,0.1315192743764172,1,0,normal,0.8684807256235828
SKAB,4,normal,432,aaaa,aaaa,aaaa,seen,0,aaaa->aaaa,0.8684807256235828,0.8684807256235828,0.15789473684210525,0.1315192743764172,1,0,normal,0.8684807256235828
SKAB,4,normal,433,aaaa,aaab,aaab,seen,0,aaaa->aaab,0.05895691609977324,0.05895691609977324,0.15789473684210525,0.9410430839002267,1,1,anomaly,0.05895691609977324
SKAB,4,normal,434,aaab,aabb,aabb,seen,0,aaab->aabb,0.2857142857142857,0.2857142857142857,0.15789473684210525,0.7142857142857143,1,0,normal,0.2857142857142857
SKAB,4,normal,435,aabb,abbb,abbb,seen,0,aabb->abbb,0.3,0.3,0.15789473684210525,0.7,1,0,normal,0.3
SKAB,4,normal,436,abbb,bbba,bbba,seen,0,abbb->bbba,0.11940298507462686,0.11940298507462686,0.15789473684210525,0.8805970149253731,1,1,anomaly,0.11940298507462686
SKAB,4,normal,437,bbba,bbab,bbab,seen,0,bbba->bbab,0.23880597014925373,0.23880597014925373,0.15789473684210525,0.7611940298507462,1,0,normal,0.23880597014925373
SKAB,4,normal,438,bbab,baba,baba,seen,0,bbab->baba,0.20689655172413793,0.20689655172413793,0.15789473684210525,0.7931034482758621,1,0,normal,0.20689655172413793
SKAB,4,normal,439,baba,abab,abab,seen,0,baba->abab,0.25925925925925924,0.25925925925925924,0.15789473684210525,0.7407407407407407,1,0,normal,0.25925925925925924
SKAB,5,normal,1,cccc,cccc,cccc,seen,0,cccc->cccc,0.9393939393939394,0.9393939393939394,0.15714285714285714,0.06060606060606055,0,0,normal,0.9393939393939394
SKAB,5,normal,2,cccc,cccc,cccc,seen,0,cccc->cccc,0.9393939393939394,0.9393939393939394,0.15714285714285714,0.06060606060606055,0,0,normal,0.9393939393939394
SKAB,5,normal,3,cccc,cccc,cccc,seen,0,cccc->cccc,0.9393939393939394,0.9393939393939394,0.15714285714285714,0.06060606060606055,0,0,normal,0.9393939393939394
SKAB,5,normal,4,cccc,cccc,cccc,seen,0,cccc->cccc,0.9393939393939394,0.9393939393939394,0.15714285714285714,0.06060606060606055,0,0,normal,0.9393939393939394
SKAB,5,normal,5,cccc,cccc,cccc,seen,0,cccc->cccc,0.9393939393939394,0.9393939393939394,0.15714285714285714,0.06060606060606055,0,0,normal,0.9393939393939394
SKAB,5,normal,6,cccc,cccc,cccc,seen,0,cccc->cccc,0.9393939393939394,0.9393939393939394,0.15714285714285714,0.06060606060606055,0,0,normal,0.9393939393939394
SKAB,5,normal,7,cccc,cccc,cccc,seen,0,cccc->cccc,0.9393939393939394,0.9393939393939394,0.15714285714285714,0.06060606060606055,0,0,normal,0.9393939393939394
SKAB,5,normal,8,cccc,cccc,cccc,seen,0,cccc->cccc,0.9393939393939394,0.9393939393939394,0.15714285714285714,0.06060606060606055,0,0,normal,0.9393939393939394
SKAB,5,normal,9,cccc,cccc,cccc,seen,0,cccc->cccc,0.9393939393939394,0.9393939393939394,0.15714285714285714,0.06060606060606055,0,0,normal,0.9393939393939394
SKAB,5,normal,10,cccc,cccc,cccc,seen,0,cccc->cccc,0.9393939393939394,0.9393939393939394,0.15714285714285714,0.06060606060606055,0,0,normal,0.9393939393939394
SKAB,5,normal,11,cccc,cccc,cccc,seen,0,cccc->cccc,0.9393939393939394,0.9393939393939394,0.15714285714285714,0.06060606060606055,0,0,normal,0.9393939393939394
SKAB,5,normal,12,cccc,cccc,cccc,seen,0,cccc->cccc,0.9393939393939394,0.9393939393939394,0.15714285714285714,0.06060606060606055,0,0,normal,0.9393939393939394
SKAB,5,normal,13,cccc,cccc,cccc,seen,0,cccc->cccc,0.9393939393939394,0.9393939393939394,0.15714285714285714,0.06060606060606055,0,0,normal,0.9393939393939394
SKAB,5,normal,14,cccc,cccc,cccc,seen,0,cccc->cccc,0.9393939393939394,0.9393939393939394,0.15714285714285714,0.06060606060606055,0,0,normal,0.9393939393939394
SKAB,5,normal,15,cccc,cccc,cccc,seen,0,cccc->cccc,0.9393939393939394,0.9393939393939394,0.15714285714285714,0.06060606060606055,0,0,normal,0.9393939393939394
SKAB,5,normal,16,cccc,cccc,cccc,seen,0,cccc->cccc,0.9393939393939394,0.9393939393939394,0.15714285714285714,0.06060606060606055,0,0,normal,0.9393939393939394
SKAB,5,normal,17,cccc,cccc,cccc,seen,0,cccc->cccc,0.9393939393939394,0.9393939393939394,0.15714285714285714,0.06060606060606055,0,0,normal,0.9393939393939394
SKAB,5,normal,18,cccc,cccc,cccc,seen,0,cccc->cccc,0.9393939393939394,0.9393939393939394,0.15714285714285714,0.06060606060606055,0,0,normal,0.9393939393939394
SKAB,5,normal,19,cccc,cccc,cccc,seen,0,cccc->cccc,0.9393939393939394,0.9393939393939394,0.15714285714285714,0.06060606060606055,0,0,normal,0.9393939393939394
SKAB,5,normal,20,cccc,cccc,cccc,seen,0,cccc->cccc,0.9393939393939394,0.9393939393939394,0.15714285714285714,0.06060606060606055,0,0,normal,0.9393939393939394
SKAB,5,normal,21,cccc,cccc,cccc,seen,0,cccc->cccc,0.9393939393939394,0.9393939393939394,0.15714285714285714,0.06060606060606055,0,0,normal,0.9393939393939394
SKAB,5,normal,22,cccc,cccc,cccc,seen,0,cccc->cccc,0.9393939393939394,0.9393939393939394,0.15714285714285714,0.06060606060606055,0,0,normal,0.9393939393939394
SKAB,5,normal,23,cccc,cccb,cccb,seen,0,cccc->cccb,0.005050505050505051,0.005050505050505051,0.15714285714285714,0.9949494949494949,0,1,anomaly,0.005050505050505051
SKAB,5,normal,24,cccb,ccbc,ccbc,seen,0,cccb->ccbc,0.05263157894736842,0.05263157894736842,0.15714285714285714,0.9473684210526316,0,1,anomaly,0.05263157894736842
SKAB,5,normal,25,ccbc,cbcc,cbcc,seen,0,ccbc->cbcc,0.05405405405405406,0.05405405405405406,0.15714285714285714,0.9459459459459459,0,1,anomaly,0.05405405405405406
SKAB,5,normal,26,cbcc,bccb,bccb,seen,0,cbcc->bccb,0.10526315789473684,0.10526315789473684,0.15714285714285714,0.8947368421052632,0,1,anomaly,0.10526315789473684
SKAB,5,normal,27,bccb,ccbb,ccbb,seen,0,bccb->ccbb,0.14634146341463414,0.14634146341463414,0.15714285714285714,0.8536585365853658,0,1,anomaly,0.14634146341463414
SKAB,5,normal,28,ccbb,cbbb,cbbb,seen,0,ccbb->cbbb,0.14285714285714285,0.14285714285714285,0.15714285714285714,0.8571428571428572,0,1,anomaly,0.14285714285714285
SKAB,5,normal,29,cbbb,bbbc,bbbc,seen,0,cbbb->bbbc,0.06521739130434782,0.06521739130434782,0.15714285714285714,0.9347826086956522,0,1,anomaly,0.06521739130434782
SKAB,5,normal,30,bbbc,bbcb,bbcb,seen,0,bbbc->bbcb,0.17777777777777778,0.17777777777777778,0.15714285714285714,0.8222222222222222,0,0,normal,0.17777777777777778
SKAB,5,normal,31,bbcb,bcbb,bcbb,seen,0,bbcb->bcbb,0.22916666666666666,0.22916666666666666,0.15714285714285714,0.7708333333333334,0,0,normal,0.22916666666666666
SKAB,5,normal,32,bcbb,cbbb,cbbb,seen,0,bcbb->cbbb,0.14893617021276595,0.14893617021276595,0.15714285714285714,0.851063829787234,0,1,anomaly,0.14893617021276595
SKAB,5,normal,33,cbbb,bbbc,bbbc,seen,0,cbbb->bbbc,0.06521739130434782,0.06521739130434782,0.15714285714285714,0.9347826086956522,0,1,anomaly,0.06521739130434782
SKAB,5,normal,34,bbbc,bbcb,bbcb,seen,0,bbbc->bbcb,0.17777777777777778,0.17777777777777778,0.15714285714285714,0.8222222222222222,0,0,normal,0.17777777777777778
SKAB,5,normal,35,bbcb,bcbc,bcbc,seen,0,bbcb->bcbc,0.08333333333333333,0.08333333333333333,0.15714285714285714,0.9166666666666666,0,1,anomaly,0.08333333333333333
SKAB,5,normal,36,bcbc,cbcc,cbcc,seen,0,bcbc->cbcc,0.075,0.075,0.15714285714285714,0.925,0,1,anomaly,0.075
SKAB,5,normal,37,cbcc,bccc,bccc,seen,0,cbcc->bccc,0.02631578947368421,0.02631578947368421,0.15714285714285714,0.9736842105263158,0,1,anomaly,0.02631578947368421
SKAB,5,normal,38,bccc,cccc,cccc,seen,0,bccc->cccc,0.05405405405405406,0.05405405405405406,0.15714285714285714,0.9459459459459459,0,1,anomaly,0.05405405405405406
SKAB,5,normal,39,cccc,cccc,cccc,seen,0,cccc->cccc,0.9393939393939394,0.9393939393939394,0.15714285714285714,0.06060606060606055,0,0,normal,0.9393939393939394
SKAB,5,normal,40,cccc,cccc,cccc,seen,0,cccc->cccc,0.9393939393939394,0.9393939393939394,0.15714285714285714,0.06060606060606055,0,0,normal,0.9393939393939394
SKAB,5,normal,41,cccc,cccb,cccb,seen,0,cccc->cccb,0.005050505050505051,0.005050505050505051,0.15714285714285714,0.9949494949494949,0,1,anomaly,0.005050505050505051
SKAB,5,normal,42,cccb,ccbb,ccbb,seen,0,cccb->ccbb,0.07894736842105263,0.07894736842105263,0.15714285714285714,0.9210526315789473,0,1,anomaly,0.07894736842105263
SKAB,5,normal,43,ccbb,cbbc,cbbc,seen,0,ccbb->cbbc,0.07142857142857142,0.07142857142857142,0.15714285714285714,0.9285714285714286,0,1,anomaly,0.07142857142857142
SKAB,5,normal,44,cbbc,bbcc,bbcc,seen,0,cbbc->bbcc,0.09302325581395349,0.09302325581395349,0.15714285714285714,0.9069767441860466,0,1,anomaly,0.09302325581395349
SKAB,5,normal,45,bbcc,bccc,bccc,seen,0,bbcc->bccc,0.075,0.075,0.15714285714285714,0.925,0,1,anomaly,0.075
SKAB,5,normal,46,bccc,cccc,cccc,seen,0,bccc->cccc,0.05405405405405406,0.05405405405405406,0.15714285714285714,0.9459459459459459,0,1,anomaly,0.05405405405405406
SKAB,5,normal,47,cccc,cccc,cccc,seen,0,cccc->cccc,0.9393939393939394,0.9393939393939394,0.15714285714285714,0.06060606060606055,0,0,normal,0.9393939393939394
SKAB,5,normal,48,cccc,cccc,cccc,seen,0,cccc->cccc,0.9393939393939394,0.9393939393939394,0.15714285714285714,0.06060606060606055,0,0,normal,0.9393939393939394
SKAB,5,normal,49,cccc,cccb,cccb,seen,0,cccc->cccb,0.005050505050505051,0.005050505050505051,0.15714285714285714,0.9949494949494949,0,1,anomaly,0.005050505050505051
SKAB,5,normal,50,cccb,ccbc,ccbc,seen,0,cccb->ccbc,0.05263157894736842,0.05263157894736842,0.15714285714285714,0.9473684210526316,0,1,anomaly,0.05263157894736842
SKAB,5,normal,51,ccbc,cbcc,cbcc,seen,0,ccbc->cbcc,0.05405405405405406,0.05405405405405406,0.15714285714285714,0.9459459459459459,0,1,anomaly,0.05405405405405406
SKAB,5,normal,52,cbcc,bccc,bccc,seen,0,cbcc->bccc,0.02631578947368421,0.02631578947368421,0.15714285714285714,0.9736842105263158,0,1,anomaly,0.02631578947368421
SKAB,5,normal,53,bccc,cccc,cccc,seen,0,bccc->cccc,0.05405405405405406,0.05405405405405406,0.15714285714285714,0.9459459459459459,0,1,anomaly,0.05405405405405406
SKAB,5,normal,54,cccc,cccb,cccb,seen,0,cccc->cccb,0.005050505050505051,0.005050505050505051,0.15714285714285714,0.9949494949494949,1,1,anomaly,0.005050505050505051
SKAB,5,normal,55,cccb,ccbc,ccbc,seen,0,cccb->ccbc,0.05263157894736842,0.05263157894736842,0.15714285714285714,0.9473684210526316,1,1,anomaly,0.05263157894736842
SKAB,5,normal,56,ccbc,cbcc,cbcc,seen,0,ccbc->cbcc,0.05405405405405406,0.05405405405405406,0.15714285714285714,0.9459459459459459,1,1,anomaly,0.05405405405405406
SKAB,5,normal,57,cbcc,bccb,bccb,seen,0,cbcc->bccb,0.10526315789473684,0.10526315789473684,0.15714285714285714,0.8947368421052632,1,1,anomaly,0.10526315789473684
SKAB,5,normal,58,bccb,ccbc,ccbc,seen,0,bccb->ccbc,0.04878048780487805,0.04878048780487805,0.15714285714285714,0.9512195121951219,1,1,anomaly,0.04878048780487805
SKAB,5,normal,59,ccbc,cbcb,cbcb,seen,0,ccbc->cbcb,0.05405405405405406,0.05405405405405406,0.15714285714285714,0.9459459459459459,1,1,anomaly,0.05405405405405406
SKAB,5,normal,60,cbcb,bcbc,bcbc,seen,0,cbcb->bcbc,0.07692307692307693,0.07692307692307693,0.15714285714285714,0.9230769230769231,1,1,anomaly,0.07692307692307693
SKAB,5,normal,61,bcbc,cbcc,cbcc,seen,0,bcbc->cbcc,0.075,0.075,0.15714285714285714,0.925,1,1,anomaly,0.075
SKAB,5,normal,62,cbcc,bccb,bccb,seen,0,cbcc->bccb,0.10526315789473684,0.10526315789473684,0.15714285714285714,0.8947368421052632,1,1,anomaly,0.10526315789473684
SKAB,5,normal,63,bccb,ccbb,ccbb,seen,0,bccb->ccbb,0.14634146341463414,0.14634146341463414,0.15714285714285714,0.8536585365853658,1,1,anomaly,0.14634146341463414
SKAB,5,normal,64,ccbb,cbbc,cbbc,seen,0,ccbb->cbbc,0.07142857142857142,0.07142857142857142,0.15714285714285714,0.9285714285714286,1,1,anomaly,0.07142857142857142
SKAB,5,normal,65,cbbc,bbcb,bbcb,seen,0,cbbc->bbcb,0.13953488372093023,0.13953488372093023,0.15714285714285714,0.8604651162790697,1,1,anomaly,0.13953488372093023
SKAB,5,normal,66,bbcb,bcbb,bcbb,seen,0,bbcb->bcbb,0.22916666666666666,0.22916666666666666,0.15714285714285714,0.7708333333333334,1,0,normal,0.22916666666666666
SKAB,5,normal,67,bcbb,cbbc,cbbc,seen,0,bcbb->cbbc,0.14893617021276595,0.14893617021276595,0.15714285714285714,0.851063829787234,1,1,anomaly,0.14893617021276595
SKAB,5,normal,68,cbbc,bbcb,bbcb,seen,0,cbbc->bbcb,0.13953488372093023,0.13953488372093023,0.15714285714285714,0.8604651162790697,1,1,anomaly,0.13953488372093023
SKAB,5,normal,69,bbcb,bcbb,bcbb,seen,0,bbcb->bcbb,0.22916666666666666,0.22916666666666666,0.15714285714285714,0.7708333333333334,1,0,normal,0.22916666666666666
SKAB,5,normal,70,bcbb,cbbb,cbbb,seen,0,bcbb->cbbb,0.14893617021276595,0.14893617021276595,0.15714285714285714,0.851063829787234,1,1,anomaly,0.14893617021276595
SKAB,5,normal,71,cbbb,bbbb,bbbb,seen,0,cbbb->bbbb,0.21739130434782608,0.21739130434782608,0.15714285714285714,0.782608695652174,1,0,normal,0.21739130434782608
SKAB,5,normal,72,bbbb,bbbb,bbbb,seen,0,bbbb->bbbb,0.7956403269754768,0.7956403269754768,0.15714285714285714,0.20435967302452318,1,0,normal,0.7956403269754768
SKAB,5,normal,73,bbbb,bbbc,bbbc,seen,0,bbbb->bbbc,0.021798365122615803,0.021798365122615803,0.15714285714285714,0.9782016348773842,1,1,anomaly,0.021798365122615803
SKAB,5,normal,74,bbbc,bbcc,bbcc,seen,0,bbbc->bbcc,0.06666666666666667,0.06666666666666667,0.15714285714285714,0.9333333333333333,1,1,anomaly,0.06666666666666667
SKAB,5,normal,75,bbcc,bccc,bccc,seen,0,bbcc->bccc,0.075,0.075,0.15714285714285714,0.925,1,1,anomaly,0.075
SKAB,5,normal,76,bccc,cccc,cccc,seen,0,bccc->cccc,0.05405405405405406,0.05405405405405406,0.15714285714285714,0.9459459459459459,1,1,anomaly,0.05405405405405406
SKAB,5,normal,77,cccc,cccc,cccc,seen,0,cccc->cccc,0.9393939393939394,0.9393939393939394,0.15714285714285714,0.06060606060606055,1,0,normal,0.9393939393939394
SKAB,5,normal,78,cccc,cccb,cccb,seen,0,cccc->cccb,0.005050505050505051,0.005050505050505051,0.15714285714285714,0.9949494949494949,1,1,anomaly,0.005050505050505051
SKAB,5,normal,79,cccb,ccbc,ccbc,seen,0,cccb->ccbc,0.05263157894736842,0.05263157894736842,0.15714285714285714,0.9473684210526316,1,1,anomaly,0.05263157894736842
SKAB,5,normal,80,ccbc,cbcc,cbcc,seen,0,ccbc->cbcc,0.05405405405405406,0.05405405405405406,0.15714285714285714,0.9459459459459459,1,1,anomaly,0.05405405405405406
SKAB,5,normal,81,cbcc,bccb,bccb,seen,0,cbcc->bccb,0.10526315789473684,0.10526315789473684,0.15714285714285714,0.8947368421052632,1,1,anomaly,0.10526315789473684
SKAB,5,normal,82,bccb,ccbb,ccbb,seen,0,bccb->ccbb,0.14634146341463414,0.14634146341463414,0.15714285714285714,0.8536585365853658,1,1,anomaly,0.14634146341463414
SKAB,5,normal,83,ccbb,cbbb,cbbb,seen,0,ccbb->cbbb,0.14285714285714285,0.14285714285714285,0.15714285714285714,0.8571428571428572,1,1,anomaly,0.14285714285714285
SKAB,5,normal,84,cbbb,bbbb,bbbb,seen,0,cbbb->bbbb,0.21739130434782608,0.21739130434782608,0.15714285714285714,0.782608695652174,1,0,normal,0.21739130434782608
SKAB,5,normal,85,bbbb,bbbb,bbbb,seen,0,bbbb->bbbb,0.7956403269754768,0.7956403269754768,0.15714285714285714,0.20435967302452318,1,0,normal,0.7956403269754768
SKAB,5,normal,86,bbbb,bbbc,bbbc,seen,0,bbbb->bbbc,0.021798365122615803,0.021798365122615803,0.15714285714285714,0.9782016348773842,1,1,anomaly,0.021798365122615803
SKAB,5,normal,87,bbbc,bbcb,bbcb,seen,0,bbbc->bbcb,0.17777777777777778,0.17777777777777778,0.15714285714285714,0.8222222222222222,1,0,normal,0.17777777777777778
SKAB,5,normal,88,bbcb,bcbb,bcbb,seen,0,bbcb->bcbb,0.22916666666666666,0.22916666666666666,0.15714285714285714,0.7708333333333334,1,0,normal,0.22916666666666666
SKAB,5,normal,89,bcbb,cbbc,cbbc,seen,0,bcbb->cbbc,0.14893617021276595,0.14893617021276595,0.15714285714285714,0.851063829787234,1,1,anomaly,0.14893617021276595
SKAB,5,normal,90,cbbc,bbcb,bbcb,seen,0,cbbc->bbcb,0.13953488372093023,0.13953488372093023,0.15714285714285714,0.8604651162790697,1,1,anomaly,0.13953488372093023
SKAB,5,normal,91,bbcb,bcbc,bcbc,seen,0,bbcb->bcbc,0.08333333333333333,0.08333333333333333,0.15714285714285714,0.9166666666666666,1,1,anomaly,0.08333333333333333
SKAB,5,normal,92,bcbc,cbcc,cbcc,seen,0,bcbc->cbcc,0.075,0.075,0.15714285714285714,0.925,1,1,anomaly,0.075
SKAB,5,normal,93,cbcc,bccb,bccb,seen,0,cbcc->bccb,0.10526315789473684,0.10526315789473684,0.15714285714285714,0.8947368421052632,1,1,anomaly,0.10526315789473684
SKAB,5,normal,94,bccb,ccbb,ccbb,seen,0,bccb->ccbb,0.14634146341463414,0.14634146341463414,0.15714285714285714,0.8536585365853658,1,1,anomaly,0.14634146341463414
SKAB,5,normal,95,ccbb,cbbc,cbbc,seen,0,ccbb->cbbc,0.07142857142857142,0.07142857142857142,0.15714285714285714,0.9285714285714286,1,1,anomaly,0.07142857142857142
SKAB,5,normal,96,cbbc,bbcb,bbcb,seen,0,cbbc->bbcb,0.13953488372093023,0.13953488372093023,0.15714285714285714,0.8604651162790697,1,1,anomaly,0.13953488372093023
SKAB,5,normal,97,bbcb,bcbb,bcbb,seen,0,bbcb->bcbb,0.22916666666666666,0.22916666666666666,0.15714285714285714,0.7708333333333334,1,0,normal,0.22916666666666666
SKAB,5,normal,98,bcbb,cbbb,cbbb,seen,0,bcbb->cbbb,0.14893617021276595,0.14893617021276595,0.15714285714285714,0.851063829787234,0,1,anomaly,0.14893617021276595
SKAB,5,normal,99,cbbb,bbbb,bbbb,seen,0,cbbb->bbbb,0.21739130434782608,0.21739130434782608,0.15714285714285714,0.782608695652174,0,0,normal,0.21739130434782608
SKAB,5,normal,100,bbbb,bbbc,bbbc,seen,0,bbbb->bbbc,0.021798365122615803,0.021798365122615803,0.15714285714285714,0.9782016348773842,0,1,anomaly,0.021798365122615803
SKAB,5,normal,101,bbbc,bbcb,bbcb,seen,0,bbbc->bbcb,0.17777777777777778,0.17777777777777778,0.15714285714285714,0.8222222222222222,0,0,normal,0.17777777777777778
SKAB,5,normal,102,bbcb,bcbc,bcbc,seen,0,bbcb->bcbc,0.08333333333333333,0.08333333333333333,0.15714285714285714,0.9166666666666666,0,1,anomaly,0.08333333333333333
SKAB,5,normal,103,bcbc,cbcc,cbcc,seen,0,bcbc->cbcc,0.075,0.075,0.15714285714285714,0.925,0,1,anomaly,0.075
SKAB,5,normal,104,cbcc,bccc,bccc,seen,0,cbcc->bccc,0.02631578947368421,0.02631578947368421,0.15714285714285714,0.9736842105263158,0,1,anomaly,0.02631578947368421
SKAB,5,normal,105,bccc,cccc,cccc,seen,0,bccc->cccc,0.05405405405405406,0.05405405405405406,0.15714285714285714,0.9459459459459459,0,1,anomaly,0.05405405405405406
SKAB,5,normal,106,cccc,cccc,cccc,seen,0,cccc->cccc,0.9393939393939394,0.9393939393939394,0.15714285714285714,0.06060606060606055,0,0,normal,0.9393939393939394
SKAB,5,normal,107,cccc,cccc,cccc,seen,0,cccc->cccc,0.9393939393939394,0.9393939393939394,0.15714285714285714,0.06060606060606055,0,0,normal,0.9393939393939394
SKAB,5,normal,108,cccc,cccb,cccb,seen,0,cccc->cccb,0.005050505050505051,0.005050505050505051,0.15714285714285714,0.9949494949494949,0,1,anomaly,0.005050505050505051
SKAB,5,normal,109,cccb,ccbc,ccbc,seen,0,cccb->ccbc,0.05263157894736842,0.05263157894736842,0.15714285714285714,0.9473684210526316,0,1,anomaly,0.05263157894736842
SKAB,5,normal,110,ccbc,cbcb,cbcb,seen,0,ccbc->cbcb,0.05405405405405406,0.05405405405405406,0.15714285714285714,0.9459459459459459,0,1,anomaly,0.05405405405405406
SKAB,5,normal,111,cbcb,bcbc,bcbc,seen,0,cbcb->bcbc,0.07692307692307693,0.07692307692307693,0.15714285714285714,0.9230769230769231,0,1,anomaly,0.07692307692307693
SKAB,5,normal,112,bcbc,cbcc,cbcc,seen,0,bcbc->cbcc,0.075,0.075,0.15714285714285714,0.925,0,1,anomaly,0.075
SKAB,5,normal,113,cbcc,bccb,bccb,seen,0,cbcc->bccb,0.10526315789473684,0.10526315789473684,0.15714285714285714,0.8947368421052632,0,1,anomaly,0.10526315789473684
SKAB,5,normal,114,bccb,ccbb,ccbb,seen,0,bccb->ccbb,0.14634146341463414,0.14634146341463414,0.15714285714285714,0.8536585365853658,0,1,anomaly,0.14634146341463414
SKAB,5,normal,115,ccbb,cbbb,cbbb,seen,0,ccbb->cbbb,0.14285714285714285,0.14285714285714285,0.15714285714285714,0.8571428571428572,0,1,anomaly,0.14285714285714285
SKAB,5,normal,116,cbbb,bbbb,bbbb,seen,0,cbbb->bbbb,0.21739130434782608,0.21739130434782608,0.15714285714285714,0.782608695652174,0,0,normal,0.21739130434782608
SKAB,5,normal,117,bbbb,bbbb,bbbb,seen,0,bbbb->bbbb,0.7956403269754768,0.7956403269754768,0.15714285714285714,0.20435967302452318,0,0,normal,0.7956403269754768
SKAB,5,normal,118,bbbb,bbbb,bbbb,seen,0,bbbb->bbbb,0.7956403269754768,0.7956403269754768,0.15714285714285714,0.20435967302452318,0,0,normal,0.7956403269754768
SKAB,5,normal,119,bbbb,bbbb,bbbb,seen,0,bbbb->bbbb,0.7956403269754768,0.7956403269754768,0.15714285714285714,0.20435967302452318,0,0,normal,0.7956403269754768
SKAB,5,normal,120,bbbb,bbbc,bbbc,seen,0,bbbb->bbbc,0.021798365122615803,0.021798365122615803,0.15714285714285714,0.9782016348773842,0,1,anomaly,0.021798365122615803
SKAB,5,normal,121,bbbc,bbcb,bbcb,seen,0,bbbc->bbcb,0.17777777777777778,0.17777777777777778,0.15714285714285714,0.8222222222222222,0,0,normal,0.17777777777777778
SKAB,5,normal,122,bbcb,bcbc,bcbc,seen,0,bbcb->bcbc,0.08333333333333333,0.08333333333333333,0.15714285714285714,0.9166666666666666,0,1,anomaly,0.08333333333333333
SKAB,5,normal,123,bcbc,cbcb,cbcb,seen,0,bcbc->cbcb,0.1,0.1,0.15714285714285714,0.9,0,1,anomaly,0.1
SKAB,5,normal,124,cbcb,bcbb,bcbb,seen,0,cbcb->bcbb,0.07692307692307693,0.07692307692307693,0.15714285714285714,0.9230769230769231,0,1,anomaly,0.07692307692307693
SKAB,5,normal,125,bcbb,cbbc,cbbc,seen,0,bcbb->cbbc,0.14893617021276595,0.14893617021276595,0.15714285714285714,0.851063829787234,0,1,anomaly,0.14893617021276595
SKAB,5,normal,126,cbbc,bbcb,bbcb,seen,0,cbbc->bbcb,0.13953488372093023,0.13953488372093023,0.15714285714285714,0.8604651162790697,0,1,anomaly,0.13953488372093023
SKAB,5,normal,127,bbcb,bcbc,bcbc,seen,0,bbcb->bcbc,0.08333333333333333,0.08333333333333333,0.15714285714285714,0.9166666666666666,0,1,anomaly,0.08333333333333333
SKAB,5,normal,128,bcbc,cbcb,cbcb,seen,0,bcbc->cbcb,0.1,0.1,0.15714285714285714,0.9,0,1,anomaly,0.1
SKAB,5,normal,129,cbcb,bcbc,bcbc,seen,0,cbcb->bcbc,0.07692307692307693,0.07692307692307693,0.15714285714285714,0.9230769230769231,0,1,anomaly,0.07692307692307693
SKAB,5,normal,130,bcbc,cbcb,cbcb,seen,0,bcbc->cbcb,0.1,0.1,0.15714285714285714,0.9,0,1,anomaly,0.1
SKAB,5,normal,131,cbcb,bcbb,bcbb,seen,0,cbcb->bcbb,0.07692307692307693,0.07692307692307693,0.15714285714285714,0.9230769230769231,0,1,anomaly,0.07692307692307693
SKAB,5,normal,132,bcbb,cbbc,cbbc,seen,0,bcbb->cbbc,0.14893617021276595,0.14893617021276595,0.15714285714285714,0.851063829787234,0,1,anomaly,0.14893617021276595
SKAB,5,normal,133,cbbc,bbcc,bbcc,seen,0,cbbc->bbcc,0.09302325581395349,0.09302325581395349,0.15714285714285714,0.9069767441860466,0,1,anomaly,0.09302325581395349
SKAB,5,normal,134,bbcc,bccc,bccc,seen,0,bbcc->bccc,0.075,0.075,0.15714285714285714,0.925,0,1,anomaly,0.075
SKAB,5,normal,135,bccc,cccc,cccc,seen,0,bccc->cccc,0.05405405405405406,0.05405405405405406,0.15714285714285714,0.9459459459459459,0,1,anomaly,0.05405405405405406
SKAB,5,normal,136,cccc,cccc,cccc,seen,0,cccc->cccc,0.9393939393939394,0.9393939393939394,0.15714285714285714,0.06060606060606055,0,0,normal,0.9393939393939394
SKAB,5,normal,137,cccc,cccc,cccc,seen,0,cccc->cccc,0.9393939393939394,0.9393939393939394,0.15714285714285714,0.06060606060606055,0,0,normal,0.9393939393939394
SKAB,5,normal,138,cccc,cccc,cccc,seen,0,cccc->cccc,0.9393939393939394,0.9393939393939394,0.15714285714285714,0.06060606060606055,0,0,normal,0.9393939393939394
SKAB,5,normal,139,cccc,cccb,cccb,seen,0,cccc->cccb,0.005050505050505051,0.005050505050505051,0.15714285714285714,0.9949494949494949,0,1,anomaly,0.005050505050505051
SKAB,5,normal,140,cccb,ccbc,ccbc,seen,0,cccb->ccbc,0.05263157894736842,0.05263157894736842,0.15714285714285714,0.9473684210526316,0,1,anomaly,0.05263157894736842
SKAB,5,normal,141,ccbc,cbcb,cbcb,seen,0,ccbc->cbcb,0.05405405405405406,0.05405405405405406,0.15714285714285714,0.9459459459459459,0,1,anomaly,0.05405405405405406
SKAB,5,normal,142,cbcb,bcbb,bcbb,seen,0,cbcb->bcbb,0.07692307692307693,0.07692307692307693,0.15714285714285714,0.9230769230769231,0,1,anomaly,0.07692307692307693
SKAB,5,normal,143,bcbb,cbbc,cbbc,seen,0,bcbb->cbbc,0.14893617021276595,0.14893617021276595,0.15714285714285714,0.851063829787234,0,1,anomaly,0.14893617021276595
SKAB,5,normal,144,cbbc,bbcb,bbcb,seen,0,cbbc->bbcb,0.13953488372093023,0.13953488372093023,0.15714285714285714,0.8604651162790697,0,1,anomaly,0.13953488372093023
SKAB,5,normal,145,bbcb,bcbb,bcbb,seen,0,bbcb->bcbb,0.22916666666666666,0.22916666666666666,0.15714285714285714,0.7708333333333334,0,0,normal,0.22916666666666666
SKAB,5,normal,146,bcbb,cbbc,cbbc,seen,0,bcbb->cbbc,0.14893617021276595,0.14893617021276595,0.15714285714285714,0.851063829787234,0,1,anomaly,0.14893617021276595
SKAB,5,normal,147,cbbc,bbcc,bbcc,seen,0,cbbc->bbcc,0.09302325581395349,0.09302325581395349,0.15714285714285714,0.9069767441860466,0,1,anomaly,0.09302325581395349
SKAB,5,normal,148,bbcc,bccc,bccc,seen,0,bbcc->bccc,0.075,0.075,0.15714285714285714,0.925,0,1,anomaly,0.075
SKAB,5,normal,149,bccc,cccb,cccb,seen,0,bccc->cccb,0.05405405405405406,0.05405405405405406,0.15714285714285714,0.9459459459459459,0,1,anomaly,0.05405405405405406
SKAB,5,normal,150,cccb,ccbc,ccbc,seen,0,cccb->ccbc,0.05263157894736842,0.05263157894736842,0.15714285714285714,0.9473684210526316,0,1,anomaly,0.05263157894736842
SKAB,5,normal,151,ccbc,cbcc,cbcc,seen,0,ccbc->cbcc,0.05405405405405406,0.05405405405405406,0.15714285714285714,0.9459459459459459,0,1,anomaly,0.05405405405405406
SKAB,5,normal,152,cbcc,bccc,bccc,seen,0,cbcc->bccc,0.02631578947368421,0.02631578947368421,0.15714285714285714,0.9736842105263158,0,1,anomaly,0.02631578947368421
SKAB,5,normal,153,bccc,cccc,cccc,seen,0,bccc->cccc,0.05405405405405406,0.05405405405405406,0.15714285714285714,0.9459459459459459,0,1,anomaly,0.05405405405405406
SKAB,5,normal,154,cccc,cccb,cccb,seen,0,cccc->cccb,0.005050505050505051,0.005050505050505051,0.15714285714285714,0.9949494949494949,0,1,anomaly,0.005050505050505051
SKAB,5,normal,155,cccb,ccbb,ccbb,seen,0,cccb->ccbb,0.07894736842105263,0.07894736842105263,0.15714285714285714,0.9210526315789473,0,1,anomaly,0.07894736842105263
SKAB,5,normal,156,ccbb,cbbc,cbbc,seen,0,ccbb->cbbc,0.07142857142857142,0.07142857142857142,0.15714285714285714,0.9285714285714286,0,1,anomaly,0.07142857142857142
SKAB,5,normal,157,cbbc,bbcb,bbcb,seen,0,cbbc->bbcb,0.13953488372093023,0.13953488372093023,0.15714285714285714,0.8604651162790697,0,1,anomaly,0.13953488372093023
SKAB,5,normal,158,bbcb,bcbc,bcbc,seen,0,bbcb->bcbc,0.08333333333333333,0.08333333333333333,0.15714285714285714,0.9166666666666666,0,1,anomaly,0.08333333333333333
SKAB,5,normal,159,bcbc,cbcc,cbcc,seen,0,bcbc->cbcc,0.075,0.075,0.15714285714285714,0.925,0,1,anomaly,0.075
SKAB,5,normal,160,cbcc,bccc,bccc,seen,0,cbcc->bccc,0.02631578947368421,0.02631578947368421,0.15714285714285714,0.9736842105263158,0,1,anomaly,0.02631578947368421
SKAB,5,normal,161,bccc,cccc,cccc,seen,0,bccc->cccc,0.05405405405405406,0.05405405405405406,0.15714285714285714,0.9459459459459459,0,1,anomaly,0.05405405405405406
SKAB,5,normal,162,cccc,cccc,cccc,seen,0,cccc->cccc,0.9393939393939394,0.9393939393939394,0.15714285714285714,0.06060606060606055,0,0,normal,0.9393939393939394
SKAB,5,normal,163,cccc,cccc,cccc,seen,0,cccc->cccc,0.9393939393939394,0.9393939393939394,0.15714285714285714,0.06060606060606055,0,0,normal,0.9393939393939394
SKAB,5,normal,164,cccc,cccc,cccc,seen,0,cccc->cccc,0.9393939393939394,0.9393939393939394,0.15714285714285714,0.06060606060606055,0,0,normal,0.9393939393939394
SKAB,5,normal,165,cccc,cccb,cccb,seen,0,cccc->cccb,0.005050505050505051,0.005050505050505051,0.15714285714285714,0.9949494949494949,0,1,anomaly,0.005050505050505051
SKAB,5,normal,166,cccb,ccbb,ccbb,seen,0,cccb->ccbb,0.07894736842105263,0.07894736842105263,0.15714285714285714,0.9210526315789473,0,1,anomaly,0.07894736842105263
SKAB,5,normal,167,ccbb,cbbb,cbbb,seen,0,ccbb->cbbb,0.14285714285714285,0.14285714285714285,0.15714285714285714,0.8571428571428572,0,1,anomaly,0.14285714285714285
SKAB,5,normal,168,cbbb,bbbb,bbbb,seen,0,cbbb->bbbb,0.21739130434782608,0.21739130434782608,0.15714285714285714,0.782608695652174,0,0,normal,0.21739130434782608
SKAB,5,normal,169,bbbb,bbbb,bbbb,seen,0,bbbb->bbbb,0.7956403269754768,0.7956403269754768,0.15714285714285714,0.20435967302452318,0,0,normal,0.7956403269754768
SKAB,5,normal,170,bbbb,bbbb,bbbb,seen,0,bbbb->bbbb,0.7956403269754768,0.7956403269754768,0.15714285714285714,0.20435967302452318,1,0,normal,0.7956403269754768
SKAB,5,normal,171,bbbb,bbbb,bbbb,seen,0,bbbb->bbbb,0.7956403269754768,0.7956403269754768,0.15714285714285714,0.20435967302452318,1,0,normal,0.7956403269754768
SKAB,5,normal,172,bbbb,bbbb,bbbb,seen,0,bbbb->bbbb,0.7956403269754768,0.7956403269754768,0.15714285714285714,0.20435967302452318,1,0,normal,0.7956403269754768
SKAB,5,normal,173,bbbb,bbbc,bbbc,seen,0,bbbb->bbbc,0.021798365122615803,0.021798365122615803,0.15714285714285714,0.9782016348773842,1,1,anomaly,0.021798365122615803
SKAB,5,normal,174,bbbc,bbcb,bbcb,seen,0,bbbc->bbcb,0.17777777777777778,0.17777777777777778,0.15714285714285714,0.8222222222222222,1,0,normal,0.17777777777777778
SKAB,5,normal,175,bbcb,bcbb,bcbb,seen,0,bbcb->bcbb,0.22916666666666666,0.22916666666666666,0.15714285714285714,0.7708333333333334,1,0,normal,0.22916666666666666
SKAB,5,normal,176,bcbb,cbbb,cbbb,seen,0,bcbb->cbbb,0.14893617021276595,0.14893617021276595,0.15714285714285714,0.851063829787234,1,1,anomaly,0.14893617021276595
SKAB,5,normal,177,cbbb,bbbb,bbbb,seen,0,cbbb->bbbb,0.21739130434782608,0.21739130434782608,0.15714285714285714,0.782608695652174,1,0,normal,0.21739130434782608
SKAB,5,normal,178,bbbb,bbbb,bbbb,seen,0,bbbb->bbbb,0.7956403269754768,0.7956403269754768,0.15714285714285714,0.20435967302452318,1,0,normal,0.7956403269754768
SKAB,5,normal,179,bbbb,bbbb,bbbb,seen,0,bbbb->bbbb,0.7956403269754768,0.7956403269754768,0.15714285714285714,0.20435967302452318,1,0,normal,0.7956403269754768
SKAB,5,normal,180,bbbb,bbbb,bbbb,seen,0,bbbb->bbbb,0.7956403269754768,0.7956403269754768,0.15714285714285714,0.20435967302452318,1,0,normal,0.7956403269754768
SKAB,5,normal,181,bbbb,bbbb,bbbb,seen,0,bbbb->bbbb,0.7956403269754768,0.7956403269754768,0.15714285714285714,0.20435967302452318,1,0,normal,0.7956403269754768
SKAB,5,normal,182,bbbb,bbbb,bbbb,seen,0,bbbb->bbbb,0.7956403269754768,0.7956403269754768,0.15714285714285714,0.20435967302452318,1,0,normal,0.7956403269754768
SKAB,5,normal,183,bbbb,bbbc,bbbc,seen,0,bbbb->bbbc,0.021798365122615803,0.021798365122615803,0.15714285714285714,0.9782016348773842,1,1,anomaly,0.021798365122615803
SKAB,5,normal,184,bbbc,bbcb,bbcb,seen,0,bbbc->bbcb,0.17777777777777778,0.17777777777777778,0.15714285714285714,0.8222222222222222,1,0,normal,0.17777777777777778
SKAB,5,normal,185,bbcb,bcbb,bcbb,seen,0,bbcb->bcbb,0.22916666666666666,0.22916666666666666,0.15714285714285714,0.7708333333333334,1,0,normal,0.22916666666666666
SKAB,5,normal,186,bcbb,cbbb,cbbb,seen,0,bcbb->cbbb,0.14893617021276595,0.14893617021276595,0.15714285714285714,0.851063829787234,1,1,anomaly,0.14893617021276595
SKAB,5,normal,187,cbbb,bbbb,bbbb,seen,0,cbbb->bbbb,0.21739130434782608,0.21739130434782608,0.15714285714285714,0.782608695652174,1,0,normal,0.21739130434782608
SKAB,5,normal,188,bbbb,bbbb,bbbb,seen,0,bbbb->bbbb,0.7956403269754768,0.7956403269754768,0.15714285714285714,0.20435967302452318,1,0,normal,0.7956403269754768
SKAB,5,normal,189,bbbb,bbbb,bbbb,seen,0,bbbb->bbbb,0.7956403269754768,0.7956403269754768,0.15714285714285714,0.20435967302452318,1,0,normal,0.7956403269754768
SKAB,5,normal,190,bbbb,bbbb,bbbb,seen,0,bbbb->bbbb,0.7956403269754768,0.7956403269754768,0.15714285714285714,0.20435967302452318,1,0,normal,0.7956403269754768
SKAB,5,normal,191,bbbb,bbbb,bbbb,seen,0,bbbb->bbbb,0.7956403269754768,0.7956403269754768,0.15714285714285714,0.20435967302452318,1,0,normal,0.7956403269754768
SKAB,5,normal,192,bbbb,bbbc,bbbc,seen,0,bbbb->bbbc,0.021798365122615803,0.021798365122615803,0.15714285714285714,0.9782016348773842,1,1,anomaly,0.021798365122615803
SKAB,5,normal,193,bbbc,bbcc,bbcc,seen,0,bbbc->bbcc,0.06666666666666667,0.06666666666666667,0.15714285714285714,0.9333333333333333,1,1,anomaly,0.06666666666666667
SKAB,5,normal,194,bbcc,bccb,bccb,seen,0,bbcc->bccb,0.1,0.1,0.15714285714285714,0.9,1,1,anomaly,0.1
SKAB,5,normal,195,bccb,ccbb,ccbb,seen,0,bccb->ccbb,0.14634146341463414,0.14634146341463414,0.15714285714285714,0.8536585365853658,1,1,anomaly,0.14634146341463414
SKAB,5,normal,196,ccbb,cbbb,cbbb,seen,0,ccbb->cbbb,0.14285714285714285,0.14285714285714285,0.15714285714285714,0.8571428571428572,1,1,anomaly,0.14285714285714285
SKAB,5,normal,197,cbbb,bbbb,bbbb,seen,0,cbbb->bbbb,0.21739130434782608,0.21739130434782608,0.15714285714285714,0.782608695652174,1,0,normal,0.21739130434782608
SKAB,5,normal,198,bbbb,bbbb,bbbb,seen,0,bbbb->bbbb,0.7956403269754768,0.7956403269754768,0.15714285714285714,0.20435967302452318,1,0,normal,0.7956403269754768
SKAB,5,normal,199,bbbb,bbbb,bbbb,seen,0,bbbb->bbbb,0.7956403269754768,0.7956403269754768,0.15714285714285714,0.20435967302452318,1,0,normal,0.7956403269754768
SKAB,5,normal,200,bbbb,bbbb,bbbb,seen,0,bbbb->bbbb,0.7956403269754768,0.7956403269754768,0.15714285714285714,0.20435967302452318,1,0,normal,0.7956403269754768
SKAB,5,normal,201,bbbb,bbbb,bbbb,seen,0,bbbb->bbbb,0.7956403269754768,0.7956403269754768,0.15714285714285714,0.20435967302452318,1,0,normal,0.7956403269754768
SKAB,5,normal,202,bbbb,bbbb,bbbb,seen,0,bbbb->bbbb,0.7956403269754768,0.7956403269754768,0.15714285714285714,0.20435967302452318,1,0,normal,0.7956403269754768
SKAB,5,normal,203,bbbb,bbbb,bbbb,seen,0,bbbb->bbbb,0.7956403269754768,0.7956403269754768,0.15714285714285714,0.20435967302452318,1,0,normal,0.7956403269754768
SKAB,5,normal,204,bbbb,bbbb,bbbb,seen,0,bbbb->bbbb,0.7956403269754768,0.7956403269754768,0.15714285714285714,0.20435967302452318,1,0,normal,0.7956403269754768
SKAB,5,normal,205,bbbb,bbbc,bbbc,seen,0,bbbb->bbbc,0.021798365122615803,0.021798365122615803,0.15714285714285714,0.9782016348773842,1,1,anomaly,0.021798365122615803
SKAB,5,normal,206,bbbc,bbcb,bbcb,seen,0,bbbc->bbcb,0.17777777777777778,0.17777777777777778,0.15714285714285714,0.8222222222222222,1,0,normal,0.17777777777777778
SKAB,5,normal,207,bbcb,bcbb,bcbb,seen,0,bbcb->bcbb,0.22916666666666666,0.22916666666666666,0.15714285714285714,0.7708333333333334,1,0,normal,0.22916666666666666
SKAB,5,normal,208,bcbb,cbbc,cbbc,seen,0,bcbb->cbbc,0.14893617021276595,0.14893617021276595,0.15714285714285714,0.851063829787234,1,1,anomaly,0.14893617021276595
SKAB,5,normal,209,cbbc,bbcb,bbcb,seen,0,cbbc->bbcb,0.13953488372093023,0.13953488372093023,0.15714285714285714,0.8604651162790697,1,1,anomaly,0.13953488372093023
SKAB,5,normal,210,bbcb,bcbc,bcbc,seen,0,bbcb->bcbc,0.08333333333333333,0.08333333333333333,0.15714285714285714,0.9166666666666666,1,1,anomaly,0.08333333333333333
SKAB,5,normal,211,bcbc,cbcc,cbcc,seen,0,bcbc->cbcc,0.075,0.075,0.15714285714285714,0.925,1,1,anomaly,0.075
SKAB,5,normal,212,cbcc,bccc,bccc,seen,0,cbcc->bccc,0.02631578947368421,0.02631578947368421,0.15714285714285714,0.9736842105263158,1,1,anomaly,0.02631578947368421
SKAB,5,normal,213,bccc,cccc,cccc,seen,0,bccc->cccc,0.05405405405405406,0.05405405405405406,0.15714285714285714,0.9459459459459459,1,1,anomaly,0.05405405405405406
SKAB,5,normal,214,cccc,cccc,cccc,seen,0,cccc->cccc,0.9393939393939394,0.9393939393939394,0.15714285714285714,0.06060606060606055,0,0,normal,0.9393939393939394
SKAB,5,normal,215,cccc,cccc,cccc,seen,0,cccc->cccc,0.9393939393939394,0.9393939393939394,0.15714285714285714,0.06060606060606055,0,0,normal,0.9393939393939394
SKAB,5,normal,216,cccc,cccc,cccc,seen,0,cccc->cccc,0.9393939393939394,0.9393939393939394,0.15714285714285714,0.06060606060606055,0,0,normal,0.9393939393939394
SKAB,5,normal,217,cccc,cccc,cccc,seen,0,cccc->cccc,0.9393939393939394,0.9393939393939394,0.15714285714285714,0.06060606060606055,0,0,normal,0.9393939393939394
SKAB,5,normal,218,cccc,cccb,cccb,seen,0,cccc->cccb,0.005050505050505051,0.005050505050505051,0.15714285714285714,0.9949494949494949,0,1,anomaly,0.005050505050505051
SKAB,5,normal,219,cccb,ccbb,ccbb,seen,0,cccb->ccbb,0.07894736842105263,0.07894736842105263,0.15714285714285714,0.9210526315789473,0,1,anomaly,0.07894736842105263
SKAB,5,normal,220,ccbb,cbbc,cbbc,seen,0,ccbb->cbbc,0.07142857142857142,0.07142857142857142,0.15714285714285714,0.9285714285714286,0,1,anomaly,0.07142857142857142
SKAB,5,normal,221,cbbc,bbcc,bbcc,seen,0,cbbc->bbcc,0.09302325581395349,0.09302325581395349,0.15714285714285714,0.9069767441860466,0,1,anomaly,0.09302325581395349
SKAB,5,normal,222,bbcc,bccc,bccc,seen,0,bbcc->bccc,0.075,0.075,0.15714285714285714,0.925,0,1,anomaly,0.075
SKAB,5,normal,223,bccc,cccc,cccc,seen,0,bccc->cccc,0.05405405405405406,0.05405405405405406,0.15714285714285714,0.9459459459459459,0,1,anomaly,0.05405405405405406
SKAB,5,normal,224,cccc,cccc,cccc,seen,0,cccc->cccc,0.9393939393939394,0.9393939393939394,0.15714285714285714,0.06060606060606055,0,0,normal,0.9393939393939394
SKAB,5,normal,225,cccc,cccc,cccc,seen,0,cccc->cccc,0.9393939393939394,0.9393939393939394,0.15714285714285714,0.06060606060606055,0,0,normal,0.9393939393939394
SKAB,5,normal,226,cccc,cccc,cccc,seen,0,cccc->cccc,0.9393939393939394,0.9393939393939394,0.15714285714285714,0.06060606060606055,0,0,normal,0.9393939393939394
SKAB,5,normal,227,cccc,cccc,cccc,seen,0,cccc->cccc,0.9393939393939394,0.9393939393939394,0.15714285714285714,0.06060606060606055,0,0,normal,0.9393939393939394
SKAB,5,normal,228,cccc,cccc,cccc,seen,0,cccc->cccc,0.9393939393939394,0.9393939393939394,0.15714285714285714,0.06060606060606055,0,0,normal,0.9393939393939394
SKAB,5,normal,229,cccc,cccc,cccc,seen,0,cccc->cccc,0.9393939393939394,0.9393939393939394,0.15714285714285714,0.06060606060606055,0,0,normal,0.9393939393939394
SKAB,5,normal,230,cccc,cccc,cccc,seen,0,cccc->cccc,0.9393939393939394,0.9393939393939394,0.15714285714285714,0.06060606060606055,0,0,normal,0.9393939393939394
SKAB,5,normal,231,cccc,cccc,cccc,seen,0,cccc->cccc,0.9393939393939394,0.9393939393939394,0.15714285714285714,0.06060606060606055,0,0,normal,0.9393939393939394
SKAB,5,normal,232,cccc,cccc,cccc,seen,0,cccc->cccc,0.9393939393939394,0.9393939393939394,0.15714285714285714,0.06060606060606055,0,0,normal,0.9393939393939394
SKAB,5,normal,233,cccc,cccc,cccc,seen,0,cccc->cccc,0.9393939393939394,0.9393939393939394,0.15714285714285714,0.06060606060606055,0,0,normal,0.9393939393939394
SKAB,5,normal,234,cccc,cccc,cccc,seen,0,cccc->cccc,0.9393939393939394,0.9393939393939394,0.15714285714285714,0.06060606060606055,0,0,normal,0.9393939393939394
SKAB,5,normal,235,cccc,cccc,cccc,seen,0,cccc->cccc,0.9393939393939394,0.9393939393939394,0.15714285714285714,0.06060606060606055,0,0,normal,0.9393939393939394
SKAB,5,normal,236,cccc,cccc,cccc,seen,0,cccc->cccc,0.9393939393939394,0.9393939393939394,0.15714285714285714,0.06060606060606055,0,0,normal,0.9393939393939394
SKAB,5,normal,237,cccc,cccc,cccc,seen,0,cccc->cccc,0.9393939393939394,0.9393939393939394,0.15714285714285714,0.06060606060606055,0,0,normal,0.9393939393939394
SKAB,5,normal,238,cccc,cccc,cccc,seen,0,cccc->cccc,0.9393939393939394,0.9393939393939394,0.15714285714285714,0.06060606060606055,0,0,normal,0.9393939393939394
SKAB,5,normal,239,cccc,cccc,cccc,seen,0,cccc->cccc,0.9393939393939394,0.9393939393939394,0.15714285714285714,0.06060606060606055,0,0,normal,0.9393939393939394
SKAB,5,normal,240,cccc,cccc,cccc,seen,0,cccc->cccc,0.9393939393939394,0.9393939393939394,0.15714285714285714,0.06060606060606055,0,0,normal,0.9393939393939394
SKAB,5,normal,241,cccc,cccc,cccc,seen,0,cccc->cccc,0.9393939393939394,0.9393939393939394,0.15714285714285714,0.06060606060606055,0,0,normal,0.9393939393939394
SKAB,5,normal,242,cccc,cccc,cccc,seen,0,cccc->cccc,0.9393939393939394,0.9393939393939394,0.15714285714285714,0.06060606060606055,0,0,normal,0.9393939393939394
SKAB,5,normal,243,cccc,cccc,cccc,seen,0,cccc->cccc,0.9393939393939394,0.9393939393939394,0.15714285714285714,0.06060606060606055,0,0,normal,0.9393939393939394
SKAB,5,normal,244,cccc,cccc,cccc,seen,0,cccc->cccc,0.9393939393939394,0.9393939393939394,0.15714285714285714,0.06060606060606055,0,0,normal,0.9393939393939394
SKAB,5,normal,245,cccc,cccc,cccc,seen,0,cccc->cccc,0.9393939393939394,0.9393939393939394,0.15714285714285714,0.06060606060606055,0,0,normal,0.9393939393939394
SKAB,5,normal,246,cccc,cccc,cccc,seen,0,cccc->cccc,0.9393939393939394,0.9393939393939394,0.15714285714285714,0.06060606060606055,0,0,normal,0.9393939393939394
SKAB,5,normal,247,cccc,cccc,cccc,seen,0,cccc->cccc,0.9393939393939394,0.9393939393939394,0.15714285714285714,0.06060606060606055,0,0,normal,0.9393939393939394
SKAB,5,normal,248,cccc,cccc,cccc,seen,0,cccc->cccc,0.9393939393939394,0.9393939393939394,0.15714285714285714,0.06060606060606055,0,0,normal,0.9393939393939394
SKAB,5,normal,249,cccc,cccc,cccc,seen,0,cccc->cccc,0.9393939393939394,0.9393939393939394,0.15714285714285714,0.06060606060606055,0,0,normal,0.9393939393939394
SKAB,5,normal,250,cccc,cccc,cccc,seen,0,cccc->cccc,0.9393939393939394,0.9393939393939394,0.15714285714285714,0.06060606060606055,0,0,normal,0.9393939393939394
SKAB,5,normal,251,cccc,cccc,cccc,seen,0,cccc->cccc,0.9393939393939394,0.9393939393939394,0.15714285714285714,0.06060606060606055,0,0,normal,0.9393939393939394
SKAB,5,normal,252,cccc,cccc,cccc,seen,0,cccc->cccc,0.9393939393939394,0.9393939393939394,0.15714285714285714,0.06060606060606055,0,0,normal,0.9393939393939394
SKAB,5,normal,253,cccc,cccc,cccc,seen,0,cccc->cccc,0.9393939393939394,0.9393939393939394,0.15714285714285714,0.06060606060606055,0,0,normal,0.9393939393939394
SKAB,5,normal,254,cccc,cccc,cccc,seen,0,cccc->cccc,0.9393939393939394,0.9393939393939394,0.15714285714285714,0.06060606060606055,0,0,normal,0.9393939393939394
SKAB,5,normal,255,cccc,cccc,cccc,seen,0,cccc->cccc,0.9393939393939394,0.9393939393939394,0.15714285714285714,0.06060606060606055,0,0,normal,0.9393939393939394
SKAB,5,normal,256,cccc,cccc,cccc,seen,0,cccc->cccc,0.9393939393939394,0.9393939393939394,0.15714285714285714,0.06060606060606055,0,0,normal,0.9393939393939394
SKAB,5,normal,257,cccc,cccc,cccc,seen,0,cccc->cccc,0.9393939393939394,0.9393939393939394,0.15714285714285714,0.06060606060606055,0,0,normal,0.9393939393939394
SKAB,5,normal,258,cccc,cccc,cccc,seen,0,cccc->cccc,0.9393939393939394,0.9393939393939394,0.15714285714285714,0.06060606060606055,0,0,normal,0.9393939393939394
SKAB,5,normal,259,cccc,cccc,cccc,seen,0,cccc->cccc,0.9393939393939394,0.9393939393939394,0.15714285714285714,0.06060606060606055,0,0,normal,0.9393939393939394
SKAB,5,normal,260,cccc,cccc,cccc,seen,0,cccc->cccc,0.9393939393939394,0.9393939393939394,0.15714285714285714,0.06060606060606055,0,0,normal,0.9393939393939394
SKAB,5,normal,261,cccc,cccc,cccc,seen,0,cccc->cccc,0.9393939393939394,0.9393939393939394,0.15714285714285714,0.06060606060606055,0,0,normal,0.9393939393939394
SKAB,5,normal,262,cccc,cccc,cccc,seen,0,cccc->cccc,0.9393939393939394,0.9393939393939394,0.15714285714285714,0.06060606060606055,0,0,normal,0.9393939393939394
SKAB,5,normal,263,cccc,cccc,cccc,seen,0,cccc->cccc,0.9393939393939394,0.9393939393939394,0.15714285714285714,0.06060606060606055,0,0,normal,0.9393939393939394
SKAB,5,normal,264,cccc,cccc,cccc,seen,0,cccc->cccc,0.9393939393939394,0.9393939393939394,0.15714285714285714,0.06060606060606055,0,0,normal,0.9393939393939394
SKAB,5,normal,265,cccc,cccc,cccc,seen,0,cccc->cccc,0.9393939393939394,0.9393939393939394,0.15714285714285714,0.06060606060606055,0,0,normal,0.9393939393939394
SKAB,5,normal,266,cccc,cccc,cccc,seen,0,cccc->cccc,0.9393939393939394,0.9393939393939394,0.15714285714285714,0.06060606060606055,0,0,normal,0.9393939393939394
SKAB,5,normal,267,cccc,cccc,cccc,seen,0,cccc->cccc,0.9393939393939394,0.9393939393939394,0.15714285714285714,0.06060606060606055,0,0,normal,0.9393939393939394
SKAB,5,normal,268,cccc,cccc,cccc,seen,0,cccc->cccc,0.9393939393939394,0.9393939393939394,0.15714285714285714,0.06060606060606055,0,0,normal,0.9393939393939394
SKAB,5,normal,269,cccc,cccc,cccc,seen,0,cccc->cccc,0.9393939393939394,0.9393939393939394,0.15714285714285714,0.06060606060606055,0,0,normal,0.9393939393939394
SKAB,5,normal,270,cccc,cccc,cccc,seen,0,cccc->cccc,0.9393939393939394,0.9393939393939394,0.15714285714285714,0.06060606060606055,0,0,normal,0.9393939393939394
SKAB,5,normal,271,cccc,cccc,cccc,seen,0,cccc->cccc,0.9393939393939394,0.9393939393939394,0.15714285714285714,0.06060606060606055,0,0,normal,0.9393939393939394
SKAB,5,normal,272,cccc,cccc,cccc,seen,0,cccc->cccc,0.9393939393939394,0.9393939393939394,0.15714285714285714,0.06060606060606055,0,0,normal,0.9393939393939394
SKAB,5,normal,273,cccc,cccc,cccc,seen,0,cccc->cccc,0.9393939393939394,0.9393939393939394,0.15714285714285714,0.06060606060606055,0,0,normal,0.9393939393939394
SKAB,5,normal,274,cccc,cccc,cccc,seen,0,cccc->cccc,0.9393939393939394,0.9393939393939394,0.15714285714285714,0.06060606060606055,0,0,normal,0.9393939393939394
SKAB,5,normal,275,cccc,cccc,cccc,seen,0,cccc->cccc,0.9393939393939394,0.9393939393939394,0.15714285714285714,0.06060606060606055,0,0,normal,0.9393939393939394
SKAB,5,normal,276,cccc,cccc,cccc,seen,0,cccc->cccc,0.9393939393939394,0.9393939393939394,0.15714285714285714,0.06060606060606055,0,0,normal,0.9393939393939394
SKAB,5,normal,277,cccc,cccc,cccc,seen,0,cccc->cccc,0.9393939393939394,0.9393939393939394,0.15714285714285714,0.06060606060606055,0,0,normal,0.9393939393939394
SKAB,5,normal,278,cccc,cccc,cccc,seen,0,cccc->cccc,0.9393939393939394,0.9393939393939394,0.15714285714285714,0.06060606060606055,0,0,normal,0.9393939393939394
SKAB,5,normal,279,cccc,cccc,cccc,seen,0,cccc->cccc,0.9393939393939394,0.9393939393939394,0.15714285714285714,0.06060606060606055,1,0,normal,0.9393939393939394
SKAB,5,normal,280,cccc,cccc,cccc,seen,0,cccc->cccc,0.9393939393939394,0.9393939393939394,0.15714285714285714,0.06060606060606055,1,0,normal,0.9393939393939394
SKAB,5,normal,281,cccc,cccc,cccc,seen,0,cccc->cccc,0.9393939393939394,0.9393939393939394,0.15714285714285714,0.06060606060606055,1,0,normal,0.9393939393939394
SKAB,5,normal,282,cccc,cccc,cccc,seen,0,cccc->cccc,0.9393939393939394,0.9393939393939394,0.15714285714285714,0.06060606060606055,1,0,normal,0.9393939393939394
SKAB,5,normal,283,cccc,cccc,cccc,seen,0,cccc->cccc,0.9393939393939394,0.9393939393939394,0.15714285714285714,0.06060606060606055,1,0,normal,0.9393939393939394
SKAB,5,normal,284,cccc,cccc,cccc,seen,0,cccc->cccc,0.9393939393939394,0.9393939393939394,0.15714285714285714,0.06060606060606055,1,0,normal,0.9393939393939394
SKAB,5,normal,285,cccc,cccc,cccc,seen,0,cccc->cccc,0.9393939393939394,0.9393939393939394,0.15714285714285714,0.06060606060606055,1,0,normal,0.9393939393939394
SKAB,5,normal,286,cccc,cccc,cccc,seen,0,cccc->cccc,0.9393939393939394,0.9393939393939394,0.15714285714285714,0.06060606060606055,1,0,normal,0.9393939393939394
SKAB,5,normal,287,cccc,cccc,cccc,seen,0,cccc->cccc,0.9393939393939394,0.9393939393939394,0.15714285714285714,0.06060606060606055,1,0,normal,0.9393939393939394
SKAB,5,normal,288,cccc,cccc,cccc,seen,0,cccc->cccc,0.9393939393939394,0.9393939393939394,0.15714285714285714,0.06060606060606055,1,0,normal,0.9393939393939394
SKAB,5,normal,289,cccc,cccc,cccc,seen,0,cccc->cccc,0.9393939393939394,0.9393939393939394,0.15714285714285714,0.06060606060606055,1,0,normal,0.9393939393939394
SKAB,5,normal,290,cccc,cccc,cccc,seen,0,cccc->cccc,0.9393939393939394,0.9393939393939394,0.15714285714285714,0.06060606060606055,1,0,normal,0.9393939393939394
SKAB,5,normal,291,cccc,cccc,cccc,seen,0,cccc->cccc,0.9393939393939394,0.9393939393939394,0.15714285714285714,0.06060606060606055,1,0,normal,0.9393939393939394
SKAB,5,normal,292,cccc,cccc,cccc,seen,0,cccc->cccc,0.9393939393939394,0.9393939393939394,0.15714285714285714,0.06060606060606055,1,0,normal,0.9393939393939394
SKAB,5,normal,293,cccc,cccc,cccc,seen,0,cccc->cccc,0.9393939393939394,0.9393939393939394,0.15714285714285714,0.06060606060606055,1,0,normal,0.9393939393939394
SKAB,5,normal,294,cccc,cccc,cccc,seen,0,cccc->cccc,0.9393939393939394,0.9393939393939394,0.15714285714285714,0.06060606060606055,1,0,normal,0.9393939393939394
SKAB,5,normal,295,cccc,cccc,cccc,seen,0,cccc->cccc,0.9393939393939394,0.9393939393939394,0.15714285714285714,0.06060606060606055,1,0,normal,0.9393939393939394
SKAB,5,normal,296,cccc,cccc,cccc,seen,0,cccc->cccc,0.9393939393939394,0.9393939393939394,0.15714285714285714,0.06060606060606055,1,0,normal,0.9393939393939394
SKAB,5,normal,297,cccc,cccc,cccc,seen,0,cccc->cccc,0.9393939393939394,0.9393939393939394,0.15714285714285714,0.06060606060606055,1,0,normal,0.9393939393939394
SKAB,5,normal,298,cccc,cccc,cccc,seen,0,cccc->cccc,0.9393939393939394,0.9393939393939394,0.15714285714285714,0.06060606060606055,1,0,normal,0.9393939393939394
SKAB,5,normal,299,cccc,cccc,cccc,seen,0,cccc->cccc,0.9393939393939394,0.9393939393939394,0.15714285714285714,0.06060606060606055,1,0,normal,0.9393939393939394
SKAB,5,normal,300,cccc,cccc,cccc,seen,0,cccc->cccc,0.9393939393939394,0.9393939393939394,0.15714285714285714,0.06060606060606055,1,0,normal,0.9393939393939394
SKAB,5,normal,301,cccc,cccc,cccc,seen,0,cccc->cccc,0.9393939393939394,0.9393939393939394,0.15714285714285714,0.06060606060606055,1,0,normal,0.9393939393939394
SKAB,5,normal,302,cccc,cccc,cccc,seen,0,cccc->cccc,0.9393939393939394,0.9393939393939394,0.15714285714285714,0.06060606060606055,1,0,normal,0.9393939393939394
SKAB,5,normal,303,cccc,cccc,cccc,seen,0,cccc->cccc,0.9393939393939394,0.9393939393939394,0.15714285714285714,0.06060606060606055,1,0,normal,0.9393939393939394
SKAB,5,normal,304,cccc,cccc,cccc,seen,0,cccc->cccc,0.9393939393939394,0.9393939393939394,0.15714285714285714,0.06060606060606055,1,0,normal,0.9393939393939394
SKAB,5,normal,305,cccc,cccc,cccc,seen,0,cccc->cccc,0.9393939393939394,0.9393939393939394,0.15714285714285714,0.06060606060606055,1,0,normal,0.9393939393939394
SKAB,5,normal,306,cccc,cccc,cccc,seen,0,cccc->cccc,0.9393939393939394,0.9393939393939394,0.15714285714285714,0.06060606060606055,1,0,normal,0.9393939393939394
SKAB,5,normal,307,cccc,cccc,cccc,seen,0,cccc->cccc,0.9393939393939394,0.9393939393939394,0.15714285714285714,0.06060606060606055,1,0,normal,0.9393939393939394
SKAB,5,normal,308,cccc,cccc,cccc,seen,0,cccc->cccc,0.9393939393939394,0.9393939393939394,0.15714285714285714,0.06060606060606055,1,0,normal,0.9393939393939394
SKAB,5,normal,309,cccc,cccc,cccc,seen,0,cccc->cccc,0.9393939393939394,0.9393939393939394,0.15714285714285714,0.06060606060606055,1,0,normal,0.9393939393939394
SKAB,5,normal,310,cccc,cccc,cccc,seen,0,cccc->cccc,0.9393939393939394,0.9393939393939394,0.15714285714285714,0.06060606060606055,1,0,normal,0.9393939393939394
SKAB,5,normal,311,cccc,cccc,cccc,seen,0,cccc->cccc,0.9393939393939394,0.9393939393939394,0.15714285714285714,0.06060606060606055,1,0,normal,0.9393939393939394
SKAB,5,normal,312,cccc,cccc,cccc,seen,0,cccc->cccc,0.9393939393939394,0.9393939393939394,0.15714285714285714,0.06060606060606055,1,0,normal,0.9393939393939394
SKAB,5,normal,313,cccc,cccc,cccc,seen,0,cccc->cccc,0.9393939393939394,0.9393939393939394,0.15714285714285714,0.06060606060606055,1,0,normal,0.9393939393939394
SKAB,5,normal,314,cccc,cccc,cccc,seen,0,cccc->cccc,0.9393939393939394,0.9393939393939394,0.15714285714285714,0.06060606060606055,1,0,normal,0.9393939393939394
SKAB,5,normal,315,cccc,cccc,cccc,seen,0,cccc->cccc,0.9393939393939394,0.9393939393939394,0.15714285714285714,0.06060606060606055,1,0,normal,0.9393939393939394
SKAB,5,normal,316,cccc,cccc,cccc,seen,0,cccc->cccc,0.9393939393939394,0.9393939393939394,0.15714285714285714,0.06060606060606055,1,0,normal,0.9393939393939394
SKAB,5,normal,317,cccc,cccc,cccc,seen,0,cccc->cccc,0.9393939393939394,0.9393939393939394,0.15714285714285714,0.06060606060606055,1,0,normal,0.9393939393939394
SKAB,5,normal,318,cccc,cccc,cccc,seen,0,cccc->cccc,0.9393939393939394,0.9393939393939394,0.15714285714285714,0.06060606060606055,1,0,normal,0.9393939393939394
SKAB,5,normal,319,cccc,cccc,cccc,seen,0,cccc->cccc,0.9393939393939394,0.9393939393939394,0.15714285714285714,0.06060606060606055,1,0,normal,0.9393939393939394
SKAB,5,normal,320,cccc,cccc,cccc,seen,0,cccc->cccc,0.9393939393939394,0.9393939393939394,0.15714285714285714,0.06060606060606055,1,0,normal,0.9393939393939394
SKAB,5,normal,321,cccc,cccc,cccc,seen,0,cccc->cccc,0.9393939393939394,0.9393939393939394,0.15714285714285714,0.06060606060606055,1,0,normal,0.9393939393939394
SKAB,5,normal,322,cccc,cccc,cccc,seen,0,cccc->cccc,0.9393939393939394,0.9393939393939394,0.15714285714285714,0.06060606060606055,1,0,normal,0.9393939393939394
SKAB,5,normal,323,cccc,cccc,cccc,seen,0,cccc->cccc,0.9393939393939394,0.9393939393939394,0.15714285714285714,0.06060606060606055,0,0,normal,0.9393939393939394
SKAB,5,normal,324,cccc,cccc,cccc,seen,0,cccc->cccc,0.9393939393939394,0.9393939393939394,0.15714285714285714,0.06060606060606055,0,0,normal,0.9393939393939394
SKAB,5,normal,325,cccc,cccc,cccc,seen,0,cccc->cccc,0.9393939393939394,0.9393939393939394,0.15714285714285714,0.06060606060606055,0,0,normal,0.9393939393939394
SKAB,5,normal,326,cccc,cccc,cccc,seen,0,cccc->cccc,0.9393939393939394,0.9393939393939394,0.15714285714285714,0.06060606060606055,0,0,normal,0.9393939393939394
SKAB,5,normal,327,cccc,cccc,cccc,seen,0,cccc->cccc,0.9393939393939394,0.9393939393939394,0.15714285714285714,0.06060606060606055,0,0,normal,0.9393939393939394
SKAB,5,normal,328,cccc,cccc,cccc,seen,0,cccc->cccc,0.9393939393939394,0.9393939393939394,0.15714285714285714,0.06060606060606055,0,0,normal,0.9393939393939394
SKAB,5,normal,329,cccc,cccc,cccc,seen,0,cccc->cccc,0.9393939393939394,0.9393939393939394,0.15714285714285714,0.06060606060606055,0,0,normal,0.9393939393939394
SKAB,5,normal,330,cccc,cccc,cccc,seen,0,cccc->cccc,0.9393939393939394,0.9393939393939394,0.15714285714285714,0.06060606060606055,0,0,normal,0.9393939393939394
SKAB,5,normal,331,cccc,cccc,cccc,seen,0,cccc->cccc,0.9393939393939394,0.9393939393939394,0.15714285714285714,0.06060606060606055,0,0,normal,0.9393939393939394
SKAB,5,normal,332,cccc,cccc,cccc,seen,0,cccc->cccc,0.9393939393939394,0.9393939393939394,0.15714285714285714,0.06060606060606055,0,0,normal,0.9393939393939394
SKAB,5,normal,333,cccc,cccc,cccc,seen,0,cccc->cccc,0.9393939393939394,0.9393939393939394,0.15714285714285714,0.06060606060606055,0,0,normal,0.9393939393939394
SKAB,5,normal,334,cccc,cccc,cccc,seen,0,cccc->cccc,0.9393939393939394,0.9393939393939394,0.15714285714285714,0.06060606060606055,0,0,normal,0.9393939393939394
SKAB,5,normal,335,cccc,cccc,cccc,seen,0,cccc->cccc,0.9393939393939394,0.9393939393939394,0.15714285714285714,0.06060606060606055,0,0,normal,0.9393939393939394
SKAB,5,normal,336,cccc,cccc,cccc,seen,0,cccc->cccc,0.9393939393939394,0.9393939393939394,0.15714285714285714,0.06060606060606055,0,0,normal,0.9393939393939394
SKAB,5,normal,337,cccc,cccb,cccb,seen,0,cccc->cccb,0.005050505050505051,0.005050505050505051,0.15714285714285714,0.9949494949494949,0,1,anomaly,0.005050505050505051
SKAB,5,normal,338,cccb,ccbb,ccbb,seen,0,cccb->ccbb,0.07894736842105263,0.07894736842105263,0.15714285714285714,0.9210526315789473,0,1,anomaly,0.07894736842105263
SKAB,5,normal,339,ccbb,cbba,abba,unseen,1,ccbb->abba,0.023809523809523808,0.023809523809523808,0.15714285714285714,0.9761904761904762,0,1,anomaly,0.023809523809523808
SKAB,5,normal,340,abba,bbaa,bbaa,unseen,1,abba->bbaa,0.24561403508771928,0.24561403508771928,0.15714285714285714,0.7543859649122807,0,0,normal,0.24561403508771928
SKAB,5,normal,341,bbaa,baaa,baaa,seen,0,bbaa->baaa,0.3181818181818182,0.3181818181818182,0.15714285714285714,0.6818181818181819,0,0,normal,0.3181818181818182
SKAB,5,normal,342,baaa,aaab,aaab,seen,0,baaa->aaab,0.15714285714285714,0.15714285714285714,0.15714285714285714,0.8428571428571429,0,0,normal,0.15714285714285714
SKAB,5,normal,343,aaab,aabb,aabb,seen,0,aaab->aabb,0.29577464788732394,0.29577464788732394,0.15714285714285714,0.704225352112676,0,0,normal,0.29577464788732394
SKAB,5,normal,344,aabb,abbb,abbb,seen,0,aabb->abbb,0.29850746268656714,0.29850746268656714,0.15714285714285714,0.7014925373134329,0,0,normal,0.29850746268656714
SKAB,5,normal,345,abbb,bbbb,bbbb,seen,0,abbb->bbbb,0.42857142857142855,0.42857142857142855,0.15714285714285714,0.5714285714285714,0,0,normal,0.42857142857142855
SKAB,5,normal,346,bbbb,bbbb,bbbb,seen,0,bbbb->bbbb,0.7956403269754768,0.7956403269754768,0.15714285714285714,0.20435967302452318,0,0,normal,0.7956403269754768
SKAB,5,normal,347,bbbb,bbba,bbba,seen,0,bbbb->bbba,0.09536784741144415,0.09536784741144415,0.15714285714285714,0.9046321525885559,0,1,anomaly,0.09536784741144415
SKAB,5,normal,348,bbba,bbab,bbab,seen,0,bbba->bbab,0.3333333333333333,0.3333333333333333,0.15714285714285714,0.6666666666666667,0,0,normal,0.3333333333333333
SKAB,5,normal,349,bbab,babb,babb,seen,0,bbab->babb,0.3235294117647059,0.3235294117647059,0.15714285714285714,0.6764705882352942,0,0,normal,0.3235294117647059
SKAB,5,normal,350,babb,abba,abba,seen,0,babb->abba,0.14705882352941177,0.14705882352941177,0.15714285714285714,0.8529411764705882,0,1,anomaly,0.14705882352941177
SKAB,5,normal,351,abba,bbab,bbab,seen,0,abba->bbab,0.17543859649122806,0.17543859649122806,0.15714285714285714,0.8245614035087719,0,0,normal,0.17543859649122806
SKAB,5,normal,352,bbab,babb,babb,seen,0,bbab->babb,0.3235294117647059,0.3235294117647059,0.15714285714285714,0.6764705882352942,0,0,normal,0.3235294117647059
SKAB,5,normal,353,babb,abbb,abbb,seen,0,babb->abbb,0.35294117647058826,0.35294117647058826,0.15714285714285714,0.6470588235294117,0,0,normal,0.35294117647058826
SKAB,5,normal,354,abbb,bbbb,bbbb,seen,0,abbb->bbbb,0.42857142857142855,0.42857142857142855,0.15714285714285714,0.5714285714285714,0,0,normal,0.42857142857142855
SKAB,5,normal,355,bbbb,bbbb,bbbb,seen,0,bbbb->bbbb,0.7956403269754768,0.7956403269754768,0.15714285714285714,0.20435967302452318,0,0,normal,0.7956403269754768
SKAB,5,normal,356,bbbb,bbba,bbba,seen,0,bbbb->bbba,0.09536784741144415,0.09536784741144415,0.15714285714285714,0.9046321525885559,0,1,anomaly,0.09536784741144415
SKAB,5,normal,357,bbba,bbaa,bbaa,seen,0,bbba->bbaa,0.24358974358974358,0.24358974358974358,0.15714285714285714,0.7564102564102564,0,0,normal,0.24358974358974358
SKAB,5,normal,358,bbaa,baab,baab,seen,0,bbaa->baab,0.18181818181818182,0.18181818181818182,0.15714285714285714,0.8181818181818181,0,0,normal,0.18181818181818182
SKAB,5,normal,359,baab,aaba,aaba,seen,0,baab->aaba,0.11538461538461539,0.11538461538461539,0.15714285714285714,0.8846153846153846,0,1,anomaly,0.11538461538461539
SKAB,5,normal,360,aaba,abaa,abaa,seen,0,aaba->abaa,0.23214285714285715,0.23214285714285715,0.15714285714285714,0.7678571428571428,0,0,normal,0.23214285714285715
SKAB,5,normal,361,abaa,baab,baab,seen,0,abaa->baab,0.125,0.125,0.15714285714285714,0.875,0,1,anomaly,0.125
SKAB,5,normal,362,baab,aaba,aaba,seen,0,baab->aaba,0.11538461538461539,0.11538461538461539,0.15714285714285714,0.8846153846153846,0,1,anomaly,0.11538461538461539
SKAB,5,normal,363,aaba,abaa,abaa,seen,0,aaba->abaa,0.23214285714285715,0.23214285714285715,0.15714285714285714,0.7678571428571428,0,0,normal,0.23214285714285715
SKAB,5,normal,364,abaa,baaa,baaa,seen,0,abaa->baaa,0.2857142857142857,0.2857142857142857,0.15714285714285714,0.7142857142857143,0,0,normal,0.2857142857142857
SKAB,5,normal,365,baaa,aaaa,aaaa,seen,0,baaa->aaaa,0.37142857142857144,0.37142857142857144,0.15714285714285714,0.6285714285714286,0,0,normal,0.37142857142857144
SKAB,5,normal,366,aaaa,aaaa,aaaa,seen,0,aaaa->aaaa,0.8642533936651584,0.8642533936651584,0.15714285714285714,0.1357466063348416,0,0,normal,0.8642533936651584
SKAB,5,normal,367,aaaa,aaaa,aaaa,seen,0,aaaa->aaaa,0.8642533936651584,0.8642533936651584,0.15714285714285714,0.1357466063348416,0,0,normal,0.8642533936651584
SKAB,5,normal,368,aaaa,aaaa,aaaa,seen,0,aaaa->aaaa,0.8642533936651584,0.8642533936651584,0.15714285714285714,0.1357466063348416,0,0,normal,0.8642533936651584
SKAB,5,normal,369,aaaa,aaaa,aaaa,seen,0,aaaa->aaaa,0.8642533936651584,0.8642533936651584,0.15714285714285714,0.1357466063348416,0,0,normal,0.8642533936651584
SKAB,5,normal,370,aaaa,aaaa,aaaa,seen,0,aaaa->aaaa,0.8642533936651584,0.8642533936651584,0.15714285714285714,0.1357466063348416,0,0,normal,0.8642533936651584
SKAB,5,normal,371,aaaa,aaaa,aaaa,seen,0,aaaa->aaaa,0.8642533936651584,0.8642533936651584,0.15714285714285714,0.1357466063348416,0,0,normal,0.8642533936651584
SKAB,5,normal,372,aaaa,aaaa,aaaa,seen,0,aaaa->aaaa,0.8642533936651584,0.8642533936651584,0.15714285714285714,0.1357466063348416,0,0,normal,0.8642533936651584
SKAB,5,normal,373,aaaa,aaaa,aaaa,seen,0,aaaa->aaaa,0.8642533936651584,0.8642533936651584,0.15714285714285714,0.1357466063348416,0,0,normal,0.8642533936651584
SKAB,5,normal,374,aaaa,aaaa,aaaa,seen,0,aaaa->aaaa,0.8642533936651584,0.8642533936651584,0.15714285714285714,0.1357466063348416,0,0,normal,0.8642533936651584
SKAB,5,normal,375,aaaa,aaaa,aaaa,seen,0,aaaa->aaaa,0.8642533936651584,0.8642533936651584,0.15714285714285714,0.1357466063348416,0,0,normal,0.8642533936651584
SKAB,5,normal,376,aaaa,aaaa,aaaa,seen,0,aaaa->aaaa,0.8642533936651584,0.8642533936651584,0.15714285714285714,0.1357466063348416,0,0,normal,0.8642533936651584
SKAB,5,normal,377,aaaa,aaaa,aaaa,seen,0,aaaa->aaaa,0.8642533936651584,0.8642533936651584,0.15714285714285714,0.1357466063348416,0,0,normal,0.8642533936651584
SKAB,5,normal,378,aaaa,aaaa,aaaa,seen,0,aaaa->aaaa,0.8642533936651584,0.8642533936651584,0.15714285714285714,0.1357466063348416,0,0,normal,0.8642533936651584
SKAB,5,normal,379,aaaa,aaaa,aaaa,seen,0,aaaa->aaaa,0.8642533936651584,0.8642533936651584,0.15714285714285714,0.1357466063348416,0,0,normal,0.8642533936651584
SKAB,5,normal,380,aaaa,aaaa,aaaa,seen,0,aaaa->aaaa,0.8642533936651584,0.8642533936651584,0.15714285714285714,0.1357466063348416,0,0,normal,0.8642533936651584
SKAB,5,normal,381,aaaa,aaaa,aaaa,seen,0,aaaa->aaaa,0.8642533936651584,0.8642533936651584,0.15714285714285714,0.1357466063348416,0,0,normal,0.8642533936651584
SKAB,5,normal,382,aaaa,aaaa,aaaa,seen,0,aaaa->aaaa,0.8642533936651584,0.8642533936651584,0.15714285714285714,0.1357466063348416,0,0,normal,0.8642533936651584
SKAB,5,normal,383,aaaa,aaaa,aaaa,seen,0,aaaa->aaaa,0.8642533936651584,0.8642533936651584,0.15714285714285714,0.1357466063348416,0,0,normal,0.8642533936651584
SKAB,5,normal,384,aaaa,aaab,aaab,seen,0,aaaa->aaab,0.06108597285067873,0.06108597285067873,0.15714285714285714,0.9389140271493213,0,1,anomaly,0.06108597285067873
SKAB,5,normal,385,aaab,aabb,aabb,seen,0,aaab->aabb,0.29577464788732394,0.29577464788732394,0.15714285714285714,0.704225352112676,0,0,normal,0.29577464788732394
SKAB,5,normal,386,aabb,abbb,abbb,seen,0,aabb->abbb,0.29850746268656714,0.29850746268656714,0.15714285714285714,0.7014925373134329,0,0,normal,0.29850746268656714
SKAB,5,normal,387,abbb,bbba,bbba,seen,0,abbb->bbba,0.12987012987012986,0.12987012987012986,0.15714285714285714,0.8701298701298701,0,1,anomaly,0.12987012987012986
SKAB,5,normal,388,bbba,bbab,bbab,seen,0,bbba->bbab,0.3333333333333333,0.3333333333333333,0.15714285714285714,0.6666666666666667,0,0,normal,0.3333333333333333
SKAB,5,normal,389,bbab,babb,babb,seen,0,bbab->babb,0.3235294117647059,0.3235294117647059,0.15714285714285714,0.6764705882352942,0,0,normal,0.3235294117647059
SKAB,5,normal,390,babb,abbb,abbb,seen,0,babb->abbb,0.35294117647058826,0.35294117647058826,0.15714285714285714,0.6470588235294117,0,0,normal,0.35294117647058826
SKAB,5,normal,391,abbb,bbbb,bbbb,seen,0,abbb->bbbb,0.42857142857142855,0.42857142857142855,0.15714285714285714,0.5714285714285714,0,0,normal,0.42857142857142855
SKAB,5,normal,392,bbbb,bbbb,bbbb,seen,0,bbbb->bbbb,0.7956403269754768,0.7956403269754768,0.15714285714285714,0.20435967302452318,0,0,normal,0.7956403269754768
SKAB,5,normal,393,bbbb,bbbb,bbbb,seen,0,bbbb->bbbb,0.7956403269754768,0.7956403269754768,0.15714285714285714,0.20435967302452318,0,0,normal,0.7956403269754768
SKAB,5,normal,394,bbbb,bbbb,bbbb,seen,0,bbbb->bbbb,0.7956403269754768,0.7956403269754768,0.15714285714285714,0.20435967302452318,1,0,normal,0.7956403269754768
SKAB,5,normal,395,bbbb,bbbb,bbbb,seen,0,bbbb->bbbb,0.7956403269754768,0.7956403269754768,0.15714285714285714,0.20435967302452318,1,0,normal,0.7956403269754768
SKAB,5,normal,396,bbbb,bbbb,bbbb,seen,0,bbbb->bbbb,0.7956403269754768,0.7956403269754768,0.15714285714285714,0.20435967302452318,1,0,normal,0.7956403269754768
SKAB,5,normal,397,bbbb,bbbb,bbbb,seen,0,bbbb->bbbb,0.7956403269754768,0.7956403269754768,0.15714285714285714,0.20435967302452318,1,0,normal,0.7956403269754768
SKAB,5,normal,398,bbbb,bbbb,bbbb,seen,0,bbbb->bbbb,0.7956403269754768,0.7956403269754768,0.15714285714285714,0.20435967302452318,1,0,normal,0.7956403269754768
SKAB,5,normal,399,bbbb,bbbb,bbbb,seen,0,bbbb->bbbb,0.7956403269754768,0.7956403269754768,0.15714285714285714,0.20435967302452318,1,0,normal,0.7956403269754768
SKAB,5,normal,400,bbbb,bbba,bbba,seen,0,bbbb->bbba,0.09536784741144415,0.09536784741144415,0.15714285714285714,0.9046321525885559,1,1,anomaly,0.09536784741144415
SKAB,5,normal,401,bbba,bbaa,bbaa,seen,0,bbba->bbaa,0.24358974358974358,0.24358974358974358,0.15714285714285714,0.7564102564102564,1,0,normal,0.24358974358974358
SKAB,5,normal,402,bbaa,baaa,baaa,seen,0,bbaa->baaa,0.3181818181818182,0.3181818181818182,0.15714285714285714,0.6818181818181819,1,0,normal,0.3181818181818182
SKAB,5,normal,403,baaa,aaaa,aaaa,seen,0,baaa->aaaa,0.37142857142857144,0.37142857142857144,0.15714285714285714,0.6285714285714286,1,0,normal,0.37142857142857144
SKAB,5,normal,404,aaaa,aaaa,aaaa,seen,0,aaaa->aaaa,0.8642533936651584,0.8642533936651584,0.15714285714285714,0.1357466063348416,1,0,normal,0.8642533936651584
SKAB,5,normal,405,aaaa,aaaa,aaaa,seen,0,aaaa->aaaa,0.8642533936651584,0.8642533936651584,0.15714285714285714,0.1357466063348416,1,0,normal,0.8642533936651584
SKAB,5,normal,406,aaaa,aaaa,aaaa,seen,0,aaaa->aaaa,0.8642533936651584,0.8642533936651584,0.15714285714285714,0.1357466063348416,1,0,normal,0.8642533936651584
SKAB,5,normal,407,aaaa,aaaa,aaaa,seen,0,aaaa->aaaa,0.8642533936651584,0.8642533936651584,0.15714285714285714,0.1357466063348416,1,0,normal,0.8642533936651584
SKAB,5,normal,408,aaaa,aaaa,aaaa,seen,0,aaaa->aaaa,0.8642533936651584,0.8642533936651584,0.15714285714285714,0.1357466063348416,1,0,normal,0.8642533936651584
SKAB,5,normal,409,aaaa,aaaa,aaaa,seen,0,aaaa->aaaa,0.8642533936651584,0.8642533936651584,0.15714285714285714,0.1357466063348416,1,0,normal,0.8642533936651584
SKAB,5,normal,410,aaaa,aaaa,aaaa,seen,0,aaaa->aaaa,0.8642533936651584,0.8642533936651584,0.15714285714285714,0.1357466063348416,1,0,normal,0.8642533936651584
SKAB,5,normal,411,aaaa,aaaa,aaaa,seen,0,aaaa->aaaa,0.8642533936651584,0.8642533936651584,0.15714285714285714,0.1357466063348416,1,0,normal,0.8642533936651584
SKAB,5,normal,412,aaaa,aaaa,aaaa,seen,0,aaaa->aaaa,0.8642533936651584,0.8642533936651584,0.15714285714285714,0.1357466063348416,1,0,normal,0.8642533936651584
SKAB,5,normal,413,aaaa,aaaa,aaaa,seen,0,aaaa->aaaa,0.8642533936651584,0.8642533936651584,0.15714285714285714,0.1357466063348416,1,0,normal,0.8642533936651584
SKAB,5,normal,414,aaaa,aaaa,aaaa,seen,0,aaaa->aaaa,0.8642533936651584,0.8642533936651584,0.15714285714285714,0.1357466063348416,1,0,normal,0.8642533936651584
SKAB,5,normal,415,aaaa,aaaa,aaaa,seen,0,aaaa->aaaa,0.8642533936651584,0.8642533936651584,0.15714285714285714,0.1357466063348416,1,0,normal,0.8642533936651584
SKAB,5,normal,416,aaaa,aaaa,aaaa,seen,0,aaaa->aaaa,0.8642533936651584,0.8642533936651584,0.15714285714285714,0.1357466063348416,1,0,normal,0.8642533936651584
SKAB,5,normal,417,aaaa,aaaa,aaaa,seen,0,aaaa->aaaa,0.8642533936651584,0.8642533936651584,0.15714285714285714,0.1357466063348416,1,0,normal,0.8642533936651584
SKAB,5,normal,418,aaaa,aaaa,aaaa,seen,0,aaaa->aaaa,0.8642533936651584,0.8642533936651584,0.15714285714285714,0.1357466063348416,1,0,normal,0.8642533936651584
SKAB,5,normal,419,aaaa,aaaa,aaaa,seen,0,aaaa->aaaa,0.8642533936651584,0.8642533936651584,0.15714285714285714,0.1357466063348416,1,0,normal,0.8642533936651584
SKAB,5,normal,420,aaaa,aaaa,aaaa,seen,0,aaaa->aaaa,0.8642533936651584,0.8642533936651584,0.15714285714285714,0.1357466063348416,1,0,normal,0.8642533936651584
SKAB,5,normal,421,aaaa,aaaa,aaaa,seen,0,aaaa->aaaa,0.8642533936651584,0.8642533936651584,0.15714285714285714,0.1357466063348416,1,0,normal,0.8642533936651584
SKAB,5,normal,422,aaaa,aaaa,aaaa,seen,0,aaaa->aaaa,0.8642533936651584,0.8642533936651584,0.15714285714285714,0.1357466063348416,1,0,normal,0.8642533936651584
SKAB,5,normal,423,aaaa,aaaa,aaaa,seen,0,aaaa->aaaa,0.8642533936651584,0.8642533936651584,0.15714285714285714,0.1357466063348416,1,0,normal,0.8642533936651584
SKAB,5,normal,424,aaaa,aaaa,aaaa,seen,0,aaaa->aaaa,0.8642533936651584,0.8642533936651584,0.15714285714285714,0.1357466063348416,1,0,normal,0.8642533936651584
SKAB,5,normal,425,aaaa,aaaa,aaaa,seen,0,aaaa->aaaa,0.8642533936651584,0.8642533936651584,0.15714285714285714,0.1357466063348416,1,0,normal,0.8642533936651584
SKAB,5,normal,426,aaaa,aaab,aaab,seen,0,aaaa->aaab,0.06108597285067873,0.06108597285067873,0.15714285714285714,0.9389140271493213,1,1,anomaly,0.06108597285067873
SKAB,5,normal,427,aaab,aabb,aabb,seen,0,aaab->aabb,0.29577464788732394,0.29577464788732394,0.15714285714285714,0.704225352112676,1,0,normal,0.29577464788732394
SKAB,5,normal,428,aabb,abbb,abbb,seen,0,aabb->abbb,0.29850746268656714,0.29850746268656714,0.15714285714285714,0.7014925373134329,1,0,normal,0.29850746268656714
SKAB,5,normal,429,abbb,bbbb,bbbb,seen,0,abbb->bbbb,0.42857142857142855,0.42857142857142855,0.15714285714285714,0.5714285714285714,1,0,normal,0.42857142857142855
SKAB,5,normal,430,bbbb,bbbb,bbbb,seen,0,bbbb->bbbb,0.7956403269754768,0.7956403269754768,0.15714285714285714,0.20435967302452318,1,0,normal,0.7956403269754768
SKAB,5,normal,431,bbbb,bbbb,bbbb,seen,0,bbbb->bbbb,0.7956403269754768,0.7956403269754768,0.15714285714285714,0.20435967302452318,1,0,normal,0.7956403269754768
SKAB,5,normal,432,bbbb,bbbb,bbbb,seen,0,bbbb->bbbb,0.7956403269754768,0.7956403269754768,0.15714285714285714,0.20435967302452318,1,0,normal,0.7956403269754768
SKAB,5,normal,433,bbbb,bbbb,bbbb,seen,0,bbbb->bbbb,0.7956403269754768,0.7956403269754768,0.15714285714285714,0.20435967302452318,1,0,normal,0.7956403269754768
SKAB,5,normal,434,bbbb,bbbb,bbbb,seen,0,bbbb->bbbb,0.7956403269754768,0.7956403269754768,0.15714285714285714,0.20435967302452318,1,0,normal,0.7956403269754768
SKAB,5,normal,435,bbbb,bbbb,bbbb,seen,0,bbbb->bbbb,0.7956403269754768,0.7956403269754768,0.15714285714285714,0.20435967302452318,1,0,normal,0.7956403269754768
SKAB,5,normal,436,bbbb,bbbb,bbbb,seen,0,bbbb->bbbb,0.7956403269754768,0.7956403269754768,0.15714285714285714,0.20435967302452318,1,0,normal,0.7956403269754768
SKAB,5,normal,437,bbbb,bbbb,bbbb,seen,0,bbbb->bbbb,0.7956403269754768,0.7956403269754768,0.15714285714285714,0.20435967302452318,0,0,normal,0.7956403269754768
SKAB,5,normal,438,bbbb,bbbb,bbbb,seen,0,bbbb->bbbb,0.7956403269754768,0.7956403269754768,0.15714285714285714,0.20435967302452318,0,0,normal,0.7956403269754768
SKAB,5,normal,439,bbbb,bbbc,bbbc,seen,0,bbbb->bbbc,0.021798365122615803,0.021798365122615803,0.15714285714285714,0.9782016348773842,0,1,anomaly,0.021798365122615803
SKAB,5,normal,440,bbbc,bbcb,bbcb,seen,0,bbbc->bbcb,0.17777777777777778,0.17777777777777778,0.15714285714285714,0.8222222222222222,0,0,normal,0.17777777777777778
SKAB,5,normal,441,bbcb,bcbb,bcbb,seen,0,bbcb->bcbb,0.22916666666666666,0.22916666666666666,0.15714285714285714,0.7708333333333334,0,0,normal,0.22916666666666666
SKAB,5,normal,442,bcbb,cbbb,cbbb,seen,0,bcbb->cbbb,0.14893617021276595,0.14893617021276595,0.15714285714285714,0.851063829787234,0,1,anomaly,0.14893617021276595
SKAB,5,normal,443,cbbb,bbbb,bbbb,seen,0,cbbb->bbbb,0.21739130434782608,0.21739130434782608,0.15714285714285714,0.782608695652174,0,0,normal,0.21739130434782608
SKAB,5,normal,444,bbbb,bbbc,bbbc,seen,0,bbbb->bbbc,0.021798365122615803,0.021798365122615803,0.15714285714285714,0.9782016348773842,0,1,anomaly,0.021798365122615803
SKAB,5,normal,445,bbbc,bbcb,bbcb,seen,0,bbbc->bbcb,0.17777777777777778,0.17777777777777778,0.15714285714285714,0.8222222222222222,0,0,normal,0.17777777777777778
SKAB,5,normal,446,bbcb,bcbb,bcbb,seen,0,bbcb->bcbb,0.22916666666666666,0.22916666666666666,0.15714285714285714,0.7708333333333334,0,0,normal,0.22916666666666666
SKAB,5,normal,447,bcbb,cbbb,cbbb,seen,0,bcbb->cbbb,0.14893617021276595,0.14893617021276595,0.15714285714285714,0.851063829787234,0,1,anomaly,0.14893617021276595
SKAB,5,normal,448,cbbb,bbbb,bbbb,seen,0,cbbb->bbbb,0.21739130434782608,0.21739130434782608,0.15714285714285714,0.782608695652174,0,0,normal,0.21739130434782608
SKAB,5,normal,449,bbbb,bbbb,bbbb,seen,0,bbbb->bbbb,0.7956403269754768,0.7956403269754768,0.15714285714285714,0.20435967302452318,0,0,normal,0.7956403269754768
SKAB,5,normal,450,bbbb,bbbb,bbbb,seen,0,bbbb->bbbb,0.7956403269754768,0.7956403269754768,0.15714285714285714,0.20435967302452318,0,0,normal,0.7956403269754768
BATADAL_dataset04,-,normal,1,bbca,bcac,bcac,seen,0,bbca->bcac,0.02857142857142857,0.02857142857142857,0.03225806451612903,0.9714285714285714,0,1,anomaly,0.02857142857142857
BATADAL_dataset04,-,normal,2,bcac,caca,caca,seen,0,bcac->caca,0.08823529411764706,0.08823529411764706,0.03225806451612903,0.9117647058823529,0,0,normal,0.08823529411764706
BATADAL_dataset04,-,normal,3,caca,acaa,acaa,seen,0,caca->acaa,0.08450704225352113,0.08450704225352113,0.03225806451612903,0.9154929577464789,0,0,normal,0.08450704225352113
BATADAL_dataset04,-,normal,4,acaa,caac,caac,seen,0,acaa->caac,0.06153846153846154,0.06153846153846154,0.03225806451612903,0.9384615384615385,0,0,normal,0.06153846153846154
BATADAL_dataset04,-,normal,5,caac,aacb,aacb,seen,0,caac->aacb,0.1,0.1,0.03225806451612903,0.9,0,0,normal,0.1
BATADAL_dataset04,-,normal,6,aacb,acbc,acbc,seen,0,aacb->acbc,0.1044776119402985,0.1044776119402985,0.03225806451612903,0.8955223880597015,0,0,normal,0.1044776119402985
BATADAL_dataset04,-,normal,7,acbc,cbcc,cbcc,seen,0,acbc->cbcc,0.058823529411764705,0.058823529411764705,0.03225806451612903,0.9411764705882353,0,0,normal,0.058823529411764705
BATADAL_dataset04,-,normal,8,cbcc,bcca,bcca,seen,0,cbcc->bcca,0.0625,0.0625,0.03225806451612903,0.9375,0,0,normal,0.0625
BATADAL_dataset04,-,normal,9,bcca,ccab,ccab,seen,0,bcca->ccab,0.046153846153846156,0.046153846153846156,0.03225806451612903,0.9538461538461538,0,0,normal,0.046153846153846156
BATADAL_dataset04,-,normal,10,ccab,cabb,cabb,seen,0,ccab->cabb,0.047619047619047616,0.047619047619047616,0.03225806451612903,0.9523809523809523,0,0,normal,0.047619047619047616
BATADAL_dataset04,-,normal,11,cabb,abbc,abbc,seen,0,cabb->abbc,0.05714285714285714,0.05714285714285714,0.03225806451612903,0.9428571428571428,0,0,normal,0.05714285714285714
BATADAL_dataset04,-,normal,12,abbc,bbcb,bbcb,seen,0,abbc->bbcb,0.03076923076923077,0.03076923076923077,0.03225806451612903,0.9692307692307692,0,1,anomaly,0.03076923076923077
BATADAL_dataset04,-,normal,13,bbcb,bcbb,bcbb,seen,0,bbcb->bcbb,0.016129032258064516,0.016129032258064516,0.03225806451612903,0.9838709677419355,1,1,anomaly,0.016129032258064516
BATADAL_dataset04,-,normal,14,bcbb,cbba,cbba,seen,0,bcbb->cbba,0.015873015873015872,0.015873015873015872,0.03225806451612903,0.9841269841269842,1,1,anomaly,0.015873015873015872
BATADAL_dataset04,-,normal,15,cbba,bbaa,bbaa,seen,0,cbba->bbaa,0.03278688524590164,0.03278688524590164,0.03225806451612903,0.9672131147540983,1,0,normal,0.03278688524590164
BATADAL_dataset04,-,normal,16,bbaa,baac,baac,seen,0,bbaa->baac,0.03278688524590164,0.03278688524590164,0.03225806451612903,0.9672131147540983,1,0,normal,0.03278688524590164
BATADAL_dataset04,-,normal,17,baac,aacb,aacb,seen,0,baac->aacb,0.03225806451612903,0.03225806451612903,0.03225806451612903,0.967741935483871,1,0,normal,0.03225806451612903
BATADAL_dataset04,-,normal,18,aacb,acbb,acbb,seen,0,aacb->acbb,0.029850746268656716,0.029850746268656716,0.03225806451612903,0.9701492537313433,0,1,anomaly,0.029850746268656716
BATADAL_dataset04,-,normal,19,acbb,cbbb,cbbb,seen,0,acbb->cbbb,0.03225806451612903,0.03225806451612903,0.03225806451612903,0.967741935483871,0,0,normal,0.03225806451612903
BATADAL_dataset04,-,normal,20,cbbb,bbba,bbba,seen,0,cbbb->bbba,0.0625,0.0625,0.03225806451612903,0.9375,0,0,normal,0.0625
BATADAL_dataset04,-,normal,21,bbba,bbab,abab,unseen,1,bbba->abab,0.015625,0.015625,0.03225806451612903,0.984375,0,1,anomaly,0.015625
BATADAL_dataset04,-,normal,22,abab,babc,aabc,unseen,1,abab->aabc,0.01639344262295082,0.01639344262295082,0.03225806451612903,0.9836065573770492,0,1,anomaly,0.01639344262295082
BATADAL_dataset04,-,normal,23,aabc,abcc,abcc,unseen,1,aabc->abcc,0.015625,0.015625,0.03225806451612903,0.984375,0,1,anomaly,0.015625
BATADAL_dataset04,-,normal,24,abcc,bcca,bcca,seen,0,abcc->bcca,0.04838709677419355,0.04838709677419355,0.03225806451612903,0.9516129032258065,0,0,normal,0.04838709677419355
BATADAL_dataset04,-,normal,25,bcca,ccab,ccab,seen,0,bcca->ccab,0.046153846153846156,0.046153846153846156,0.03225806451612903,0.9538461538461538,0,0,normal,0.046153846153846156
BATADAL_dataset04,-,normal,26,ccab,cabb,cabb,seen,0,ccab->cabb,0.047619047619047616,0.047619047619047616,0.03225806451612903,0.9523809523809523,0,0,normal,0.047619047619047616
BATADAL_dataset04,-,normal,27,cabb,abba,abba,seen,0,cabb->abba,0.04285714285714286,0.04285714285714286,0.03225806451612903,0.9571428571428572,0,0,normal,0.04285714285714286
BATADAL_dataset04,-,normal,28,abba,bbab,abab,unseen,1,abba->abab,0.016129032258064516,0.016129032258064516,0.03225806451612903,0.9838709677419355,0,1,anomaly,0.016129032258064516
BATADAL_dataset04,-,normal,29,abab,babb,babb,unseen,1,abab->babb,0.03278688524590164,0.03278688524590164,0.03225806451612903,0.9672131147540983,0,0,normal,0.03278688524590164
BATADAL_dataset04,-,normal,30,babb,abbc,abbc,seen,0,babb->abbc,0.047619047619047616,0.047619047619047616,0.03225806451612903,0.9523809523809523,0,0,normal,0.047619047619047616
BATADAL_dataset04,-,normal,31,abbc,bbca,bbca,seen,0,abbc->bbca,0.07692307692307693,0.07692307692307693,0.03225806451612903,0.9230769230769231,0,0,normal,0.07692307692307693
BATADAL_dataset04,-,normal,32,bbca,bcaa,bcaa,seen,0,bbca->bcaa,0.05714285714285714,0.05714285714285714,0.03225806451612903,0.9428571428571428,0,0,normal,0.05714285714285714
BATADAL_dataset04,-,normal,33,bcaa,caac,caac,seen,0,bcaa->caac,0.09230769230769231,0.09230769230769231,0.03225806451612903,0.9076923076923077,0,0,normal,0.09230769230769231
BATADAL_dataset04,-,normal,34,caac,aacb,aacb,seen,0,caac->aacb,0.1,0.1,0.03225806451612903,0.9,0,0,normal,0.1
BATADAL_dataset04,-,normal,35,aacb,acbc,acbc,seen,0,aacb->acbc,0.1044776119402985,0.1044776119402985,0.03225806451612903,0.8955223880597015,0,0,normal,0.1044776119402985
BATADAL_dataset04,-,normal,36,acbc,cbcb,cbcb,seen,0,acbc->cbcb,0.029411764705882353,0.029411764705882353,0.03225806451612903,0.9705882352941176,1,1,anomaly,0.029411764705882353
BATADAL_dataset04,-,normal,37,cbcb,bcba,bcba,seen,0,cbcb->bcba,0.01639344262295082,0.01639344262295082,0.03225806451612903,0.9836065573770492,1,1,anomaly,0.01639344262295082
BATADAL_dataset04,-,normal,38,bcba,cbaa,abaa,unseen,1,bcba->abaa,0.01639344262295082,0.01639344262295082,0.03225806451612903,0.9836065573770492,1,1,anomaly,0.01639344262295082
BATADAL_dataset04,-,normal,39,abaa,baab,baac,unseen,1,abaa->baac,0.03278688524590164,0.03278688524590164,0.03225806451612903,0.9672131147540983,1,0,normal,0.03278688524590164
BATADAL_dataset04,-,normal,40,baac,aabb,aabc,unseen,1,baac->aabc,0.016129032258064516,0.016129032258064516,0.03225806451612903,0.9838709677419355,1,1,anomaly,0.016129032258064516
BATADAL_dataset04,-,normal,41,aabc,abba,abba,unseen,1,aabc->abba,0.015625,0.015625,0.03225806451612903,0.984375,1,1,anomaly,0.015625
BATADAL_dataset04,-,normal,42,abba,bbac,bbac,seen,0,abba->bbac,0.04838709677419355,0.04838709677419355,0.03225806451612903,0.9516129032258065,1,0,normal,0.04838709677419355
BATADAL_dataset04,-,normal,43,bbac,baca,baca,seen,0,bbac->baca,0.06060606060606061,0.06060606060606061,0.03225806451612903,0.9393939393939394,1,0,normal,0.06060606060606061
BATADAL_dataset04,-,normal,44,baca,acaa,acaa,seen,0,baca->acaa,0.015625,0.015625,0.03225806451612903,0.984375,1,1,anomaly,0.015625
BATADAL_dataset04,-,normal,45,acaa,caab,caab,seen,0,acaa->caab,0.046153846153846156,0.046153846153846156,0.03225806451612903,0.9538461538461538,1,0,normal,0.046153846153846156
BATADAL_dataset04,-,normal,46,caab,aaba,aabc,unseen,1,caab->aabc,0.06349206349206349,0.06349206349206349,0.03225806451612903,0.9365079365079365,1,0,normal,0.06349206349206349
BATADAL_dataset04,-,normal,47,aabc,abac,abac,unseen,1,aabc->abac,0.015625,0.015625,0.03225806451612903,0.984375,0,1,anomaly,0.015625
BATADAL_dataset04,-,normal,48,abac,baca,baca,seen,0,abac->baca,0.03278688524590164,0.03278688524590164,0.03225806451612903,0.9672131147540983,0,0,normal,0.03278688524590164
BATADAL_dataset04,-,normal,49,baca,acac,acac,seen,0,baca->acac,0.03125,0.03125,0.03225806451612903,0.96875,0,1,anomaly,0.03125
BATADAL_dataset04,-,normal,50,acac,caca,caca,seen,0,acac->caca,0.09090909090909091,0.09090909090909091,0.03225806451612903,0.9090909090909091,0,0,normal,0.09090909090909091
BATADAL_dataset04,-,normal,51,caca,acaa,acaa,seen,0,caca->acaa,0.08450704225352113,0.08450704225352113,0.03225806451612903,0.9154929577464789,0,0,normal,0.08450704225352113
BATADAL_dataset04,-,normal,52,acaa,caac,caac,seen,0,acaa->caac,0.06153846153846154,0.06153846153846154,0.03225806451612903,0.9384615384615385,0,0,normal,0.06153846153846154
BATADAL_dataset04,-,normal,53,caac,aacc,aabc,unseen,1,caac->aabc,0.014285714285714285,0.014285714285714285,0.03225806451612903,0.9857142857142858,0,1,anomaly,0.014285714285714285
BATADAL_dataset04,-,normal,54,aabc,accb,accb,unseen,1,aabc->accb,0.015625,0.015625,0.03225806451612903,0.984375,0,1,anomaly,0.015625
BATADAL_dataset04,-,normal,55,accb,ccba,acba,unseen,1,accb->acba,0.01639344262295082,0.01639344262295082,0.03225806451612903,0.9836065573770492,0,1,anomaly,0.01639344262295082
BATADAL_dataset04,-,normal,56,acba,cbaa,abaa,unseen,1,acba->abaa,0.01639344262295082,0.01639344262295082,0.03225806451612903,0.9836065573770492,0,1,anomaly,0.01639344262295082
BATADAL_dataset04,-,normal,57,abaa,baab,baac,unseen,1,abaa->baac,0.03278688524590164,0.03278688524590164,0.03225806451612903,0.9672131147540983,0,0,normal,0.03278688524590164
BATADAL_dataset04,-,normal,58,baac,aabc,aabc,unseen,1,baac->aabc,0.016129032258064516,0.016129032258064516,0.03225806451612903,0.9838709677419355,0,1,anomaly,0.016129032258064516
BATADAL_dataset04,-,normal,59,aabc,abcc,abcc,seen,0,aabc->abcc,0.015625,0.015625,0.03225806451612903,0.984375,0,1,anomaly,0.015625
BATADAL_dataset04,-,normal,60,abcc,bcca,bcca,seen,0,abcc->bcca,0.04838709677419355,0.04838709677419355,0.03225806451612903,0.9516129032258065,0,0,normal,0.04838709677419355
BATADAL_dataset04,-,normal,61,bcca,ccab,ccab,seen,0,bcca->ccab,0.046153846153846156,0.046153846153846156,0.03225806451612903,0.9538461538461538,0,0,normal,0.046153846153846156
BATADAL_dataset04,-,normal,62,ccab,cabc,cabc,seen,0,ccab->cabc,0.015873015873015872,0.015873015873015872,0.03225806451612903,0.9841269841269842,0,1,anomaly,0.015873015873015872
BATADAL_dataset04,-,normal,63,cabc,abca,abca,seen,0,cabc->abca,0.11267605633802817,0.11267605633802817,0.03225806451612903,0.8873239436619719,0,0,normal,0.11267605633802817
BATADAL_dataset04,-,normal,64,abca,bcac,bcac,seen,0,abca->bcac,0.1044776119402985,0.1044776119402985,0.03225806451612903,0.8955223880597015,0,0,normal,0.1044776119402985
BATADAL_dataset04,-,normal,65,bcac,caca,caca,seen,0,bcac->caca,0.08823529411764706,0.08823529411764706,0.03225806451612903,0.9117647058823529,0,0,normal,0.08823529411764706
BATADAL_dataset04,-,normal,66,caca,acac,acac,seen,0,caca->acac,0.014084507042253521,0.014084507042253521,0.03225806451612903,0.9859154929577465,0,1,anomaly,0.014084507042253521
BATADAL_dataset04,-,normal,67,acac,caca,caca,seen,0,acac->caca,0.09090909090909091,0.09090909090909091,0.03225806451612903,0.9090909090909091,0,0,normal,0.09090909090909091
BATADAL_dataset04,-,normal,68,caca,acab,acab,seen,0,caca->acab,0.09859154929577464,0.09859154929577464,0.03225806451612903,0.9014084507042254,0,0,normal,0.09859154929577464
BATADAL_dataset04,-,normal,69,acab,cabb,cabb,seen,0,acab->cabb,0.07246376811594203,0.07246376811594203,0.03225806451612903,0.927536231884058,0,0,normal,0.07246376811594203
BATADAL_dataset04,-,normal,70,cabb,abba,abba,seen,0,cabb->abba,0.04285714285714286,0.04285714285714286,0.03225806451612903,0.9571428571428572,0,0,normal,0.04285714285714286
BATADAL_dataset04,-,normal,71,abba,bbac,bbac,seen,0,abba->bbac,0.04838709677419355,0.04838709677419355,0.03225806451612903,0.9516129032258065,0,0,normal,0.04838709677419355
BATADAL_dataset04,-,normal,72,bbac,bacb,bacb,seen,0,bbac->bacb,0.030303030303030304,0.030303030303030304,0.03225806451612903,0.9696969696969697,0,1,anomaly,0.030303030303030304
BATADAL_dataset04,-,normal,73,bacb,acbb,acbb,seen,0,bacb->acbb,0.03278688524590164,0.03278688524590164,0.03225806451612903,0.9672131147540983,0,0,normal,0.03278688524590164
BATADAL_dataset04,-,normal,74,acbb,cbba,cbba,seen,0,acbb->cbba,0.03225806451612903,0.03225806451612903,0.03225806451612903,0.967741935483871,0,0,normal,0.03225806451612903
BATADAL_dataset04,-,normal,75,cbba,bbaa,bbaa,seen,0,cbba->bbaa,0.03278688524590164,0.03278688524590164,0.03225806451612903,0.9672131147540983,0,0,normal,0.03278688524590164
BATADAL_dataset04,-,normal,76,bbaa,baac,baac,seen,0,bbaa->baac,0.03278688524590164,0.03278688524590164,0.03225806451612903,0.9672131147540983,0,0,normal,0.03278688524590164
BATADAL_dataset04,-,normal,77,baac,aacb,aacb,seen,0,baac->aacb,0.03225806451612903,0.03225806451612903,0.03225806451612903,0.967741935483871,0,0,normal,0.03225806451612903
BATADAL_dataset04,-,normal,78,aacb,acbc,acbc,seen,0,aacb->acbc,0.1044776119402985,0.1044776119402985,0.03225806451612903,0.8955223880597015,0,0,normal,0.1044776119402985
BATADAL_dataset04,-,normal,79,acbc,cbca,cbca,seen,0,acbc->cbca,0.07352941176470588,0.07352941176470588,0.03225806451612903,0.9264705882352942,0,0,normal,0.07352941176470588
